2026-04-24 02:36:56  INFO      core.mover  DRY   C:\Users\sippa\Desktop\photo_test\00003.MTS  =>  C:\Organized_Media_TEST\Videos\Unknown_Device\2019\08_August\00003.MTS
2026-04-24 02:36:56  INFO      core.mover  DRY   C:\Users\sippa\Desktop\photo_test\00073.MTS  =>  C:\Organized_Media_TEST\Videos\Unknown_Device\2018\09_September\00073.MTS
2026-04-24 02:36:57  INFO      core.mover  DRY   C:\Users\sippa\Desktop\photo_test\00074.MTS  =>  C:\Organized_Media_TEST\Videos\Unknown_Device\2018\09_September\00074.MTS
2026-04-24 02:36:57  INFO      core.mover  DRY   C:\Users\sippa\Desktop\photo_test\00081.MTS  =>  C:\Organized_Media_TEST\Videos\Unknown_Device\2018\09_September\00081.MTS
2026-04-24 02:36:57  INFO      core.device_resolver  Unresolved device: samsung|SM-N910C → using raw label 'samsung SM-N910C'
2026-04-24 02:36:57  INFO      core.mover  DRY   C:\Users\sippa\Desktop\photo_test\20151219_155545.jpg  =>  C:\Organized_Media_TEST\Photos\samsung SM-N910C\2015\12_December\20151219_155545.jpg
2026-04-24 02:36:57  INFO      core.device_resolver  Unresolved device: samsung|SM-N910C → using raw label 'samsung SM-N910C'
2026-04-24 02:36:57  INFO      core.mover  DRY   C:\Users\sippa\Desktop\photo_test\20160530_195932.jpg  =>  C:\Organized_Media_TEST\Photos\samsung SM-N910C\2016\05_May\20160530_195932.jpg
2026-04-24 02:36:57  INFO      core.mover  DRY   C:\Users\sippa\Desktop\photo_test\20180106_131509.jpg  =>  C:\Organized_Media_TEST\Photos\Samsung Galaxy Note 8\2018\01_January\20180106_131509.jpg
2026-04-24 02:36:57  INFO      core.mover  DRY   C:\Users\sippa\Desktop\photo_test\20180107_163817.jpg  =>  C:\Organized_Media_TEST\Photos\Samsung Galaxy Note 8\2018\01_January\20180107_163817.jpg
2026-04-24 02:36:57  INFO      core.mover  DRY   C:\Users\sippa\Desktop\photo_test\20180108_094914.jpg  =>  C:\Organized_Media_TEST\Photos\Samsung Galaxy Note 8\2018\01_January\20180108_094914.jpg
2026-04-24 02:36:57  INFO      core.mover  DRY   C:\Users\sippa\Desktop\photo_test\20180108_094916.jpg  =>  C:\Organized_Media_TEST\Photos\Samsung Galaxy Note 8\2018\01_January\20180108_094916.jpg
2026-04-24 02:36:57  INFO      core.mover  DRY   C:\Users\sippa\Desktop\photo_test\20180112_185251.jpg  =>  C:\Organized_Media_TEST\Photos\Samsung Galaxy Note 8\2018\01_January\20180112_185251.jpg
2026-04-24 02:36:57  INFO      core.mover  DRY   C:\Users\sippa\Desktop\photo_test\20180120_125333.jpg  =>  C:\Organized_Media_TEST\Photos\Samsung Galaxy Note 8\2018\01_January\20180120_125333.jpg
2026-04-24 02:36:57  INFO      core.mover  DRY   C:\Users\sippa\Desktop\photo_test\20180120_125336.jpg  =>  C:\Organized_Media_TEST\Photos\Samsung Galaxy Note 8\2018\01_January\20180120_125336.jpg
2026-04-24 02:36:57  INFO      core.mover  DRY   C:\Users\sippa\Desktop\photo_test\20200213_094515.mp4  =>  C:\Organized_Media_TEST\Videos\Unknown_Device\2020\02_February\20200213_094515.mp4
2026-04-24 02:36:57  INFO      core.mover  DRY   C:\Users\sippa\Desktop\photo_test\20200227_081540.mp4  =>  C:\Organized_Media_TEST\Videos\Unknown_Device\2020\02_February\20200227_081540.mp4
2026-04-24 02:36:58  INFO      core.mover  DRY   C:\Users\sippa\Desktop\photo_test\20200624_193426.mp4  =>  C:\Organized_Media_TEST\Videos\Unknown_Device\2020\06_June\20200624_193426.mp4
2026-04-24 02:36:58  INFO      core.mover  DRY   C:\Users\sippa\Desktop\photo_test\20230730_170149.jpg  =>  C:\Organized_Media_TEST\Photos\Samsung Galaxy Note 8\2023\07_July\20230730_170149.jpg
2026-04-24 02:36:58  INFO      core.mover  DRY   C:\Users\sippa\Desktop\photo_test\20230730_174024.jpg  =>  C:\Organized_Media_TEST\Photos\Samsung Galaxy Note 8\2023\07_July\20230730_174024.jpg
2026-04-24 02:36:58  INFO      core.mover  DRY   C:\Users\sippa\Desktop\photo_test\20230730_174030.jpg  =>  C:\Organized_Media_TEST\Photos\Samsung Galaxy Note 8\2023\07_July\20230730_174030.jpg
2026-04-24 02:36:58  INFO      core.mover  DRY   C:\Users\sippa\Desktop\photo_test\20230731_172322.mp4  =>  C:\Organized_Media_TEST\Videos\Unknown_Device\2023\07_July\20230731_172322.mp4
2026-04-24 02:36:58  INFO      core.device_resolver  Unresolved device: samsung|Galaxy S25 Ultra → using raw label 'samsung Galaxy S25 Ultra'
2026-04-24 02:36:58  INFO      core.mover  DRY   C:\Users\sippa\Desktop\photo_test\20260306_070840.jpg  =>  C:\Organized_Media_TEST\Photos\samsung Galaxy S25 Ultra\2026\03_March\20260306_070840.jpg
2026-04-24 02:36:58  INFO      core.device_resolver  Unresolved device: samsung|Galaxy S25 Ultra → using raw label 'samsung Galaxy S25 Ultra'
2026-04-24 02:36:58  INFO      core.mover  DRY   C:\Users\sippa\Desktop\photo_test\20260306_070844.jpg  =>  C:\Organized_Media_TEST\Photos\samsung Galaxy S25 Ultra\2026\03_March\20260306_070844.jpg
2026-04-24 02:36:58  INFO      core.device_resolver  Unresolved device: samsung|Galaxy S25 Ultra → using raw label 'samsung Galaxy S25 Ultra'
2026-04-24 02:36:58  INFO      core.mover  DRY   C:\Users\sippa\Desktop\photo_test\20260306_082037.jpg  =>  C:\Organized_Media_TEST\Photos\samsung Galaxy S25 Ultra\2026\03_March\20260306_082037.jpg
2026-04-24 02:36:58  INFO      core.device_resolver  Unresolved device: samsung|Galaxy S25 Ultra → using raw label 'samsung Galaxy S25 Ultra'
2026-04-24 02:36:58  INFO      core.mover  DRY   C:\Users\sippa\Desktop\photo_test\20260306_082039.jpg  =>  C:\Organized_Media_TEST\Photos\samsung Galaxy S25 Ultra\2026\03_March\20260306_082039.jpg
2026-04-24 02:36:58  INFO      core.device_resolver  Unresolved device: samsung|Galaxy S25 Ultra → using raw label 'samsung Galaxy S25 Ultra'
2026-04-24 02:36:58  INFO      core.mover  DRY   C:\Users\sippa\Desktop\photo_test\20260306_132126.jpg  =>  C:\Organized_Media_TEST\Photos\samsung Galaxy S25 Ultra\2026\03_March\20260306_132126.jpg
2026-04-24 02:36:58  INFO      core.device_resolver  Unresolved device: samsung|Galaxy S25 Ultra → using raw label 'samsung Galaxy S25 Ultra'
2026-04-24 02:36:58  INFO      core.mover  DRY   C:\Users\sippa\Desktop\photo_test\20260306_132128.jpg  =>  C:\Organized_Media_TEST\Photos\samsung Galaxy S25 Ultra\2026\03_March\20260306_132128.jpg
2026-04-24 02:36:58  INFO      core.mover  DRY   C:\Users\sippa\Desktop\photo_test\A7I07804.JPG  =>  C:\Organized_Media_TEST\Photos\Sony A7 II\2022\12_December\A7I07804.JPG
2026-04-24 02:36:58  INFO      core.mover  DRY   C:\Users\sippa\Desktop\photo_test\A7I07823.JPG  =>  C:\Organized_Media_TEST\Photos\Sony A7 II\2022\12_December\A7I07823.JPG
2026-04-24 02:36:58  INFO      core.mover  DRY   C:\Users\sippa\Desktop\photo_test\A7I07826.JPG  =>  C:\Organized_Media_TEST\Photos\Sony A7 II\2022\12_December\A7I07826.JPG
2026-04-24 02:36:58  INFO      core.mover  DRY   C:\Users\sippa\Desktop\photo_test\A7I07833.JPG  =>  C:\Organized_Media_TEST\Photos\Sony A7 II\2022\12_December\A7I07833.JPG
2026-04-24 02:36:58  INFO      core.mover  DRY   C:\Users\sippa\Desktop\photo_test\A7I07835.JPG  =>  C:\Organized_Media_TEST\Photos\Sony A7 II\2022\12_December\A7I07835.JPG
2026-04-24 02:36:58  INFO      core.mover  DRY   C:\Users\sippa\Desktop\photo_test\A7I07989.JPG  =>  C:\Organized_Media_TEST\Photos\Sony A7 II\2022\12_December\A7I07989.JPG
2026-04-24 02:36:58  INFO      core.mover  DRY   C:\Users\sippa\Desktop\photo_test\C0322.MP4  =>  C:\Organized_Media_TEST\Videos\Unknown_Device\2020\09_September\C0322.MP4
2026-04-24 02:36:58  INFO      core.mover  DRY   C:\Users\sippa\Desktop\photo_test\C0526.MP4  =>  C:\Organized_Media_TEST\Videos\Unknown_Device\2020\12_December\C0526.MP4
2026-04-24 02:36:58  INFO      core.mover  DRY   C:\Users\sippa\Desktop\photo_test\C1640.MP4  =>  C:\Organized_Media_TEST\Videos\Unknown_Device\2022\10_October\C1640.MP4
2026-04-24 02:36:58  INFO      core.mover  DRY   C:\Users\sippa\Desktop\photo_test\DJI_0890.JPG  =>  C:\Organized_Media_TEST\Photos\DJI Spark\2020\12_December\DJI_0890.JPG
2026-04-24 02:36:58  INFO      core.mover  DRY   C:\Users\sippa\Desktop\photo_test\DJI_0891.JPG  =>  C:\Organized_Media_TEST\Photos\DJI Spark\2020\12_December\DJI_0891.JPG
2026-04-24 02:36:58  INFO      core.mover  DRY   C:\Users\sippa\Desktop\photo_test\DJI_0892.JPG  =>  C:\Organized_Media_TEST\Photos\DJI Spark\2020\12_December\DJI_0892.JPG
2026-04-24 02:36:58  INFO      core.mover  DRY   C:\Users\sippa\Desktop\photo_test\DJI_0914.MP4  =>  C:\Organized_Media_TEST\Videos\Unknown_Device\2021\01_January\DJI_0914.MP4
2026-04-24 02:36:58  INFO      core.mover  DRY   C:\Users\sippa\Desktop\photo_test\DJI_0959.JPG  =>  C:\Organized_Media_TEST\Photos\DJI Spark\2023\01_January\DJI_0959.JPG
2026-04-24 02:36:59  INFO      core.mover  DRY   C:\Users\sippa\Desktop\photo_test\DJI_1292.MP4  =>  C:\Organized_Media_TEST\Videos\Unknown_Device\2026\04_April\DJI_1292.MP4
2026-04-24 02:36:59  INFO      core.mover  DRY   C:\Users\sippa\Desktop\photo_test\DJI_1295.JPG  =>  C:\Organized_Media_TEST\Photos\DJI Spark\2026\04_April\DJI_1295.JPG
2026-04-24 02:36:59  INFO      core.mover  DRY   C:\Users\sippa\Desktop\photo_test\DJI_1296.JPG  =>  C:\Organized_Media_TEST\Photos\DJI Spark\2026\04_April\DJI_1296.JPG
2026-04-24 02:36:59  INFO      core.mover  DRY   C:\Users\sippa\Desktop\photo_test\DSC02383.JPG  =>  C:\Organized_Media_TEST\Photos\Sony FDR-AX33\2023\04_April\DSC02383.JPG
2026-04-24 02:36:59  INFO      core.mover  DRY   C:\Users\sippa\Desktop\photo_test\DSC02403.JPG  =>  C:\Organized_Media_TEST\Photos\Sony FDR-AX33\2023\04_April\DSC02403.JPG
2026-04-24 02:36:59  INFO      core.mover  DRY   C:\Users\sippa\Desktop\photo_test\DSC02427.JPG  =>  C:\Organized_Media_TEST\Photos\Sony FDR-AX33\2023\04_April\DSC02427.JPG
2026-04-24 02:36:59  INFO      core.mover  DRY   C:\Users\sippa\Desktop\photo_test\DSC02447.JPG  =>  C:\Organized_Media_TEST\Photos\Sony FDR-AX33\2023\04_April\DSC02447.JPG
2026-04-24 02:36:59  INFO      core.mover  DRY   C:\Users\sippa\Desktop\photo_test\DSC02460.JPG  =>  C:\Organized_Media_TEST\Photos\Sony FDR-AX33\2023\04_April\DSC02460.JPG
2026-04-24 02:36:59  INFO      core.mover  DRY   C:\Users\sippa\Desktop\photo_test\DSC02462.JPG  =>  C:\Organized_Media_TEST\Photos\Sony FDR-AX33\2023\04_April\DSC02462.JPG
2026-04-24 02:36:59  INFO      core.device_resolver  Unresolved device: SONY|NEX-5N → using raw label 'SONY NEX-5N'
2026-04-24 02:36:59  INFO      core.mover  DRY   C:\Users\sippa\Desktop\photo_test\DSC02501.JPG  =>  C:\Organized_Media_TEST\Photos\SONY NEX-5N\2013\12_December\DSC02501.JPG
2026-04-24 02:36:59  INFO      core.device_resolver  Unresolved device: SONY|NEX-5N → using raw label 'SONY NEX-5N'
2026-04-24 02:36:59  INFO      core.mover  DRY   C:\Users\sippa\Desktop\photo_test\DSC02635.JPG  =>  C:\Organized_Media_TEST\Photos\SONY NEX-5N\2013\12_December\DSC02635.JPG
2026-04-24 02:36:59  INFO      core.device_resolver  Unresolved device: SONY|NEX-5N → using raw label 'SONY NEX-5N'
2026-04-24 02:36:59  INFO      core.mover  DRY   C:\Users\sippa\Desktop\photo_test\DSC02636.JPG  =>  C:\Organized_Media_TEST\Photos\SONY NEX-5N\2013\12_December\DSC02636.JPG
2026-04-24 02:36:59  INFO      core.device_resolver  Unresolved device: SONY|NEX-5N → using raw label 'SONY NEX-5N'
2026-04-24 02:36:59  INFO      core.mover  DRY   C:\Users\sippa\Desktop\photo_test\DSC02647.JPG  =>  C:\Organized_Media_TEST\Photos\SONY NEX-5N\2013\12_December\DSC02647.JPG
2026-04-24 02:36:59  INFO      core.device_resolver  Unresolved device: SONY|NEX-5N → using raw label 'SONY NEX-5N'
2026-04-24 02:36:59  INFO      core.mover  DRY   C:\Users\sippa\Desktop\photo_test\DSC02656.JPG  =>  C:\Organized_Media_TEST\Photos\SONY NEX-5N\2013\12_December\DSC02656.JPG
2026-04-24 02:36:59  INFO      core.device_resolver  Unresolved device: SONY|NEX-5N → using raw label 'SONY NEX-5N'
2026-04-24 02:36:59  INFO      core.mover  DRY   C:\Users\sippa\Desktop\photo_test\DSC02670.JPG  =>  C:\Organized_Media_TEST\Photos\SONY NEX-5N\2013\12_December\DSC02670.JPG
2026-04-24 02:36:59  INFO      core.device_resolver  Unresolved device: SONY|DSLR-A900 → using raw label 'SONY DSLR-A900'
2026-04-24 02:36:59  INFO      core.mover  DRY   C:\Users\sippa\Desktop\photo_test\DSC07884.JPG  =>  C:\Organized_Media_TEST\Photos\SONY DSLR-A900\2014\05_May\DSC07884.JPG
2026-04-24 02:36:59  INFO      core.device_resolver  Unresolved device: SONY|DSLR-A900 → using raw label 'SONY DSLR-A900'
2026-04-24 02:36:59  INFO      core.mover  DRY   C:\Users\sippa\Desktop\photo_test\DSC07885.JPG  =>  C:\Organized_Media_TEST\Photos\SONY DSLR-A900\2014\05_May\DSC07885.JPG
2026-04-24 02:36:59  INFO      core.device_resolver  Unresolved device: SONY|DSLR-A900 → using raw label 'SONY DSLR-A900'
2026-04-24 02:36:59  INFO      core.mover  DRY   C:\Users\sippa\Desktop\photo_test\DSC07887.JPG  =>  C:\Organized_Media_TEST\Photos\SONY DSLR-A900\2014\05_May\DSC07887.JPG
2026-04-24 02:36:59  INFO      core.mover  DRY   C:\Users\sippa\Desktop\photo_test\FB_IMG_1610886602794.jpg  =>  C:\Organized_Media_TEST\Photos\Unknown_Device\2021\01_January\FB_IMG_1610886602794.jpg
2026-04-24 02:36:59  INFO      core.mover  DRY   C:\Users\sippa\Desktop\photo_test\FB_IMG_1610978846038.jpg  =>  C:\Organized_Media_TEST\Photos\Unknown_Device\2021\01_January\FB_IMG_1610978846038.jpg
2026-04-24 02:36:59  INFO      core.mover  DRY   C:\Users\sippa\Desktop\photo_test\FB_IMG_1611486097513.jpg  =>  C:\Organized_Media_TEST\Photos\Unknown_Device\2021\01_January\FB_IMG_1611486097513.jpg
2026-04-24 02:36:59  INFO      core.mover  DRY   C:\Users\sippa\Desktop\photo_test\FB_IMG_1611898136859.jpg  =>  C:\Organized_Media_TEST\Photos\Unknown_Device\2021\01_January\FB_IMG_1611898136859.jpg
2026-04-24 02:36:59  INFO      core.mover  DRY   C:\Users\sippa\Desktop\photo_test\FB_IMG_1612071086257.jpg  =>  C:\Organized_Media_TEST\Photos\Unknown_Device\2021\01_January\FB_IMG_1612071086257.jpg
2026-04-24 02:36:59  INFO      core.mover  DRY   C:\Users\sippa\Desktop\photo_test\FB_IMG_1613374817091.jpg  =>  C:\Organized_Media_TEST\Photos\Unknown_Device\2021\02_February\FB_IMG_1613374817091.jpg
2026-04-24 02:36:59  INFO      core.mover  DRY   C:\Users\sippa\Desktop\photo_test\FB_IMG_1613999273542.jpg  =>  C:\Organized_Media_TEST\Photos\Unknown_Device\2021\02_February\FB_IMG_1613999273542.jpg
2026-04-24 02:36:59  INFO      core.mover  DRY   C:\Users\sippa\Desktop\photo_test\FB_IMG_1614128489222.jpg  =>  C:\Organized_Media_TEST\Photos\Unknown_Device\2021\02_February\FB_IMG_1614128489222.jpg
2026-04-24 02:36:59  INFO      core.mover  DRY   C:\Users\sippa\Desktop\photo_test\FB_IMG_1614495158485.jpg  =>  C:\Organized_Media_TEST\Photos\Unknown_Device\2021\02_February\FB_IMG_1614495158485.jpg
2026-04-24 02:36:59  INFO      core.mover  DRY   C:\Users\sippa\Desktop\photo_test\FB_IMG_1614771485590.jpg  =>  C:\Organized_Media_TEST\Photos\Unknown_Device\2021\03_March\FB_IMG_1614771485590.jpg
2026-04-24 02:36:59  INFO      core.mover  DRY   C:\Users\sippa\Desktop\photo_test\FB_IMG_1614776237701.jpg  =>  C:\Organized_Media_TEST\Photos\Unknown_Device\2021\03_March\FB_IMG_1614776237701.jpg
2026-04-24 02:36:59  INFO      core.mover  DRY   C:\Users\sippa\Desktop\photo_test\FB_IMG_1614865539175.jpg  =>  C:\Organized_Media_TEST\Photos\Unknown_Device\2021\03_March\FB_IMG_1614865539175.jpg
2026-04-24 02:36:59  INFO      core.mover  DRY   C:\Users\sippa\Desktop\photo_test\FB_IMG_1614915905520.jpg  =>  C:\Organized_Media_TEST\Photos\Unknown_Device\2021\03_March\FB_IMG_1614915905520.jpg
2026-04-24 02:36:59  INFO      core.mover  DRY   C:\Users\sippa\Desktop\photo_test\FB_IMG_1615025595566.jpg  =>  C:\Organized_Media_TEST\Photos\Unknown_Device\2021\03_March\FB_IMG_1615025595566.jpg
2026-04-24 02:36:59  INFO      core.mover  DRY   C:\Users\sippa\Desktop\photo_test\FB_IMG_1615514453996.jpg  =>  C:\Organized_Media_TEST\Photos\Unknown_Device\2021\03_March\FB_IMG_1615514453996.jpg
2026-04-24 02:36:59  INFO      core.mover  DRY   C:\Users\sippa\Desktop\photo_test\FB_IMG_1615530520541.jpg  =>  C:\Organized_Media_TEST\Photos\Unknown_Device\2021\03_March\FB_IMG_1615530520541.jpg
2026-04-24 02:36:59  INFO      core.mover  DRY   C:\Users\sippa\Desktop\photo_test\FB_IMG_1615530528077.jpg  =>  C:\Organized_Media_TEST\Photos\Unknown_Device\2021\03_March\FB_IMG_1615530528077.jpg
2026-04-24 02:36:59  INFO      core.mover  DRY   C:\Users\sippa\Desktop\photo_test\FB_IMG_1615768292470.jpg  =>  C:\Organized_Media_TEST\Photos\Unknown_Device\2021\03_March\FB_IMG_1615768292470.jpg
2026-04-24 02:36:59  INFO      core.mover  DRY   C:\Users\sippa\Desktop\photo_test\FB_IMG_1615768294845.jpg  =>  C:\Organized_Media_TEST\Photos\Unknown_Device\2021\03_March\FB_IMG_1615768294845.jpg
2026-04-24 02:36:59  INFO      core.mover  DRY   C:\Users\sippa\Desktop\photo_test\FB_IMG_1615768296975.jpg  =>  C:\Organized_Media_TEST\Photos\Unknown_Device\2021\03_March\FB_IMG_1615768296975.jpg
2026-04-24 02:36:59  INFO      core.mover  DRY   C:\Users\sippa\Desktop\photo_test\FB_IMG_1615768299212.jpg  =>  C:\Organized_Media_TEST\Photos\Unknown_Device\2021\03_March\FB_IMG_1615768299212.jpg
2026-04-24 02:36:59  INFO      core.mover  DRY   C:\Users\sippa\Desktop\photo_test\FB_IMG_1615768301847.jpg  =>  C:\Organized_Media_TEST\Photos\Unknown_Device\2021\03_March\FB_IMG_1615768301847.jpg
2026-04-24 02:36:59  INFO      core.mover  DRY   C:\Users\sippa\Desktop\photo_test\FB_IMG_1615768305498.jpg  =>  C:\Organized_Media_TEST\Photos\Unknown_Device\2021\03_March\FB_IMG_1615768305498.jpg
2026-04-24 02:36:59  INFO      core.mover  DRY   C:\Users\sippa\Desktop\photo_test\FB_IMG_1616400261556.jpg  =>  C:\Organized_Media_TEST\Photos\Unknown_Device\2021\03_March\FB_IMG_1616400261556.jpg
2026-04-24 02:36:59  INFO      core.mover  DRY   C:\Users\sippa\Desktop\photo_test\FB_IMG_1616588202981.jpg  =>  C:\Organized_Media_TEST\Photos\Unknown_Device\2021\03_March\FB_IMG_1616588202981.jpg
2026-04-24 02:36:59  INFO      core.mover  DRY   C:\Users\sippa\Desktop\photo_test\FB_IMG_1616918172165.jpg  =>  C:\Organized_Media_TEST\Photos\Unknown_Device\2021\03_March\FB_IMG_1616918172165.jpg
2026-04-24 02:36:59  INFO      core.mover  DRY   C:\Users\sippa\Desktop\photo_test\FB_IMG_1616918175756.jpg  =>  C:\Organized_Media_TEST\Photos\Unknown_Device\2021\03_March\FB_IMG_1616918175756.jpg
2026-04-24 02:36:59  INFO      core.mover  DRY   C:\Users\sippa\Desktop\photo_test\FB_IMG_1618041578519.jpg  =>  C:\Organized_Media_TEST\Photos\Unknown_Device\2021\04_April\FB_IMG_1618041578519.jpg
2026-04-24 02:36:59  INFO      core.mover  DRY   C:\Users\sippa\Desktop\photo_test\FB_IMG_1618456115721.jpg  =>  C:\Organized_Media_TEST\Photos\Unknown_Device\2021\04_April\FB_IMG_1618456115721.jpg
2026-04-24 02:36:59  INFO      core.mover  DRY   C:\Users\sippa\Desktop\photo_test\FB_IMG_1618625350020.jpg  =>  C:\Organized_Media_TEST\Photos\Unknown_Device\2021\04_April\FB_IMG_1618625350020.jpg
2026-04-24 02:36:59  INFO      core.mover  DRY   C:\Users\sippa\Desktop\photo_test\FB_IMG_1618625355355.jpg  =>  C:\Organized_Media_TEST\Photos\Unknown_Device\2021\04_April\FB_IMG_1618625355355.jpg
2026-04-24 02:36:59  INFO      core.mover  DRY   C:\Users\sippa\Desktop\photo_test\FB_IMG_1618842604396.jpg  =>  C:\Organized_Media_TEST\Photos\Unknown_Device\2021\04_April\FB_IMG_1618842604396.jpg
2026-04-24 02:36:59  INFO      core.mover  DRY   C:\Users\sippa\Desktop\photo_test\FB_IMG_1618899721741.jpg  =>  C:\Organized_Media_TEST\Photos\Unknown_Device\2021\04_April\FB_IMG_1618899721741.jpg
2026-04-24 02:36:59  INFO      core.mover  DRY   C:\Users\sippa\Desktop\photo_test\FB_IMG_1619160306874.jpg  =>  C:\Organized_Media_TEST\Photos\Unknown_Device\2021\04_April\FB_IMG_1619160306874.jpg
2026-04-24 02:36:59  INFO      core.mover  DRY   C:\Users\sippa\Desktop\photo_test\FB_IMG_1619160312469.jpg  =>  C:\Organized_Media_TEST\Photos\Unknown_Device\2021\04_April\FB_IMG_1619160312469.jpg
2026-04-24 02:36:59  INFO      core.mover  DRY   C:\Users\sippa\Desktop\photo_test\FB_IMG_1619244251396.jpg  =>  C:\Organized_Media_TEST\Photos\Unknown_Device\2021\04_April\FB_IMG_1619244251396.jpg
2026-04-24 02:36:59  INFO      core.mover  DRY   C:\Users\sippa\Desktop\photo_test\FB_IMG_1619361153010.jpg  =>  C:\Organized_Media_TEST\Photos\Unknown_Device\2021\04_April\FB_IMG_1619361153010.jpg
2026-04-24 02:36:59  INFO      core.mover  DRY   C:\Users\sippa\Desktop\photo_test\FB_IMG_1619776600282.jpg  =>  C:\Organized_Media_TEST\Photos\Unknown_Device\2021\04_April\FB_IMG_1619776600282.jpg
2026-04-24 02:36:59  INFO      core.mover  DRY   C:\Users\sippa\Desktop\photo_test\FB_IMG_1619930641041.jpg  =>  C:\Organized_Media_TEST\Photos\Unknown_Device\2021\05_May\FB_IMG_1619930641041.jpg
2026-04-24 02:36:59  INFO      core.mover  DRY   C:\Users\sippa\Desktop\photo_test\FB_IMG_1619930660810.jpg  =>  C:\Organized_Media_TEST\Photos\Unknown_Device\2021\05_May\FB_IMG_1619930660810.jpg
2026-04-24 02:36:59  INFO      core.mover  DRY   C:\Users\sippa\Desktop\photo_test\FB_IMG_1619930685988.jpg  =>  C:\Organized_Media_TEST\Photos\Unknown_Device\2021\05_May\FB_IMG_1619930685988.jpg
2026-04-24 02:36:59  INFO      core.mover  DRY   C:\Users\sippa\Desktop\photo_test\FB_IMG_1619970194614.jpg  =>  C:\Organized_Media_TEST\Photos\Unknown_Device\2021\05_May\FB_IMG_1619970194614.jpg
2026-04-24 02:36:59  INFO      core.mover  DRY   C:\Users\sippa\Desktop\photo_test\FB_IMG_1620050153735.jpg  =>  C:\Organized_Media_TEST\Photos\Unknown_Device\2021\05_May\FB_IMG_1620050153735.jpg
2026-04-24 02:36:59  INFO      core.mover  DRY   C:\Users\sippa\Desktop\photo_test\FB_IMG_1620274269356.jpg  =>  C:\Organized_Media_TEST\Photos\Unknown_Device\2021\05_May\FB_IMG_1620274269356.jpg
2026-04-24 02:36:59  INFO      core.mover  DRY   C:\Users\sippa\Desktop\photo_test\FB_IMG_1620282147781.jpg  =>  C:\Organized_Media_TEST\Photos\Unknown_Device\2021\05_May\FB_IMG_1620282147781.jpg
2026-04-24 02:36:59  INFO      core.mover  DRY   C:\Users\sippa\Desktop\photo_test\FB_IMG_1620715456938.jpg  =>  C:\Organized_Media_TEST\Photos\Unknown_Device\2021\05_May\FB_IMG_1620715456938.jpg
2026-04-24 02:36:59  INFO      core.mover  DRY   C:\Users\sippa\Desktop\photo_test\FB_IMG_1620787788997.jpg  =>  C:\Organized_Media_TEST\Photos\Unknown_Device\2021\05_May\FB_IMG_1620787788997.jpg
2026-04-24 02:36:59  INFO      core.mover  DRY   C:\Users\sippa\Desktop\photo_test\FB_IMG_1620787803147.jpg  =>  C:\Organized_Media_TEST\Photos\Unknown_Device\2021\05_May\FB_IMG_1620787803147.jpg
2026-04-24 02:36:59  INFO      core.mover  DRY   C:\Users\sippa\Desktop\photo_test\FB_IMG_1621136854904.jpg  =>  C:\Organized_Media_TEST\Photos\Unknown_Device\2021\05_May\FB_IMG_1621136854904.jpg
2026-04-24 02:36:59  INFO      core.mover  DRY   C:\Users\sippa\Desktop\photo_test\FB_IMG_1621372923787.jpg  =>  C:\Organized_Media_TEST\Photos\Unknown_Device\2021\05_May\FB_IMG_1621372923787.jpg
2026-04-24 02:36:59  INFO      core.mover  DRY   C:\Users\sippa\Desktop\photo_test\FB_IMG_1621561840556.jpg  =>  C:\Organized_Media_TEST\Photos\Unknown_Device\2021\05_May\FB_IMG_1621561840556.jpg
2026-04-24 02:36:59  INFO      core.mover  DRY   C:\Users\sippa\Desktop\photo_test\FB_IMG_1621572203015.jpg  =>  C:\Organized_Media_TEST\Photos\Unknown_Device\2021\05_May\FB_IMG_1621572203015.jpg
2026-04-24 02:36:59  INFO      core.mover  DRY   C:\Users\sippa\Desktop\photo_test\FB_IMG_1621655594649.jpg  =>  C:\Organized_Media_TEST\Photos\Unknown_Device\2021\05_May\FB_IMG_1621655594649.jpg
2026-04-24 02:36:59  INFO      core.mover  DRY   C:\Users\sippa\Desktop\photo_test\FB_IMG_1621831348180.jpg  =>  C:\Organized_Media_TEST\Photos\Unknown_Device\2021\05_May\FB_IMG_1621831348180.jpg
2026-04-24 02:36:59  INFO      core.mover  DRY   C:\Users\sippa\Desktop\photo_test\FB_IMG_1621848499759.jpg  =>  C:\Organized_Media_TEST\Photos\Unknown_Device\2021\05_May\FB_IMG_1621848499759.jpg
2026-04-24 02:36:59  INFO      core.mover  DRY   C:\Users\sippa\Desktop\photo_test\FB_IMG_1622323782060.jpg  =>  C:\Organized_Media_TEST\Photos\Unknown_Device\2021\05_May\FB_IMG_1622323782060.jpg
2026-04-24 02:36:59  INFO      core.mover  DRY   C:\Users\sippa\Desktop\photo_test\FB_IMG_1622325473985.jpg  =>  C:\Organized_Media_TEST\Photos\Unknown_Device\2021\05_May\FB_IMG_1622325473985.jpg
2026-04-24 02:36:59  INFO      core.mover  DRY   C:\Users\sippa\Desktop\photo_test\FB_IMG_1622325644882.jpg  =>  C:\Organized_Media_TEST\Photos\Unknown_Device\2021\05_May\FB_IMG_1622325644882.jpg
2026-04-24 02:36:59  INFO      core.mover  DRY   C:\Users\sippa\Desktop\photo_test\FB_IMG_1622325738403.jpg  =>  C:\Organized_Media_TEST\Photos\Unknown_Device\2021\05_May\FB_IMG_1622325738403.jpg
2026-04-24 02:36:59  INFO      core.mover  DRY   C:\Users\sippa\Desktop\photo_test\FB_IMG_1622325841435.jpg  =>  C:\Organized_Media_TEST\Photos\Unknown_Device\2021\05_May\FB_IMG_1622325841435.jpg
2026-04-24 02:36:59  INFO      core.mover  DRY   C:\Users\sippa\Desktop\photo_test\FB_IMG_1622373136478.jpg  =>  C:\Organized_Media_TEST\Photos\Unknown_Device\2021\05_May\FB_IMG_1622373136478.jpg
2026-04-24 02:36:59  INFO      core.mover  DRY   C:\Users\sippa\Desktop\photo_test\FB_IMG_1622453947143.jpg  =>  C:\Organized_Media_TEST\Photos\Unknown_Device\2021\05_May\FB_IMG_1622453947143.jpg
2026-04-24 02:36:59  INFO      core.mover  DRY   C:\Users\sippa\Desktop\photo_test\FB_IMG_1622467885452.jpg  =>  C:\Organized_Media_TEST\Photos\Unknown_Device\2021\05_May\FB_IMG_1622467885452.jpg
2026-04-24 02:36:59  INFO      core.mover  DRY   C:\Users\sippa\Desktop\photo_test\FB_IMG_1622475212335.jpg  =>  C:\Organized_Media_TEST\Photos\Unknown_Device\2021\05_May\FB_IMG_1622475212335.jpg
2026-04-24 02:36:59  INFO      core.mover  DRY   C:\Users\sippa\Desktop\photo_test\FB_IMG_1622479508198.jpg  =>  C:\Organized_Media_TEST\Photos\Unknown_Device\2021\05_May\FB_IMG_1622479508198.jpg
2026-04-24 02:36:59  INFO      core.mover  DRY   C:\Users\sippa\Desktop\photo_test\FB_IMG_1622700007326.jpg  =>  C:\Organized_Media_TEST\Photos\Unknown_Device\2021\06_June\FB_IMG_1622700007326.jpg
2026-04-24 02:36:59  INFO      core.mover  DRY   C:\Users\sippa\Desktop\photo_test\FB_IMG_1622796590372.jpg  =>  C:\Organized_Media_TEST\Photos\Unknown_Device\2021\06_June\FB_IMG_1622796590372.jpg
2026-04-24 02:36:59  INFO      core.mover  DRY   C:\Users\sippa\Desktop\photo_test\FB_IMG_1622969411071.jpg  =>  C:\Organized_Media_TEST\Photos\Unknown_Device\2021\06_June\FB_IMG_1622969411071.jpg
2026-04-24 02:36:59  INFO      core.mover  DRY   C:\Users\sippa\Desktop\photo_test\FB_IMG_1623162319868.jpg  =>  C:\Organized_Media_TEST\Photos\Unknown_Device\2021\06_June\FB_IMG_1623162319868.jpg
2026-04-24 02:36:59  INFO      core.mover  DRY   C:\Users\sippa\Desktop\photo_test\FB_IMG_1623163565451.jpg  =>  C:\Organized_Media_TEST\Photos\Unknown_Device\2021\06_June\FB_IMG_1623163565451.jpg
2026-04-24 02:36:59  INFO      core.mover  DRY   C:\Users\sippa\Desktop\photo_test\FB_IMG_1623495191744.jpg  =>  C:\Organized_Media_TEST\Photos\Unknown_Device\2021\06_June\FB_IMG_1623495191744.jpg
2026-04-24 02:36:59  INFO      core.mover  DRY   C:\Users\sippa\Desktop\photo_test\FB_IMG_1623559632776.jpg  =>  C:\Organized_Media_TEST\Photos\Unknown_Device\2021\06_June\FB_IMG_1623559632776.jpg
2026-04-24 02:36:59  INFO      core.mover  DRY   C:\Users\sippa\Desktop\photo_test\FB_IMG_1623635637586.jpg  =>  C:\Organized_Media_TEST\Photos\Unknown_Device\2021\06_June\FB_IMG_1623635637586.jpg
2026-04-24 02:36:59  INFO      core.mover  DRY   C:\Users\sippa\Desktop\photo_test\FB_IMG_1623839764971.jpg  =>  C:\Organized_Media_TEST\Photos\Unknown_Device\2021\06_June\FB_IMG_1623839764971.jpg
2026-04-24 02:36:59  INFO      core.mover  DRY   C:\Users\sippa\Desktop\photo_test\FB_IMG_1623839819157.jpg  =>  C:\Organized_Media_TEST\Photos\Unknown_Device\2021\06_June\FB_IMG_1623839819157.jpg
2026-04-24 02:36:59  INFO      core.mover  DRY   C:\Users\sippa\Desktop\photo_test\FB_IMG_1623839838499.jpg  =>  C:\Organized_Media_TEST\Photos\Unknown_Device\2021\06_June\FB_IMG_1623839838499.jpg
2026-04-24 02:36:59  INFO      core.mover  DRY   C:\Users\sippa\Desktop\photo_test\FB_IMG_1623839841647.jpg  =>  C:\Organized_Media_TEST\Photos\Unknown_Device\2021\06_June\FB_IMG_1623839841647.jpg
2026-04-24 02:36:59  INFO      core.mover  DRY   C:\Users\sippa\Desktop\photo_test\FB_IMG_1623839844029.jpg  =>  C:\Organized_Media_TEST\Photos\Unknown_Device\2021\06_June\FB_IMG_1623839844029.jpg
2026-04-24 02:36:59  INFO      core.mover  DRY   C:\Users\sippa\Desktop\photo_test\FB_IMG_1623849478314.jpg  =>  C:\Organized_Media_TEST\Photos\Unknown_Device\2021\06_June\FB_IMG_1623849478314.jpg
2026-04-24 02:36:59  INFO      core.mover  DRY   C:\Users\sippa\Desktop\photo_test\FB_IMG_1624160483647.jpg  =>  C:\Organized_Media_TEST\Photos\Unknown_Device\2021\06_June\FB_IMG_1624160483647.jpg
2026-04-24 02:36:59  INFO      core.mover  DRY   C:\Users\sippa\Desktop\photo_test\FB_IMG_1624160492923.jpg  =>  C:\Organized_Media_TEST\Photos\Unknown_Device\2021\06_June\FB_IMG_1624160492923.jpg
2026-04-24 02:36:59  INFO      core.mover  DRY   C:\Users\sippa\Desktop\photo_test\FB_IMG_1624160527258.jpg  =>  C:\Organized_Media_TEST\Photos\Unknown_Device\2021\06_June\FB_IMG_1624160527258.jpg
2026-04-24 02:36:59  INFO      core.mover  DRY   C:\Users\sippa\Desktop\photo_test\FB_IMG_1624160549465.jpg  =>  C:\Organized_Media_TEST\Photos\Unknown_Device\2021\06_June\FB_IMG_1624160549465.jpg
2026-04-24 02:36:59  INFO      core.mover  DRY   C:\Users\sippa\Desktop\photo_test\FB_IMG_1624160569880.jpg  =>  C:\Organized_Media_TEST\Photos\Unknown_Device\2021\06_June\FB_IMG_1624160569880.jpg
2026-04-24 02:36:59  INFO      core.mover  DRY   C:\Users\sippa\Desktop\photo_test\FB_IMG_1624160602014.jpg  =>  C:\Organized_Media_TEST\Photos\Unknown_Device\2021\06_June\FB_IMG_1624160602014.jpg
2026-04-24 02:36:59  INFO      core.mover  DRY   C:\Users\sippa\Desktop\photo_test\FB_IMG_1624160630260.jpg  =>  C:\Organized_Media_TEST\Photos\Unknown_Device\2021\06_June\FB_IMG_1624160630260.jpg
2026-04-24 02:36:59  INFO      core.mover  DRY   C:\Users\sippa\Desktop\photo_test\FB_IMG_1624535578732.jpg  =>  C:\Organized_Media_TEST\Photos\Unknown_Device\2021\06_June\FB_IMG_1624535578732.jpg
2026-04-24 02:36:59  INFO      core.mover  DRY   C:\Users\sippa\Desktop\photo_test\FB_IMG_1624786704258.jpg  =>  C:\Organized_Media_TEST\Photos\Unknown_Device\2021\06_June\FB_IMG_1624786704258.jpg
2026-04-24 02:36:59  INFO      core.mover  DRY   C:\Users\sippa\Desktop\photo_test\FB_IMG_1624790461520.jpg  =>  C:\Organized_Media_TEST\Photos\Unknown_Device\2021\06_June\FB_IMG_1624790461520.jpg
2026-04-24 02:36:59  INFO      core.mover  DRY   C:\Users\sippa\Desktop\photo_test\FB_IMG_1625033732451.jpg  =>  C:\Organized_Media_TEST\Photos\Unknown_Device\2021\06_June\FB_IMG_1625033732451.jpg
2026-04-24 02:36:59  INFO      core.mover  DRY   C:\Users\sippa\Desktop\photo_test\FB_IMG_1625321076759.jpg  =>  C:\Organized_Media_TEST\Photos\Unknown_Device\2021\07_July\FB_IMG_1625321076759.jpg
2026-04-24 02:36:59  INFO      core.mover  DRY   C:\Users\sippa\Desktop\photo_test\FB_IMG_1625536762607.jpg  =>  C:\Organized_Media_TEST\Photos\Unknown_Device\2021\07_July\FB_IMG_1625536762607.jpg
2026-04-24 02:36:59  INFO      core.mover  DRY   C:\Users\sippa\Desktop\photo_test\FB_IMG_1625544499558.jpg  =>  C:\Organized_Media_TEST\Photos\Unknown_Device\2021\07_July\FB_IMG_1625544499558.jpg
2026-04-24 02:36:59  INFO      core.mover  DRY   C:\Users\sippa\Desktop\photo_test\FB_IMG_1625544562014.jpg  =>  C:\Organized_Media_TEST\Photos\Unknown_Device\2021\07_July\FB_IMG_1625544562014.jpg
2026-04-24 02:36:59  INFO      core.mover  DRY   C:\Users\sippa\Desktop\photo_test\FB_IMG_1625544571220.jpg  =>  C:\Organized_Media_TEST\Photos\Unknown_Device\2021\07_July\FB_IMG_1625544571220.jpg
2026-04-24 02:36:59  INFO      core.mover  DRY   C:\Users\sippa\Desktop\photo_test\FB_IMG_1625935802503.jpg  =>  C:\Organized_Media_TEST\Photos\Unknown_Device\2021\07_July\FB_IMG_1625935802503.jpg
2026-04-24 02:36:59  INFO      core.mover  DRY   C:\Users\sippa\Desktop\photo_test\FB_IMG_1625935933720.jpg  =>  C:\Organized_Media_TEST\Photos\Unknown_Device\2021\07_July\FB_IMG_1625935933720.jpg
2026-04-24 02:36:59  INFO      core.mover  DRY   C:\Users\sippa\Desktop\photo_test\FB_IMG_1626269564118.jpg  =>  C:\Organized_Media_TEST\Photos\Unknown_Device\2021\07_July\FB_IMG_1626269564118.jpg
2026-04-24 02:36:59  INFO      core.mover  DRY   C:\Users\sippa\Desktop\photo_test\FB_IMG_1627001269969.jpg  =>  C:\Organized_Media_TEST\Photos\Unknown_Device\2021\07_July\FB_IMG_1627001269969.jpg
2026-04-24 02:36:59  INFO      core.mover  DRY   C:\Users\sippa\Desktop\photo_test\FB_IMG_1627116435630.jpg  =>  C:\Organized_Media_TEST\Photos\Unknown_Device\2021\07_July\FB_IMG_1627116435630.jpg
2026-04-24 02:36:59  INFO      core.mover  DRY   C:\Users\sippa\Desktop\photo_test\FB_IMG_1627188818970.jpg  =>  C:\Organized_Media_TEST\Photos\Unknown_Device\2021\07_July\FB_IMG_1627188818970.jpg
2026-04-24 02:37:00  INFO      core.mover  DRY   C:\Users\sippa\Desktop\photo_test\FB_IMG_1627268756737.jpg  =>  C:\Organized_Media_TEST\Photos\Unknown_Device\2021\07_July\FB_IMG_1627268756737.jpg
2026-04-24 02:37:00  INFO      core.mover  DRY   C:\Users\sippa\Desktop\photo_test\FB_IMG_1627817381582.jpg  =>  C:\Organized_Media_TEST\Photos\Unknown_Device\2021\08_August\FB_IMG_1627817381582.jpg
2026-04-24 02:37:00  INFO      core.mover  DRY   C:\Users\sippa\Desktop\photo_test\FB_IMG_1628006103025.jpg  =>  C:\Organized_Media_TEST\Photos\Unknown_Device\2021\08_August\FB_IMG_1628006103025.jpg
2026-04-24 02:37:00  INFO      core.mover  DRY   C:\Users\sippa\Desktop\photo_test\FB_IMG_1628006105692.jpg  =>  C:\Organized_Media_TEST\Photos\Unknown_Device\2021\08_August\FB_IMG_1628006105692.jpg
2026-04-24 02:37:00  INFO      core.mover  DRY   C:\Users\sippa\Desktop\photo_test\FB_IMG_1628006108037.jpg  =>  C:\Organized_Media_TEST\Photos\Unknown_Device\2021\08_August\FB_IMG_1628006108037.jpg
2026-04-24 02:37:00  INFO      core.mover  DRY   C:\Users\sippa\Desktop\photo_test\FB_IMG_1628528842615.jpg  =>  C:\Organized_Media_TEST\Photos\Unknown_Device\2021\08_August\FB_IMG_1628528842615.jpg
2026-04-24 02:37:00  INFO      core.mover  DRY   C:\Users\sippa\Desktop\photo_test\FB_IMG_1628737607591.jpg  =>  C:\Organized_Media_TEST\Photos\Unknown_Device\2021\08_August\FB_IMG_1628737607591.jpg
2026-04-24 02:37:00  INFO      core.mover  DRY   C:\Users\sippa\Desktop\photo_test\FB_IMG_1628816749698.jpg  =>  C:\Organized_Media_TEST\Photos\Unknown_Device\2021\08_August\FB_IMG_1628816749698.jpg
2026-04-24 02:37:00  INFO      core.mover  DRY   C:\Users\sippa\Desktop\photo_test\FB_IMG_1628865732905.jpg  =>  C:\Organized_Media_TEST\Photos\Unknown_Device\2021\08_August\FB_IMG_1628865732905.jpg
2026-04-24 02:37:00  INFO      core.mover  DRY   C:\Users\sippa\Desktop\photo_test\FB_IMG_1628868302500.jpg  =>  C:\Organized_Media_TEST\Photos\Unknown_Device\2021\08_August\FB_IMG_1628868302500.jpg
2026-04-24 02:37:00  INFO      core.mover  DRY   C:\Users\sippa\Desktop\photo_test\FB_IMG_1628913750818.jpg  =>  C:\Organized_Media_TEST\Photos\Unknown_Device\2021\08_August\FB_IMG_1628913750818.jpg
2026-04-24 02:37:00  INFO      core.mover  DRY   C:\Users\sippa\Desktop\photo_test\FB_IMG_1628917594131.jpg  =>  C:\Organized_Media_TEST\Photos\Unknown_Device\2021\08_August\FB_IMG_1628917594131.jpg
2026-04-24 02:37:00  INFO      core.mover  DRY   C:\Users\sippa\Desktop\photo_test\FB_IMG_1628917596504.jpg  =>  C:\Organized_Media_TEST\Photos\Unknown_Device\2021\08_August\FB_IMG_1628917596504.jpg
2026-04-24 02:37:00  INFO      core.mover  DRY   C:\Users\sippa\Desktop\photo_test\FB_IMG_1628917598590.jpg  =>  C:\Organized_Media_TEST\Photos\Unknown_Device\2021\08_August\FB_IMG_1628917598590.jpg
2026-04-24 02:37:00  INFO      core.mover  DRY   C:\Users\sippa\Desktop\photo_test\FB_IMG_1628917600969.jpg  =>  C:\Organized_Media_TEST\Photos\Unknown_Device\2021\08_August\FB_IMG_1628917600969.jpg
2026-04-24 02:37:00  INFO      core.mover  DRY   C:\Users\sippa\Desktop\photo_test\FB_IMG_1628917605042.jpg  =>  C:\Organized_Media_TEST\Photos\Unknown_Device\2021\08_August\FB_IMG_1628917605042.jpg
2026-04-24 02:37:00  INFO      core.mover  DRY   C:\Users\sippa\Desktop\photo_test\FB_IMG_1628917607465.jpg  =>  C:\Organized_Media_TEST\Photos\Unknown_Device\2021\08_August\FB_IMG_1628917607465.jpg
2026-04-24 02:37:00  INFO      core.mover  DRY   C:\Users\sippa\Desktop\photo_test\FB_IMG_1628985112639.jpg  =>  C:\Organized_Media_TEST\Photos\Unknown_Device\2021\08_August\FB_IMG_1628985112639.jpg
2026-04-24 02:37:00  INFO      core.mover  DRY   C:\Users\sippa\Desktop\photo_test\FB_IMG_1629611227433.jpg  =>  C:\Organized_Media_TEST\Photos\Unknown_Device\2021\08_August\FB_IMG_1629611227433.jpg
2026-04-24 02:37:00  INFO      core.mover  DRY   C:\Users\sippa\Desktop\photo_test\FB_IMG_1630376017799.jpg  =>  C:\Organized_Media_TEST\Photos\Unknown_Device\2021\08_August\FB_IMG_1630376017799.jpg
2026-04-24 02:37:00  INFO      core.mover  DRY   C:\Users\sippa\Desktop\photo_test\FB_IMG_1630378338646.jpg  =>  C:\Organized_Media_TEST\Photos\Unknown_Device\2021\08_August\FB_IMG_1630378338646.jpg
2026-04-24 02:37:00  INFO      core.mover  DRY   C:\Users\sippa\Desktop\photo_test\FB_IMG_1631425192265.jpg  =>  C:\Organized_Media_TEST\Photos\Unknown_Device\2021\09_September\FB_IMG_1631425192265.jpg
2026-04-24 02:37:00  INFO      core.mover  DRY   C:\Users\sippa\Desktop\photo_test\FB_IMG_1631906302246.jpg  =>  C:\Organized_Media_TEST\Photos\Unknown_Device\2021\09_September\FB_IMG_1631906302246.jpg
2026-04-24 02:37:00  INFO      core.mover  DRY   C:\Users\sippa\Desktop\photo_test\FB_IMG_1632441262440.jpg  =>  C:\Organized_Media_TEST\Photos\Unknown_Device\2021\09_September\FB_IMG_1632441262440.jpg
2026-04-24 02:37:00  INFO      core.mover  DRY   C:\Users\sippa\Desktop\photo_test\FB_IMG_1632754910486.jpg  =>  C:\Organized_Media_TEST\Photos\Unknown_Device\2021\09_September\FB_IMG_1632754910486.jpg
2026-04-24 02:37:00  INFO      core.mover  DRY   C:\Users\sippa\Desktop\photo_test\FB_IMG_1633418644449.jpg  =>  C:\Organized_Media_TEST\Photos\Unknown_Device\2021\10_October\FB_IMG_1633418644449.jpg
2026-04-24 02:37:00  INFO      core.mover  DRY   C:\Users\sippa\Desktop\photo_test\FB_IMG_1634438935238.jpg  =>  C:\Organized_Media_TEST\Photos\Unknown_Device\2021\10_October\FB_IMG_1634438935238.jpg
2026-04-24 02:37:00  INFO      core.mover  DRY   C:\Users\sippa\Desktop\photo_test\FB_IMG_1635790918796.jpg  =>  C:\Organized_Media_TEST\Photos\Unknown_Device\2021\11_November\FB_IMG_1635790918796.jpg
2026-04-24 02:37:00  INFO      core.mover  DRY   C:\Users\sippa\Desktop\photo_test\FB_IMG_1635790994295.jpg  =>  C:\Organized_Media_TEST\Photos\Unknown_Device\2021\11_November\FB_IMG_1635790994295.jpg
2026-04-24 02:37:00  INFO      core.mover  DRY   C:\Users\sippa\Desktop\photo_test\FB_IMG_1636647491309.jpg  =>  C:\Organized_Media_TEST\Photos\Unknown_Device\2021\11_November\FB_IMG_1636647491309.jpg
2026-04-24 02:37:00  INFO      core.mover  DRY   C:\Users\sippa\Desktop\photo_test\FB_IMG_1637159150973.jpg  =>  C:\Organized_Media_TEST\Photos\Unknown_Device\2021\11_November\FB_IMG_1637159150973.jpg
2026-04-24 02:37:00  INFO      core.mover  DRY   C:\Users\sippa\Desktop\photo_test\FB_IMG_1637159435061.jpg  =>  C:\Organized_Media_TEST\Photos\Unknown_Device\2021\11_November\FB_IMG_1637159435061.jpg
2026-04-24 02:37:00  INFO      core.mover  DRY   C:\Users\sippa\Desktop\photo_test\FB_IMG_1637231262467.jpg  =>  C:\Organized_Media_TEST\Photos\Unknown_Device\2021\11_November\FB_IMG_1637231262467.jpg
2026-04-24 02:37:00  INFO      core.mover  DRY   C:\Users\sippa\Desktop\photo_test\FB_IMG_1637504906304.jpg  =>  C:\Organized_Media_TEST\Photos\Unknown_Device\2021\11_November\FB_IMG_1637504906304.jpg
2026-04-24 02:37:00  INFO      core.mover  DRY   C:\Users\sippa\Desktop\photo_test\FB_IMG_1637980180374.jpg  =>  C:\Organized_Media_TEST\Photos\Unknown_Device\2021\11_November\FB_IMG_1637980180374.jpg
2026-04-24 02:37:00  INFO      core.mover  DRY   C:\Users\sippa\Desktop\photo_test\FB_IMG_1638679965982.jpg  =>  C:\Organized_Media_TEST\Photos\Unknown_Device\2021\12_December\FB_IMG_1638679965982.jpg
2026-04-24 02:37:00  INFO      core.mover  DRY   C:\Users\sippa\Desktop\photo_test\FB_IMG_1640288252972.jpg  =>  C:\Organized_Media_TEST\Photos\Unknown_Device\2021\12_December\FB_IMG_1640288252972.jpg
2026-04-24 02:37:00  INFO      core.mover  DRY   C:\Users\sippa\Desktop\photo_test\FB_IMG_1640514991849.jpg  =>  C:\Organized_Media_TEST\Photos\Unknown_Device\2021\12_December\FB_IMG_1640514991849.jpg
2026-04-24 02:37:00  INFO      core.mover  DRY   C:\Users\sippa\Desktop\photo_test\FB_IMG_1640855263846.jpg  =>  C:\Organized_Media_TEST\Photos\Unknown_Device\2021\12_December\FB_IMG_1640855263846.jpg
2026-04-24 02:37:00  INFO      core.mover  DRY   C:\Users\sippa\Desktop\photo_test\FB_IMG_1641445517930.jpg  =>  C:\Organized_Media_TEST\Photos\Unknown_Device\2022\01_January\FB_IMG_1641445517930.jpg
2026-04-24 02:37:00  INFO      core.mover  DRY   C:\Users\sippa\Desktop\photo_test\FB_IMG_1641704151198.jpg  =>  C:\Organized_Media_TEST\Photos\Unknown_Device\2022\01_January\FB_IMG_1641704151198.jpg
2026-04-24 02:37:00  INFO      core.mover  DRY   C:\Users\sippa\Desktop\photo_test\FB_IMG_1642410969667.jpg  =>  C:\Organized_Media_TEST\Photos\Unknown_Device\2022\01_January\FB_IMG_1642410969667.jpg
2026-04-24 02:37:00  INFO      core.mover  DRY   C:\Users\sippa\Desktop\photo_test\FB_IMG_1643434438784.jpg  =>  C:\Organized_Media_TEST\Photos\Unknown_Device\2022\01_January\FB_IMG_1643434438784.jpg
2026-04-24 02:37:00  INFO      core.mover  DRY   C:\Users\sippa\Desktop\photo_test\FB_IMG_1643816542993.jpg  =>  C:\Organized_Media_TEST\Photos\Unknown_Device\2022\02_February\FB_IMG_1643816542993.jpg
2026-04-24 02:37:00  INFO      core.mover  DRY   C:\Users\sippa\Desktop\photo_test\FB_IMG_1644695531344.jpg  =>  C:\Organized_Media_TEST\Photos\Unknown_Device\2022\02_February\FB_IMG_1644695531344.jpg
2026-04-24 02:37:00  INFO      core.mover  DRY   C:\Users\sippa\Desktop\photo_test\FB_IMG_1645109439095.jpg  =>  C:\Organized_Media_TEST\Photos\Unknown_Device\2022\02_February\FB_IMG_1645109439095.jpg
2026-04-24 02:37:00  INFO      core.mover  DRY   C:\Users\sippa\Desktop\photo_test\FB_IMG_1645716310134.jpg  =>  C:\Organized_Media_TEST\Photos\Unknown_Device\2022\02_February\FB_IMG_1645716310134.jpg
2026-04-24 02:37:00  INFO      core.mover  DRY   C:\Users\sippa\Desktop\photo_test\FB_IMG_1647058817455.jpg  =>  C:\Organized_Media_TEST\Photos\Unknown_Device\2022\03_March\FB_IMG_1647058817455.jpg
2026-04-24 02:37:00  INFO      core.mover  DRY   C:\Users\sippa\Desktop\photo_test\FB_IMG_1647085804573.jpg  =>  C:\Organized_Media_TEST\Photos\Unknown_Device\2022\03_March\FB_IMG_1647085804573.jpg
2026-04-24 02:37:00  INFO      core.mover  DRY   C:\Users\sippa\Desktop\photo_test\FB_IMG_1647745933134.jpg  =>  C:\Organized_Media_TEST\Photos\Unknown_Device\2022\03_March\FB_IMG_1647745933134.jpg
2026-04-24 02:37:00  INFO      core.mover  DRY   C:\Users\sippa\Desktop\photo_test\FB_IMG_1648009914551.jpg  =>  C:\Organized_Media_TEST\Photos\Unknown_Device\2022\03_March\FB_IMG_1648009914551.jpg
2026-04-24 02:37:00  INFO      core.mover  DRY   C:\Users\sippa\Desktop\photo_test\FB_IMG_1648009936992.jpg  =>  C:\Organized_Media_TEST\Photos\Unknown_Device\2022\03_March\FB_IMG_1648009936992.jpg
2026-04-24 02:37:00  INFO      core.mover  DRY   C:\Users\sippa\Desktop\photo_test\FB_IMG_1648444275397.jpg  =>  C:\Organized_Media_TEST\Photos\Unknown_Device\2022\03_March\FB_IMG_1648444275397.jpg
2026-04-24 02:37:00  INFO      core.mover  DRY   C:\Users\sippa\Desktop\photo_test\FB_IMG_1648444296132.jpg  =>  C:\Organized_Media_TEST\Photos\Unknown_Device\2022\03_March\FB_IMG_1648444296132.jpg
2026-04-24 02:37:00  INFO      core.mover  DRY   C:\Users\sippa\Desktop\photo_test\FB_IMG_1649934609426.jpg  =>  C:\Organized_Media_TEST\Photos\Unknown_Device\2022\04_April\FB_IMG_1649934609426.jpg
2026-04-24 02:37:00  INFO      core.mover  DRY   C:\Users\sippa\Desktop\photo_test\FB_IMG_1650216661518.jpg  =>  C:\Organized_Media_TEST\Photos\Unknown_Device\2022\04_April\FB_IMG_1650216661518.jpg
2026-04-24 02:37:00  INFO      core.mover  DRY   C:\Users\sippa\Desktop\photo_test\FB_IMG_1650468429353.jpg  =>  C:\Organized_Media_TEST\Photos\Unknown_Device\2022\04_April\FB_IMG_1650468429353.jpg
2026-04-24 02:37:00  INFO      core.mover  DRY   C:\Users\sippa\Desktop\photo_test\IMG_3698.JPG  =>  C:\Organized_Media_TEST\Photos\Canon EOS RP\2025\04_April\IMG_3698.JPG
2026-04-24 02:37:00  INFO      core.mover  DRY   C:\Users\sippa\Desktop\photo_test\IMG_3740.JPG  =>  C:\Organized_Media_TEST\Photos\Canon EOS RP\2025\04_April\IMG_3740.JPG
2026-04-24 02:37:00  INFO      core.mover  DRY   C:\Users\sippa\Desktop\photo_test\IMG_3741.JPG  =>  C:\Organized_Media_TEST\Photos\Canon EOS RP\2025\04_April\IMG_3741.JPG
2026-04-24 02:37:00  INFO      core.mover  DRY   C:\Users\sippa\Desktop\photo_test\IMG_3750.JPG  =>  C:\Organized_Media_TEST\Photos\Canon EOS RP\2025\04_April\IMG_3750.JPG
2026-04-24 02:37:00  INFO      core.mover  DRY   C:\Users\sippa\Desktop\photo_test\IMG_3751.JPG  =>  C:\Organized_Media_TEST\Photos\Canon EOS RP\2025\04_April\IMG_3751.JPG
2026-04-24 02:37:00  INFO      core.mover  DRY   C:\Users\sippa\Desktop\photo_test\IMG_3759.JPG  =>  C:\Organized_Media_TEST\Photos\Canon EOS RP\2025\04_April\IMG_3759.JPG
2026-04-24 02:37:00  INFO      core.mover  DRY   C:\Users\sippa\Desktop\photo_test\IMG_3760.JPG  =>  C:\Organized_Media_TEST\Photos\Canon EOS RP\2025\04_April\IMG_3760.JPG
2026-04-24 02:37:00  INFO      core.mover  DRY   C:\Users\sippa\Desktop\photo_test\IMG_3849.JPG  =>  C:\Organized_Media_TEST\Photos\Canon EOS RP\2025\04_April\IMG_3849.JPG
2026-04-24 02:37:00  INFO      core.mover  DRY   C:\Users\sippa\Desktop\photo_test\IMG_6410_0.jpg  =>  C:\Organized_Media_TEST\Photos\Canon EOS RP\2026\02_February\IMG_6410_0.jpg
2026-04-24 02:37:00  INFO      core.mover  DRY   C:\Users\sippa\Desktop\photo_test\IMG_6411_0.jpg  =>  C:\Organized_Media_TEST\Photos\Canon EOS RP\2026\02_February\IMG_6411_0.jpg
2026-04-24 02:37:00  INFO      core.mover  DRY   C:\Users\sippa\Desktop\photo_test\IMG_6412_0.jpg  =>  C:\Organized_Media_TEST\Photos\Canon EOS RP\2026\02_February\IMG_6412_0.jpg
2026-04-24 02:37:00  INFO      core.mover  DRY   C:\Users\sippa\Desktop\photo_test\IMG_6414_0.jpg  =>  C:\Organized_Media_TEST\Photos\Canon EOS RP\2026\02_February\IMG_6414_0.jpg
2026-04-24 02:37:00  INFO      core.mover  DRY   C:\Users\sippa\Desktop\photo_test\IMG_6429_0.jpg  =>  C:\Organized_Media_TEST\Photos\Canon EOS RP\2026\02_February\IMG_6429_0.jpg
2026-04-24 02:37:00  INFO      core.device_resolver  Unresolved device: PARROT|Jumping Race → using raw label 'PARROT Jumping Race'
2026-04-24 02:37:00  INFO      core.mover  DRY   C:\Users\sippa\Desktop\photo_test\Jumping_Race_2017-07-28T123453+0000_E485DC.jpg  =>  C:\Organized_Media_TEST\Photos\PARROT Jumping Race\2017\07_July\Jumping_Race_2017-07-28T123453+0000_E485DC.jpg
2026-04-24 02:37:00  INFO      core.device_resolver  Unresolved device: PARROT|Jumping Race → using raw label 'PARROT Jumping Race'
2026-04-24 02:37:00  INFO      core.mover  DRY   C:\Users\sippa\Desktop\photo_test\Jumping_Race_2017-07-28T123548+0000_DD4B51.jpg  =>  C:\Organized_Media_TEST\Photos\PARROT Jumping Race\2017\07_July\Jumping_Race_2017-07-28T123548+0000_DD4B51.jpg
2026-04-24 02:37:00  INFO      core.device_resolver  Unresolved device: PARROT|Jumping Race → using raw label 'PARROT Jumping Race'
2026-04-24 02:37:00  INFO      core.mover  DRY   C:\Users\sippa\Desktop\photo_test\Jumping_Race_2017-07-28T123621+0000_C2F6AB.jpg  =>  C:\Organized_Media_TEST\Photos\PARROT Jumping Race\2017\07_July\Jumping_Race_2017-07-28T123621+0000_C2F6AB.jpg
2026-04-24 02:37:00  INFO      core.device_resolver  Unresolved device: PARROT|Jumping Race → using raw label 'PARROT Jumping Race'
2026-04-24 02:37:00  INFO      core.mover  DRY   C:\Users\sippa\Desktop\photo_test\Jumping_Race_2017-08-20T155617+0000_69B95B.jpg  =>  C:\Organized_Media_TEST\Photos\PARROT Jumping Race\2017\08_August\Jumping_Race_2017-08-20T155617+0000_69B95B.jpg
2026-04-24 02:37:00  INFO      core.mover  DRY   C:\Users\sippa\Desktop\photo_test\P2400145.JPG  =>  C:\Organized_Media_TEST\Photos\Panasonic GX85\2021\03_March\P2400145.JPG
2026-04-24 02:37:00  INFO      core.mover  DRY   C:\Users\sippa\Desktop\photo_test\P2440732.JPG  =>  C:\Organized_Media_TEST\Photos\Panasonic GX85\2021\06_June\P2440732.JPG
2026-04-24 02:37:00  INFO      core.mover  DRY   C:\Users\sippa\Desktop\photo_test\P2440733.JPG  =>  C:\Organized_Media_TEST\Photos\Panasonic GX85\2021\06_June\P2440733.JPG
2026-04-24 02:37:00  INFO      core.mover  DRY   C:\Users\sippa\Desktop\photo_test\P2480116.JPG  =>  C:\Organized_Media_TEST\Photos\Panasonic GX85\2021\07_July\P2480116.JPG
2026-04-24 02:37:00  INFO      core.mover  DRY   C:\Users\sippa\Desktop\photo_test\P2560375.JPG  =>  C:\Organized_Media_TEST\Photos\Panasonic GX85\2022\02_February\P2560375.JPG
2026-04-24 02:37:00  INFO      core.mover  DRY   C:\Users\sippa\Desktop\photo_test\P2560380.JPG  =>  C:\Organized_Media_TEST\Photos\Panasonic GX85\2022\02_February\P2560380.JPG
2026-04-24 02:37:01  INFO      core.mover  DRY   C:\Users\sippa\Desktop\photo_test\P2610449.MP4  =>  C:\Organized_Media_TEST\Videos\Unknown_Device\2022\05_May\P2610449.MP4
2026-04-24 02:37:01  INFO      core.mover  DRY   C:\Users\sippa\Desktop\photo_test\P2610457.JPG  =>  C:\Organized_Media_TEST\Photos\Panasonic GX85\2022\05_May\P2610457.JPG
2026-04-24 02:37:01  INFO      core.mover  DRY   C:\Users\sippa\Desktop\photo_test\P2610477.JPG  =>  C:\Organized_Media_TEST\Photos\Panasonic GX85\2022\05_May\P2610477.JPG
2026-04-24 02:37:01  INFO      core.mover  DRY   C:\Users\sippa\Desktop\photo_test\P2610763.JPG  =>  C:\Organized_Media_TEST\Photos\Panasonic GX85\2022\05_May\P2610763.JPG
2026-04-24 02:37:01  INFO      core.mover  DRY   C:\Users\sippa\Desktop\photo_test\P2890961.JPG  =>  C:\Organized_Media_TEST\Photos\Panasonic GX85\2022\09_September\P2890961.JPG
2026-04-24 02:37:01  INFO      core.mover  DRY   C:\Users\sippa\Desktop\photo_test\P2890962.JPG  =>  C:\Organized_Media_TEST\Photos\Panasonic GX85\2022\09_September\P2890962.JPG
2026-04-24 02:37:01  INFO      core.mover  DRY   C:\Users\sippa\Desktop\photo_test\P2890963.JPG  =>  C:\Organized_Media_TEST\Photos\Panasonic GX85\2022\09_September\P2890963.JPG
2026-04-24 02:37:01  INFO      core.mover  DRY   C:\Users\sippa\Desktop\photo_test\P3240020.JPG  =>  C:\Organized_Media_TEST\Photos\Panasonic GX85\2023\04_April\P3240020.JPG
2026-04-24 02:37:01  INFO      core.mover  DRY   C:\Users\sippa\Desktop\photo_test\P3240366.JPG  =>  C:\Organized_Media_TEST\Photos\Panasonic GX85\2023\04_April\P3240366.JPG
2026-04-24 02:37:01  INFO      core.mover  DRY   C:\Users\sippa\Desktop\photo_test\P3240716.JPG  =>  C:\Organized_Media_TEST\Photos\Panasonic GX85\2023\04_April\P3240716.JPG
2026-04-24 02:37:01  INFO      core.mover  DRY   C:\Users\sippa\Desktop\photo_test\P4120847.JPG  =>  C:\Organized_Media_TEST\Photos\Panasonic GX85\2026\02_February\P4120847.JPG
2026-04-24 02:37:01  INFO      core.mover  DRY   C:\Users\sippa\Desktop\photo_test\P4120848.JPG  =>  C:\Organized_Media_TEST\Photos\Panasonic GX85\2026\02_February\P4120848.JPG
2026-04-24 02:37:01  INFO      core.mover  DRY   C:\Users\sippa\Desktop\photo_test\P4120858.JPG  =>  C:\Organized_Media_TEST\Photos\Panasonic GX85\2026\02_February\P4120858.JPG
2026-04-24 02:37:01  INFO      core.mover  DRY   C:\Users\sippa\Desktop\photo_test\S0074012.JPG  =>  C:\Organized_Media_TEST\Photos\Fujifilm X10\2014\10_October\S0074012.JPG
2026-04-24 02:37:01  INFO      core.mover  DRY   C:\Users\sippa\Desktop\photo_test\S0084015.JPG  =>  C:\Organized_Media_TEST\Photos\Fujifilm X10\2014\10_October\S0084015.JPG
2026-04-24 02:37:01  INFO      core.mover  DRY   C:\Users\sippa\Desktop\photo_test\S0114020.JPG  =>  C:\Organized_Media_TEST\Photos\Fujifilm X10\2014\10_October\S0114020.JPG
2026-04-24 02:37:01  INFO      core.mover  DRY   C:\Users\sippa\Desktop\photo_test\S0124022.JPG  =>  C:\Organized_Media_TEST\Photos\Fujifilm X10\2014\10_October\S0124022.JPG
2026-04-24 02:37:01  INFO      core.mover  DRY   C:\Users\sippa\Desktop\photo_test\S0798085.JPG  =>  C:\Organized_Media_TEST\Photos\Fujifilm X10\2014\10_October\S0798085.JPG
2026-04-24 02:37:01  INFO      core.mover  DRY   C:\Users\sippa\Desktop\photo_test\S0808087.JPG  =>  C:\Organized_Media_TEST\Photos\Fujifilm X10\2014\10_October\S0808087.JPG
2026-04-24 02:37:01  INFO      core.mover  DRY   C:\Users\sippa\Desktop\photo_test\S0818088.JPG  =>  C:\Organized_Media_TEST\Photos\Fujifilm X10\2014\10_October\S0818088.JPG
2026-04-24 02:37:01  INFO      core.mover  DRY   C:\Users\sippa\Desktop\photo_test\S0828089.JPG  =>  C:\Organized_Media_TEST\Photos\Fujifilm X10\2014\10_October\S0828089.JPG
2026-04-24 02:37:01  INFO      core.mover  DRY   C:\Users\sippa\Desktop\photo_test\S0887019.JPG  =>  C:\Organized_Media_TEST\Photos\Fujifilm X10\2014\10_October\S0887019.JPG
2026-04-24 02:37:01  INFO      core.mover  DRY   C:\Users\sippa\Desktop\photo_test\test_drum_nano.mp4  =>  C:\Organized_Media_TEST\Videos\Unknown_Device\2021\07_July\test_drum_nano.mp4
2026-04-24 02:37:01  INFO      core.mover  DRY   C:\Users\sippa\Desktop\photo_test\test_drum_nano_2.mp4  =>  C:\Organized_Media_TEST\Videos\Unknown_Device\2021\07_July\test_drum_nano_2.mp4
2026-04-24 02:37:01  INFO      core.mover  DRY   C:\Users\sippa\Desktop\photo_test\20221018 fence post\11218294-8ef0-481a-ae00-3fcc7e44b8c9.mp4  =>  C:\Organized_Media_TEST\Videos\Unknown_Device\2022\10_October\11218294-8ef0-481a-ae00-3fcc7e44b8c9.mp4
2026-04-24 02:37:01  INFO      core.mover  DRY   C:\Users\sippa\Desktop\photo_test\20221018 fence post\1220777.jpg  =>  C:\Organized_Media_TEST\Photos\Unknown_Device\2022\10_October\1220777.jpg
2026-04-24 02:37:01  INFO      core.mover  DRY   C:\Users\sippa\Desktop\photo_test\20221018 fence post\1222446.jpg  =>  C:\Organized_Media_TEST\Photos\Unknown_Device\2022\10_October\1222446.jpg
2026-04-24 02:37:01  INFO      core.mover  DRY   C:\Users\sippa\Desktop\photo_test\20221018 fence post\1_10.30.53.avi  =>  C:\Organized_Media_TEST\Videos\Unknown_Device\2022\10_October\1_10.30.53.avi
2026-04-24 02:37:01  INFO      core.device_resolver  Unresolved device: samsung|Galaxy S25 Ultra → using raw label 'samsung Galaxy S25 Ultra'
2026-04-24 02:37:01  INFO      core.mover  DRY   C:\Users\sippa\Desktop\photo_test\20221018 fence post\20260320_043549.jpg  =>  C:\Organized_Media_TEST\Photos\samsung Galaxy S25 Ultra\2026\03_March\20260320_043549.jpg
2026-04-24 02:37:01  INFO      core.mover  DRY   C:\Users\sippa\Desktop\photo_test\20221018 fence post\20260320_043922.mp4  =>  C:\Organized_Media_TEST\Videos\Unknown_Device\2026\03_March\20260320_043922.mp4
2026-04-24 02:37:01  INFO      core.device_resolver  Unresolved device: samsung|Galaxy S25 Ultra → using raw label 'samsung Galaxy S25 Ultra'
2026-04-24 02:37:01  INFO      core.mover  DRY   C:\Users\sippa\Desktop\photo_test\20221018 fence post\20260320_045325.jpg  =>  C:\Organized_Media_TEST\Photos\samsung Galaxy S25 Ultra\2026\03_March\20260320_045325.jpg
2026-04-24 02:37:01  INFO      core.device_resolver  Unresolved device: samsung|Galaxy S25 Ultra → using raw label 'samsung Galaxy S25 Ultra'
2026-04-24 02:37:01  INFO      core.mover  DRY   C:\Users\sippa\Desktop\photo_test\20221018 fence post\20260320_062706.jpg  =>  C:\Organized_Media_TEST\Photos\samsung Galaxy S25 Ultra\2026\03_March\20260320_062706.jpg
2026-04-24 02:37:01  INFO      core.device_resolver  Unresolved device: samsung|Galaxy S25 Ultra → using raw label 'samsung Galaxy S25 Ultra'
2026-04-24 02:37:01  INFO      core.mover  DRY   C:\Users\sippa\Desktop\photo_test\20221018 fence post\20260320_063335.jpg  =>  C:\Organized_Media_TEST\Photos\samsung Galaxy S25 Ultra\2026\03_March\20260320_063335.jpg
2026-04-24 02:37:01  INFO      core.mover  DRY   C:\Users\sippa\Desktop\photo_test\20221018 fence post\P2850539.JPG  =>  C:\Organized_Media_TEST\Photos\Panasonic GX85\2022\09_September\P2850539.JPG
2026-04-24 02:37:01  INFO      core.mover  DRY   C:\Users\sippa\Desktop\photo_test\20221018 fence post\P2910198.JPG  =>  C:\Organized_Media_TEST\Photos\Panasonic GX85\2022\10_October\P2910198.JPG
2026-04-24 02:37:01  INFO      core.mover  DRY   C:\Users\sippa\Desktop\photo_test\20221018 fence post\P2910199.JPG  =>  C:\Organized_Media_TEST\Photos\Panasonic GX85\2022\10_October\P2910199.JPG
2026-04-24 02:37:01  INFO      core.mover  DRY   C:\Users\sippa\Desktop\photo_test\20221018 fence post\P2940040.JPG  =>  C:\Organized_Media_TEST\Photos\Panasonic GX85\2022\10_October\P2940040.JPG
2026-04-24 02:37:01  INFO      core.mover  DRY   C:\Users\sippa\Desktop\photo_test\20221018 fence post\P2940069.JPG  =>  C:\Organized_Media_TEST\Photos\Panasonic GX85\2022\10_October\P2940069.JPG
2026-04-24 02:37:01  INFO      core.mover  DRY   C:\Users\sippa\Desktop\photo_test\20221018 fence post\P2940074.JPG  =>  C:\Organized_Media_TEST\Photos\Panasonic GX85\2022\10_October\P2940074.JPG
2026-04-24 02:37:01  INFO      core.mover  DRY   C:\Users\sippa\Desktop\photo_test\20221018 fence post\P2940113.JPG  =>  C:\Organized_Media_TEST\Photos\Panasonic GX85\2022\10_October\P2940113.JPG
2026-04-24 02:37:01  INFO      core.mover  DRY   C:\Users\sippa\Desktop\photo_test\20221018 fence post\P2940130.JPG  =>  C:\Organized_Media_TEST\Photos\Panasonic GX85\2022\10_October\P2940130.JPG
2026-04-24 02:37:01  INFO      core.mover  DRY   C:\Users\sippa\Desktop\photo_test\20221018 fence post\P2940404.JPG  =>  C:\Organized_Media_TEST\Photos\Panasonic GX85\2022\10_October\P2940404.JPG
2026-04-24 02:37:01  INFO      core.mover  DRY   C:\Users\sippa\Desktop\photo_test\20221018 fence post\P2940409.JPG  =>  C:\Organized_Media_TEST\Photos\Panasonic GX85\2022\10_October\P2940409.JPG
2026-04-24 02:37:01  INFO      core.mover  DRY   C:\Users\sippa\Desktop\photo_test\20221018 fence post\Untitled.mp4  =>  C:\Organized_Media_TEST\Videos\Unknown_Device\2022\10_October\Untitled.mp4
2026-04-24 02:37:02  INFO      core.mover  DUPE  P2610449.MP4  (original: C:\Users\sippa\Desktop\photo_test\P2610449.MP4)
2026-04-24 02:37:02  INFO      core.mover  DUPE  P2610457.JPG  (original: C:\Users\sippa\Desktop\photo_test\P2610457.JPG)
2026-04-24 02:37:02  INFO      core.mover  DRY   C:\Users\sippa\Desktop\photo_test\261_PANA\P2610467.JPG  =>  C:\Organized_Media_TEST\Photos\Panasonic GX85\2022\05_May\P2610467.JPG
2026-04-24 02:37:02  INFO      core.mover  DUPE  P2610477.JPG  (original: C:\Users\sippa\Desktop\photo_test\P2610477.JPG)
2026-04-24 02:37:02  INFO      core.mover  DRY   C:\Users\sippa\Desktop\photo_test\261_PANA\P2610757.JPG  =>  C:\Organized_Media_TEST\Photos\Panasonic GX85\2022\05_May\P2610757.JPG
2026-04-24 02:37:02  INFO      core.mover  DUPE  P2610763.JPG  (original: C:\Users\sippa\Desktop\photo_test\P2610763.JPG)
2026-04-24 02:37:02  INFO      core.mover  DRY   C:\Users\sippa\Desktop\photo_test\261_PANA\P2610764.JPG  =>  C:\Organized_Media_TEST\Photos\Panasonic GX85\2022\05_May\P2610764.JPG
2026-04-24 02:37:02  INFO      core.mover  DRY   C:\Users\sippa\Desktop\photo_test\261_PANA\P2610781.JPG  =>  C:\Organized_Media_TEST\Photos\Panasonic GX85\2022\05_May\P2610781.JPG
2026-04-24 02:37:02  INFO      core.mover  DRY   C:\Users\sippa\Desktop\photo_test\324_PANA\P3240001.MP4  =>  C:\Organized_Media_TEST\Videos\Unknown_Device\2023\04_April\P3240001.MP4
2026-04-24 02:37:02  INFO      core.mover  DRY   C:\Users\sippa\Desktop\photo_test\324_PANA\P3240015.JPG  =>  C:\Organized_Media_TEST\Photos\Panasonic GX85\2023\04_April\P3240015.JPG
2026-04-24 02:37:02  INFO      core.mover  DUPE  P3240020.JPG  (original: C:\Users\sippa\Desktop\photo_test\P3240020.JPG)
2026-04-24 02:37:02  INFO      core.mover  DRY   C:\Users\sippa\Desktop\photo_test\324_PANA\P3240025.JPG  =>  C:\Organized_Media_TEST\Photos\Panasonic GX85\2023\04_April\P3240025.JPG
2026-04-24 02:37:02  INFO      core.mover  DRY   C:\Users\sippa\Desktop\photo_test\324_PANA\P3240026.JPG  =>  C:\Organized_Media_TEST\Photos\Panasonic GX85\2023\04_April\P3240026.JPG
2026-04-24 02:37:02  INFO      core.mover  DRY   C:\Users\sippa\Desktop\photo_test\324_PANA\P3240357.JPG  =>  C:\Organized_Media_TEST\Photos\Panasonic GX85\2023\04_April\P3240357.JPG
2026-04-24 02:37:02  INFO      core.mover  DUPE  P3240366.JPG  (original: C:\Users\sippa\Desktop\photo_test\P3240366.JPG)
2026-04-24 02:37:02  INFO      core.mover  DRY   C:\Users\sippa\Desktop\photo_test\324_PANA\P3240715.JPG  =>  C:\Organized_Media_TEST\Photos\Panasonic GX85\2023\04_April\P3240715.JPG
2026-04-24 02:37:02  INFO      core.mover  DUPE  P3240716.JPG  (original: C:\Users\sippa\Desktop\photo_test\P3240716.JPG)
2026-04-24 02:37:02  INFO      core.mover  DRY   C:\Users\sippa\Desktop\photo_test\324_PANA\P3240854.JPG  =>  C:\Organized_Media_TEST\Photos\Panasonic GX85\2023\04_April\P3240854.JPG
2026-04-24 02:37:02  INFO      core.mover  DRY   C:\Users\sippa\Desktop\photo_test\324_PANA\P3240856.JPG  =>  C:\Organized_Media_TEST\Photos\Panasonic GX85\2023\04_April\P3240856.JPG
2026-04-24 02:37:02  INFO      core.mover  DRY   C:\Users\sippa\Desktop\photo_test\407_PANA\P4070462.MP4  =>  C:\Organized_Media_TEST\Videos\Unknown_Device\2025\11_November\P4070462.MP4
2026-04-24 02:37:02  INFO      core.mover  DRY   C:\Users\sippa\Desktop\photo_test\407_PANA\P4070475.JPG  =>  C:\Organized_Media_TEST\Photos\Panasonic GX85\2025\11_November\P4070475.JPG
2026-04-24 02:37:02  INFO      core.mover  DRY   C:\Users\sippa\Desktop\photo_test\407_PANA\P4070485.JPG  =>  C:\Organized_Media_TEST\Photos\Panasonic GX85\2025\11_November\P4070485.JPG
2026-04-24 02:37:02  INFO      core.mover  DRY   C:\Users\sippa\Desktop\photo_test\407_PANA\P4070494.JPG  =>  C:\Organized_Media_TEST\Photos\Panasonic GX85\2025\11_November\P4070494.JPG
2026-04-24 02:37:02  INFO      core.mover  DRY   C:\Users\sippa\Desktop\photo_test\407_PANA\P4070495.JPG  =>  C:\Organized_Media_TEST\Photos\Panasonic GX85\2025\11_November\P4070495.JPG
2026-04-24 02:37:02  INFO      core.mover  DRY   C:\Users\sippa\Desktop\photo_test\407_PANA\P4070505.JPG  =>  C:\Organized_Media_TEST\Photos\Panasonic GX85\2025\11_November\P4070505.JPG
2026-04-24 02:37:03  INFO      core.mover  DRY   C:\Users\sippa\Desktop\photo_test\407_PANA\P4070506.JPG  =>  C:\Organized_Media_TEST\Photos\Panasonic GX85\2025\11_November\P4070506.JPG
2026-04-24 02:37:03  INFO      core.mover  DRY   C:\Users\sippa\Desktop\photo_test\407_PANA\P4070625.JPG  =>  C:\Organized_Media_TEST\Photos\Panasonic GX85\2025\11_November\P4070625.JPG
2026-04-24 02:37:03  INFO      core.mover  DRY   C:\Users\sippa\Desktop\photo_test\407_PANA\P4070627.JPG  =>  C:\Organized_Media_TEST\Photos\Panasonic GX85\2025\11_November\P4070627.JPG
2026-04-24 02:37:03  INFO      core.mover  DRY   C:\Users\sippa\Desktop\photo_test\407_PANA\P4070766.JPG  =>  C:\Organized_Media_TEST\Photos\Panasonic GX85\2025\11_November\P4070766.JPG
2026-04-24 02:37:03  INFO      core.mover  DRY   C:\Users\sippa\Desktop\photo_test\407_PANA\P4070768.JPG  =>  C:\Organized_Media_TEST\Photos\Panasonic GX85\2025\11_November\P4070768.JPG
2026-04-24 02:37:03  INFO      core.device_resolver  Unresolved device: samsung|Galaxy S25 Ultra → using raw label 'samsung Galaxy S25 Ultra'
2026-04-24 02:37:03  INFO      core.mover  DRY   C:\Users\sippa\Desktop\photo_test\Pyjamas\20250207_225006.jpg  =>  C:\Organized_Media_TEST\Photos\samsung Galaxy S25 Ultra\2025\02_February\20250207_225006.jpg
2026-04-24 02:37:03  INFO      core.device_resolver  Unresolved device: samsung|Galaxy S25 Ultra → using raw label 'samsung Galaxy S25 Ultra'
2026-04-24 02:37:03  INFO      core.mover  DRY   C:\Users\sippa\Desktop\photo_test\Pyjamas\20250207_225137.jpg  =>  C:\Organized_Media_TEST\Photos\samsung Galaxy S25 Ultra\2025\02_February\20250207_225137.jpg
2026-04-24 02:37:03  INFO      core.device_resolver  Unresolved device: samsung|Galaxy S25 Ultra → using raw label 'samsung Galaxy S25 Ultra'
2026-04-24 02:37:03  INFO      core.mover  DRY   C:\Users\sippa\Desktop\photo_test\Pyjamas\20250208_095907.jpg  =>  C:\Organized_Media_TEST\Photos\samsung Galaxy S25 Ultra\2025\02_February\20250208_095907.jpg
2026-04-24 02:37:03  INFO      core.device_resolver  Unresolved device: samsung|Galaxy S25 Ultra → using raw label 'samsung Galaxy S25 Ultra'
2026-04-24 02:37:03  INFO      core.mover  DRY   C:\Users\sippa\Desktop\photo_test\Pyjamas\20250921_182407.jpg  =>  C:\Organized_Media_TEST\Photos\samsung Galaxy S25 Ultra\2025\09_September\20250921_182407.jpg
2026-04-24 02:37:03  INFO      core.device_resolver  Unresolved device: samsung|Galaxy S25 Ultra → using raw label 'samsung Galaxy S25 Ultra'
2026-04-24 02:37:03  INFO      core.mover  DRY   C:\Users\sippa\Desktop\photo_test\Pyjamas\20250921_184235.jpg  =>  C:\Organized_Media_TEST\Photos\samsung Galaxy S25 Ultra\2025\09_September\20250921_184235.jpg
2026-04-24 02:37:03  INFO      core.device_resolver  Unresolved device: samsung|Galaxy S25 Ultra → using raw label 'samsung Galaxy S25 Ultra'
2026-04-24 02:37:03  INFO      core.mover  DRY   C:\Users\sippa\Desktop\photo_test\Pyjamas\20250921_184242.jpg  =>  C:\Organized_Media_TEST\Photos\samsung Galaxy S25 Ultra\2025\09_September\20250921_184242.jpg
2026-04-24 02:37:03  INFO      core.mover  DRY   C:\Users\sippa\Desktop\photo_test\Pyjamas\P2560373.JPG  =>  C:\Organized_Media_TEST\Photos\Panasonic GX85\2022\02_February\P2560373.JPG
2026-04-24 02:37:03  INFO      core.mover  DRY   C:\Users\sippa\Desktop\photo_test\Pyjamas\P2560374.JPG  =>  C:\Organized_Media_TEST\Photos\Panasonic GX85\2022\02_February\P2560374.JPG
2026-04-24 02:37:03  INFO      core.mover  DUPE  P2560375.JPG  (original: C:\Users\sippa\Desktop\photo_test\P2560375.JPG)
2026-04-24 02:37:03  INFO      core.mover  DUPE  P2560380.JPG  (original: C:\Users\sippa\Desktop\photo_test\P2560380.JPG)
2026-04-24 02:37:03  INFO      core.mover  DRY   C:\Users\sippa\Desktop\photo_test\Pyjamas\P2560382.JPG  =>  C:\Organized_Media_TEST\Photos\Panasonic GX85\2022\02_February\P2560382.JPG
2026-04-24 02:37:03  INFO      core.mover  DRY   C:\Users\sippa\Desktop\photo_test\Pyjamas\P2560383.JPG  =>  C:\Organized_Media_TEST\Photos\Panasonic GX85\2022\02_February\P2560383.JPG
2026-04-24 02:37:03  INFO      core.mover  DRY   C:\Users\sippa\Desktop\photo_test\Pyjamas\P2560393.JPG  =>  C:\Organized_Media_TEST\Photos\Panasonic GX85\2022\02_February\P2560393.JPG
2026-04-24 02:37:03  INFO      core.mover  Done. moved=317 dupes=9 errors=0 skipped=0 elapsed=7.5s
2026-04-24 02:37:06  INFO      core.mover  DRY   C:\Users\sippa\Desktop\photo_test\00003.MTS  =>  C:\Organized_Media_TEST\Videos\Unknown_Device\2019\08_August\00003.MTS
2026-04-24 02:37:06  INFO      core.mover  DRY   C:\Users\sippa\Desktop\photo_test\00073.MTS  =>  C:\Organized_Media_TEST\Videos\Unknown_Device\2018\09_September\00073.MTS
2026-04-24 02:37:07  INFO      core.mover  DRY   C:\Users\sippa\Desktop\photo_test\00074.MTS  =>  C:\Organized_Media_TEST\Videos\Unknown_Device\2018\09_September\00074.MTS
2026-04-24 02:37:07  INFO      core.mover  DRY   C:\Users\sippa\Desktop\photo_test\00081.MTS  =>  C:\Organized_Media_TEST\Videos\Unknown_Device\2018\09_September\00081.MTS
2026-04-24 02:37:07  INFO      core.device_resolver  Unresolved device: samsung|SM-N910C → using raw label 'samsung SM-N910C'
2026-04-24 02:37:07  INFO      core.mover  DRY   C:\Users\sippa\Desktop\photo_test\20151219_155545.jpg  =>  C:\Organized_Media_TEST\Photos\samsung SM-N910C\2015\12_December\20151219_155545.jpg
2026-04-24 02:37:07  INFO      core.device_resolver  Unresolved device: samsung|SM-N910C → using raw label 'samsung SM-N910C'
2026-04-24 02:37:07  INFO      core.mover  DRY   C:\Users\sippa\Desktop\photo_test\20160530_195932.jpg  =>  C:\Organized_Media_TEST\Photos\samsung SM-N910C\2016\05_May\20160530_195932.jpg
2026-04-24 02:37:07  INFO      core.mover  DRY   C:\Users\sippa\Desktop\photo_test\20180106_131509.jpg  =>  C:\Organized_Media_TEST\Photos\Samsung Galaxy Note 8\2018\01_January\20180106_131509.jpg
2026-04-24 02:37:07  INFO      core.mover  DRY   C:\Users\sippa\Desktop\photo_test\20180107_163817.jpg  =>  C:\Organized_Media_TEST\Photos\Samsung Galaxy Note 8\2018\01_January\20180107_163817.jpg
2026-04-24 02:37:07  INFO      core.mover  DRY   C:\Users\sippa\Desktop\photo_test\20180108_094914.jpg  =>  C:\Organized_Media_TEST\Photos\Samsung Galaxy Note 8\2018\01_January\20180108_094914.jpg
2026-04-24 02:37:07  INFO      core.mover  DRY   C:\Users\sippa\Desktop\photo_test\20180108_094916.jpg  =>  C:\Organized_Media_TEST\Photos\Samsung Galaxy Note 8\2018\01_January\20180108_094916.jpg
2026-04-24 02:37:07  INFO      core.mover  DRY   C:\Users\sippa\Desktop\photo_test\20180112_185251.jpg  =>  C:\Organized_Media_TEST\Photos\Samsung Galaxy Note 8\2018\01_January\20180112_185251.jpg
2026-04-24 02:37:07  INFO      core.mover  DRY   C:\Users\sippa\Desktop\photo_test\20180120_125333.jpg  =>  C:\Organized_Media_TEST\Photos\Samsung Galaxy Note 8\2018\01_January\20180120_125333.jpg
2026-04-24 02:37:07  INFO      core.mover  DRY   C:\Users\sippa\Desktop\photo_test\20180120_125336.jpg  =>  C:\Organized_Media_TEST\Photos\Samsung Galaxy Note 8\2018\01_January\20180120_125336.jpg
2026-04-24 02:37:07  INFO      core.mover  DRY   C:\Users\sippa\Desktop\photo_test\20200213_094515.mp4  =>  C:\Organized_Media_TEST\Videos\Unknown_Device\2020\02_February\20200213_094515.mp4
2026-04-24 02:37:07  INFO      core.mover  DRY   C:\Users\sippa\Desktop\photo_test\20200227_081540.mp4  =>  C:\Organized_Media_TEST\Videos\Unknown_Device\2020\02_February\20200227_081540.mp4
2026-04-24 02:37:07  INFO      core.mover  DRY   C:\Users\sippa\Desktop\photo_test\20200624_193426.mp4  =>  C:\Organized_Media_TEST\Videos\Unknown_Device\2020\06_June\20200624_193426.mp4
2026-04-24 02:37:07  INFO      core.mover  DRY   C:\Users\sippa\Desktop\photo_test\20230730_170149.jpg  =>  C:\Organized_Media_TEST\Photos\Samsung Galaxy Note 8\2023\07_July\20230730_170149.jpg
2026-04-24 02:37:07  INFO      core.mover  DRY   C:\Users\sippa\Desktop\photo_test\20230730_174024.jpg  =>  C:\Organized_Media_TEST\Photos\Samsung Galaxy Note 8\2023\07_July\20230730_174024.jpg
2026-04-24 02:37:07  INFO      core.mover  DRY   C:\Users\sippa\Desktop\photo_test\20230730_174030.jpg  =>  C:\Organized_Media_TEST\Photos\Samsung Galaxy Note 8\2023\07_July\20230730_174030.jpg
2026-04-24 02:37:07  INFO      core.mover  DRY   C:\Users\sippa\Desktop\photo_test\20230731_172322.mp4  =>  C:\Organized_Media_TEST\Videos\Unknown_Device\2023\07_July\20230731_172322.mp4
2026-04-24 02:37:07  INFO      core.device_resolver  Unresolved device: samsung|Galaxy S25 Ultra → using raw label 'samsung Galaxy S25 Ultra'
2026-04-24 02:37:07  INFO      core.mover  DRY   C:\Users\sippa\Desktop\photo_test\20260306_070840.jpg  =>  C:\Organized_Media_TEST\Photos\samsung Galaxy S25 Ultra\2026\03_March\20260306_070840.jpg
2026-04-24 02:37:07  INFO      core.device_resolver  Unresolved device: samsung|Galaxy S25 Ultra → using raw label 'samsung Galaxy S25 Ultra'
2026-04-24 02:37:07  INFO      core.mover  DRY   C:\Users\sippa\Desktop\photo_test\20260306_070844.jpg  =>  C:\Organized_Media_TEST\Photos\samsung Galaxy S25 Ultra\2026\03_March\20260306_070844.jpg
2026-04-24 02:37:07  INFO      core.device_resolver  Unresolved device: samsung|Galaxy S25 Ultra → using raw label 'samsung Galaxy S25 Ultra'
2026-04-24 02:37:07  INFO      core.mover  DRY   C:\Users\sippa\Desktop\photo_test\20260306_082037.jpg  =>  C:\Organized_Media_TEST\Photos\samsung Galaxy S25 Ultra\2026\03_March\20260306_082037.jpg
2026-04-24 02:37:07  INFO      core.device_resolver  Unresolved device: samsung|Galaxy S25 Ultra → using raw label 'samsung Galaxy S25 Ultra'
2026-04-24 02:37:07  INFO      core.mover  DRY   C:\Users\sippa\Desktop\photo_test\20260306_082039.jpg  =>  C:\Organized_Media_TEST\Photos\samsung Galaxy S25 Ultra\2026\03_March\20260306_082039.jpg
2026-04-24 02:37:07  INFO      core.device_resolver  Unresolved device: samsung|Galaxy S25 Ultra → using raw label 'samsung Galaxy S25 Ultra'
2026-04-24 02:37:07  INFO      core.mover  DRY   C:\Users\sippa\Desktop\photo_test\20260306_132126.jpg  =>  C:\Organized_Media_TEST\Photos\samsung Galaxy S25 Ultra\2026\03_March\20260306_132126.jpg
2026-04-24 02:37:07  INFO      core.device_resolver  Unresolved device: samsung|Galaxy S25 Ultra → using raw label 'samsung Galaxy S25 Ultra'
2026-04-24 02:37:07  INFO      core.mover  DRY   C:\Users\sippa\Desktop\photo_test\20260306_132128.jpg  =>  C:\Organized_Media_TEST\Photos\samsung Galaxy S25 Ultra\2026\03_March\20260306_132128.jpg
2026-04-24 02:37:07  INFO      core.mover  DRY   C:\Users\sippa\Desktop\photo_test\A7I07804.JPG  =>  C:\Organized_Media_TEST\Photos\Sony A7 II\2022\12_December\A7I07804.JPG
2026-04-24 02:37:07  INFO      core.mover  DRY   C:\Users\sippa\Desktop\photo_test\A7I07823.JPG  =>  C:\Organized_Media_TEST\Photos\Sony A7 II\2022\12_December\A7I07823.JPG
2026-04-24 02:37:07  INFO      core.mover  DRY   C:\Users\sippa\Desktop\photo_test\A7I07826.JPG  =>  C:\Organized_Media_TEST\Photos\Sony A7 II\2022\12_December\A7I07826.JPG
2026-04-24 02:37:07  INFO      core.mover  DRY   C:\Users\sippa\Desktop\photo_test\A7I07833.JPG  =>  C:\Organized_Media_TEST\Photos\Sony A7 II\2022\12_December\A7I07833.JPG
2026-04-24 02:37:07  INFO      core.mover  DRY   C:\Users\sippa\Desktop\photo_test\A7I07835.JPG  =>  C:\Organized_Media_TEST\Photos\Sony A7 II\2022\12_December\A7I07835.JPG
2026-04-24 02:37:07  INFO      core.mover  DRY   C:\Users\sippa\Desktop\photo_test\A7I07989.JPG  =>  C:\Organized_Media_TEST\Photos\Sony A7 II\2022\12_December\A7I07989.JPG
2026-04-24 02:37:08  INFO      core.mover  DRY   C:\Users\sippa\Desktop\photo_test\C0322.MP4  =>  C:\Organized_Media_TEST\Videos\Unknown_Device\2020\09_September\C0322.MP4
2026-04-24 02:37:08  INFO      core.mover  DRY   C:\Users\sippa\Desktop\photo_test\C0526.MP4  =>  C:\Organized_Media_TEST\Videos\Unknown_Device\2020\12_December\C0526.MP4
2026-04-24 02:37:08  INFO      core.mover  DRY   C:\Users\sippa\Desktop\photo_test\C1640.MP4  =>  C:\Organized_Media_TEST\Videos\Unknown_Device\2022\10_October\C1640.MP4
2026-04-24 02:37:08  INFO      core.mover  DRY   C:\Users\sippa\Desktop\photo_test\DJI_0890.JPG  =>  C:\Organized_Media_TEST\Photos\DJI Spark\2020\12_December\DJI_0890.JPG
2026-04-24 02:37:08  INFO      core.mover  DRY   C:\Users\sippa\Desktop\photo_test\DJI_0891.JPG  =>  C:\Organized_Media_TEST\Photos\DJI Spark\2020\12_December\DJI_0891.JPG
2026-04-24 02:37:08  INFO      core.mover  DRY   C:\Users\sippa\Desktop\photo_test\DJI_0892.JPG  =>  C:\Organized_Media_TEST\Photos\DJI Spark\2020\12_December\DJI_0892.JPG
2026-04-24 02:37:08  INFO      core.mover  DRY   C:\Users\sippa\Desktop\photo_test\DJI_0914.MP4  =>  C:\Organized_Media_TEST\Videos\Unknown_Device\2021\01_January\DJI_0914.MP4
2026-04-24 02:37:08  INFO      core.mover  DRY   C:\Users\sippa\Desktop\photo_test\DJI_0959.JPG  =>  C:\Organized_Media_TEST\Photos\DJI Spark\2023\01_January\DJI_0959.JPG
2026-04-24 02:37:08  INFO      core.mover  DRY   C:\Users\sippa\Desktop\photo_test\DJI_1292.MP4  =>  C:\Organized_Media_TEST\Videos\Unknown_Device\2026\04_April\DJI_1292.MP4
2026-04-24 02:37:08  INFO      core.mover  DRY   C:\Users\sippa\Desktop\photo_test\DJI_1295.JPG  =>  C:\Organized_Media_TEST\Photos\DJI Spark\2026\04_April\DJI_1295.JPG
2026-04-24 02:37:08  INFO      core.mover  DRY   C:\Users\sippa\Desktop\photo_test\DJI_1296.JPG  =>  C:\Organized_Media_TEST\Photos\DJI Spark\2026\04_April\DJI_1296.JPG
2026-04-24 02:37:08  INFO      core.mover  DRY   C:\Users\sippa\Desktop\photo_test\DSC02383.JPG  =>  C:\Organized_Media_TEST\Photos\Sony FDR-AX33\2023\04_April\DSC02383.JPG
2026-04-24 02:37:08  INFO      core.mover  DRY   C:\Users\sippa\Desktop\photo_test\DSC02403.JPG  =>  C:\Organized_Media_TEST\Photos\Sony FDR-AX33\2023\04_April\DSC02403.JPG
2026-04-24 02:37:08  INFO      core.mover  DRY   C:\Users\sippa\Desktop\photo_test\DSC02427.JPG  =>  C:\Organized_Media_TEST\Photos\Sony FDR-AX33\2023\04_April\DSC02427.JPG
2026-04-24 02:37:08  INFO      core.mover  DRY   C:\Users\sippa\Desktop\photo_test\DSC02447.JPG  =>  C:\Organized_Media_TEST\Photos\Sony FDR-AX33\2023\04_April\DSC02447.JPG
2026-04-24 02:37:08  INFO      core.mover  DRY   C:\Users\sippa\Desktop\photo_test\DSC02460.JPG  =>  C:\Organized_Media_TEST\Photos\Sony FDR-AX33\2023\04_April\DSC02460.JPG
2026-04-24 02:37:08  INFO      core.mover  DRY   C:\Users\sippa\Desktop\photo_test\DSC02462.JPG  =>  C:\Organized_Media_TEST\Photos\Sony FDR-AX33\2023\04_April\DSC02462.JPG
2026-04-24 02:37:08  INFO      core.device_resolver  Unresolved device: SONY|NEX-5N → using raw label 'SONY NEX-5N'
2026-04-24 02:37:08  INFO      core.mover  DRY   C:\Users\sippa\Desktop\photo_test\DSC02501.JPG  =>  C:\Organized_Media_TEST\Photos\SONY NEX-5N\2013\12_December\DSC02501.JPG
2026-04-24 02:37:08  INFO      core.device_resolver  Unresolved device: SONY|NEX-5N → using raw label 'SONY NEX-5N'
2026-04-24 02:37:08  INFO      core.mover  DRY   C:\Users\sippa\Desktop\photo_test\DSC02635.JPG  =>  C:\Organized_Media_TEST\Photos\SONY NEX-5N\2013\12_December\DSC02635.JPG
2026-04-24 02:37:08  INFO      core.device_resolver  Unresolved device: SONY|NEX-5N → using raw label 'SONY NEX-5N'
2026-04-24 02:37:08  INFO      core.mover  DRY   C:\Users\sippa\Desktop\photo_test\DSC02636.JPG  =>  C:\Organized_Media_TEST\Photos\SONY NEX-5N\2013\12_December\DSC02636.JPG
2026-04-24 02:37:08  INFO      core.device_resolver  Unresolved device: SONY|NEX-5N → using raw label 'SONY NEX-5N'
2026-04-24 02:37:08  INFO      core.mover  DRY   C:\Users\sippa\Desktop\photo_test\DSC02647.JPG  =>  C:\Organized_Media_TEST\Photos\SONY NEX-5N\2013\12_December\DSC02647.JPG
2026-04-24 02:37:08  INFO      core.device_resolver  Unresolved device: SONY|NEX-5N → using raw label 'SONY NEX-5N'
2026-04-24 02:37:08  INFO      core.mover  DRY   C:\Users\sippa\Desktop\photo_test\DSC02656.JPG  =>  C:\Organized_Media_TEST\Photos\SONY NEX-5N\2013\12_December\DSC02656.JPG
2026-04-24 02:37:08  INFO      core.device_resolver  Unresolved device: SONY|NEX-5N → using raw label 'SONY NEX-5N'
2026-04-24 02:37:08  INFO      core.mover  DRY   C:\Users\sippa\Desktop\photo_test\DSC02670.JPG  =>  C:\Organized_Media_TEST\Photos\SONY NEX-5N\2013\12_December\DSC02670.JPG
2026-04-24 02:37:08  INFO      core.device_resolver  Unresolved device: SONY|DSLR-A900 → using raw label 'SONY DSLR-A900'
2026-04-24 02:37:08  INFO      core.mover  DRY   C:\Users\sippa\Desktop\photo_test\DSC07884.JPG  =>  C:\Organized_Media_TEST\Photos\SONY DSLR-A900\2014\05_May\DSC07884.JPG
2026-04-24 02:37:08  INFO      core.device_resolver  Unresolved device: SONY|DSLR-A900 → using raw label 'SONY DSLR-A900'
2026-04-24 02:37:08  INFO      core.mover  DRY   C:\Users\sippa\Desktop\photo_test\DSC07885.JPG  =>  C:\Organized_Media_TEST\Photos\SONY DSLR-A900\2014\05_May\DSC07885.JPG
2026-04-24 02:37:08  INFO      core.device_resolver  Unresolved device: SONY|DSLR-A900 → using raw label 'SONY DSLR-A900'
2026-04-24 02:37:08  INFO      core.mover  DRY   C:\Users\sippa\Desktop\photo_test\DSC07887.JPG  =>  C:\Organized_Media_TEST\Photos\SONY DSLR-A900\2014\05_May\DSC07887.JPG
2026-04-24 02:37:08  INFO      core.mover  DRY   C:\Users\sippa\Desktop\photo_test\FB_IMG_1610886602794.jpg  =>  C:\Organized_Media_TEST\Photos\Unknown_Device\2021\01_January\FB_IMG_1610886602794.jpg
2026-04-24 02:37:08  INFO      core.mover  DRY   C:\Users\sippa\Desktop\photo_test\FB_IMG_1610978846038.jpg  =>  C:\Organized_Media_TEST\Photos\Unknown_Device\2021\01_January\FB_IMG_1610978846038.jpg
2026-04-24 02:37:08  INFO      core.mover  DRY   C:\Users\sippa\Desktop\photo_test\FB_IMG_1611486097513.jpg  =>  C:\Organized_Media_TEST\Photos\Unknown_Device\2021\01_January\FB_IMG_1611486097513.jpg
2026-04-24 02:37:08  INFO      core.mover  DRY   C:\Users\sippa\Desktop\photo_test\FB_IMG_1611898136859.jpg  =>  C:\Organized_Media_TEST\Photos\Unknown_Device\2021\01_January\FB_IMG_1611898136859.jpg
2026-04-24 02:37:08  INFO      core.mover  DRY   C:\Users\sippa\Desktop\photo_test\FB_IMG_1612071086257.jpg  =>  C:\Organized_Media_TEST\Photos\Unknown_Device\2021\01_January\FB_IMG_1612071086257.jpg
2026-04-24 02:37:08  INFO      core.mover  DRY   C:\Users\sippa\Desktop\photo_test\FB_IMG_1613374817091.jpg  =>  C:\Organized_Media_TEST\Photos\Unknown_Device\2021\02_February\FB_IMG_1613374817091.jpg
2026-04-24 02:37:08  INFO      core.mover  DRY   C:\Users\sippa\Desktop\photo_test\FB_IMG_1613999273542.jpg  =>  C:\Organized_Media_TEST\Photos\Unknown_Device\2021\02_February\FB_IMG_1613999273542.jpg
2026-04-24 02:37:08  INFO      core.mover  DRY   C:\Users\sippa\Desktop\photo_test\FB_IMG_1614128489222.jpg  =>  C:\Organized_Media_TEST\Photos\Unknown_Device\2021\02_February\FB_IMG_1614128489222.jpg
2026-04-24 02:37:08  INFO      core.mover  DRY   C:\Users\sippa\Desktop\photo_test\FB_IMG_1614495158485.jpg  =>  C:\Organized_Media_TEST\Photos\Unknown_Device\2021\02_February\FB_IMG_1614495158485.jpg
2026-04-24 02:37:08  INFO      core.mover  DRY   C:\Users\sippa\Desktop\photo_test\FB_IMG_1614771485590.jpg  =>  C:\Organized_Media_TEST\Photos\Unknown_Device\2021\03_March\FB_IMG_1614771485590.jpg
2026-04-24 02:37:08  INFO      core.mover  DRY   C:\Users\sippa\Desktop\photo_test\FB_IMG_1614776237701.jpg  =>  C:\Organized_Media_TEST\Photos\Unknown_Device\2021\03_March\FB_IMG_1614776237701.jpg
2026-04-24 02:37:08  INFO      core.mover  DRY   C:\Users\sippa\Desktop\photo_test\FB_IMG_1614865539175.jpg  =>  C:\Organized_Media_TEST\Photos\Unknown_Device\2021\03_March\FB_IMG_1614865539175.jpg
2026-04-24 02:37:08  INFO      core.mover  DRY   C:\Users\sippa\Desktop\photo_test\FB_IMG_1614915905520.jpg  =>  C:\Organized_Media_TEST\Photos\Unknown_Device\2021\03_March\FB_IMG_1614915905520.jpg
2026-04-24 02:37:08  INFO      core.mover  DRY   C:\Users\sippa\Desktop\photo_test\FB_IMG_1615025595566.jpg  =>  C:\Organized_Media_TEST\Photos\Unknown_Device\2021\03_March\FB_IMG_1615025595566.jpg
2026-04-24 02:37:08  INFO      core.mover  DRY   C:\Users\sippa\Desktop\photo_test\FB_IMG_1615514453996.jpg  =>  C:\Organized_Media_TEST\Photos\Unknown_Device\2021\03_March\FB_IMG_1615514453996.jpg
2026-04-24 02:37:08  INFO      core.mover  DRY   C:\Users\sippa\Desktop\photo_test\FB_IMG_1615530520541.jpg  =>  C:\Organized_Media_TEST\Photos\Unknown_Device\2021\03_March\FB_IMG_1615530520541.jpg
2026-04-24 02:37:08  INFO      core.mover  DRY   C:\Users\sippa\Desktop\photo_test\FB_IMG_1615530528077.jpg  =>  C:\Organized_Media_TEST\Photos\Unknown_Device\2021\03_March\FB_IMG_1615530528077.jpg
2026-04-24 02:37:08  INFO      core.mover  DRY   C:\Users\sippa\Desktop\photo_test\FB_IMG_1615768292470.jpg  =>  C:\Organized_Media_TEST\Photos\Unknown_Device\2021\03_March\FB_IMG_1615768292470.jpg
2026-04-24 02:37:08  INFO      core.mover  DRY   C:\Users\sippa\Desktop\photo_test\FB_IMG_1615768294845.jpg  =>  C:\Organized_Media_TEST\Photos\Unknown_Device\2021\03_March\FB_IMG_1615768294845.jpg
2026-04-24 02:37:08  INFO      core.mover  DRY   C:\Users\sippa\Desktop\photo_test\FB_IMG_1615768296975.jpg  =>  C:\Organized_Media_TEST\Photos\Unknown_Device\2021\03_March\FB_IMG_1615768296975.jpg
2026-04-24 02:37:08  INFO      core.mover  DRY   C:\Users\sippa\Desktop\photo_test\FB_IMG_1615768299212.jpg  =>  C:\Organized_Media_TEST\Photos\Unknown_Device\2021\03_March\FB_IMG_1615768299212.jpg
2026-04-24 02:37:08  INFO      core.mover  DRY   C:\Users\sippa\Desktop\photo_test\FB_IMG_1615768301847.jpg  =>  C:\Organized_Media_TEST\Photos\Unknown_Device\2021\03_March\FB_IMG_1615768301847.jpg
2026-04-24 02:37:08  INFO      core.mover  DRY   C:\Users\sippa\Desktop\photo_test\FB_IMG_1615768305498.jpg  =>  C:\Organized_Media_TEST\Photos\Unknown_Device\2021\03_March\FB_IMG_1615768305498.jpg
2026-04-24 02:37:08  INFO      core.mover  DRY   C:\Users\sippa\Desktop\photo_test\FB_IMG_1616400261556.jpg  =>  C:\Organized_Media_TEST\Photos\Unknown_Device\2021\03_March\FB_IMG_1616400261556.jpg
2026-04-24 02:37:08  INFO      core.mover  DRY   C:\Users\sippa\Desktop\photo_test\FB_IMG_1616588202981.jpg  =>  C:\Organized_Media_TEST\Photos\Unknown_Device\2021\03_March\FB_IMG_1616588202981.jpg
2026-04-24 02:37:08  INFO      core.mover  DRY   C:\Users\sippa\Desktop\photo_test\FB_IMG_1616918172165.jpg  =>  C:\Organized_Media_TEST\Photos\Unknown_Device\2021\03_March\FB_IMG_1616918172165.jpg
2026-04-24 02:37:08  INFO      core.mover  DRY   C:\Users\sippa\Desktop\photo_test\FB_IMG_1616918175756.jpg  =>  C:\Organized_Media_TEST\Photos\Unknown_Device\2021\03_March\FB_IMG_1616918175756.jpg
2026-04-24 02:37:08  INFO      core.mover  DRY   C:\Users\sippa\Desktop\photo_test\FB_IMG_1618041578519.jpg  =>  C:\Organized_Media_TEST\Photos\Unknown_Device\2021\04_April\FB_IMG_1618041578519.jpg
2026-04-24 02:37:08  INFO      core.mover  DRY   C:\Users\sippa\Desktop\photo_test\FB_IMG_1618456115721.jpg  =>  C:\Organized_Media_TEST\Photos\Unknown_Device\2021\04_April\FB_IMG_1618456115721.jpg
2026-04-24 02:37:08  INFO      core.mover  DRY   C:\Users\sippa\Desktop\photo_test\FB_IMG_1618625350020.jpg  =>  C:\Organized_Media_TEST\Photos\Unknown_Device\2021\04_April\FB_IMG_1618625350020.jpg
2026-04-24 02:37:08  INFO      core.mover  DRY   C:\Users\sippa\Desktop\photo_test\FB_IMG_1618625355355.jpg  =>  C:\Organized_Media_TEST\Photos\Unknown_Device\2021\04_April\FB_IMG_1618625355355.jpg
2026-04-24 02:37:08  INFO      core.mover  DRY   C:\Users\sippa\Desktop\photo_test\FB_IMG_1618842604396.jpg  =>  C:\Organized_Media_TEST\Photos\Unknown_Device\2021\04_April\FB_IMG_1618842604396.jpg
2026-04-24 02:37:08  INFO      core.mover  DRY   C:\Users\sippa\Desktop\photo_test\FB_IMG_1618899721741.jpg  =>  C:\Organized_Media_TEST\Photos\Unknown_Device\2021\04_April\FB_IMG_1618899721741.jpg
2026-04-24 02:37:08  INFO      core.mover  DRY   C:\Users\sippa\Desktop\photo_test\FB_IMG_1619160306874.jpg  =>  C:\Organized_Media_TEST\Photos\Unknown_Device\2021\04_April\FB_IMG_1619160306874.jpg
2026-04-24 02:37:08  INFO      core.mover  DRY   C:\Users\sippa\Desktop\photo_test\FB_IMG_1619160312469.jpg  =>  C:\Organized_Media_TEST\Photos\Unknown_Device\2021\04_April\FB_IMG_1619160312469.jpg
2026-04-24 02:37:08  INFO      core.mover  DRY   C:\Users\sippa\Desktop\photo_test\FB_IMG_1619244251396.jpg  =>  C:\Organized_Media_TEST\Photos\Unknown_Device\2021\04_April\FB_IMG_1619244251396.jpg
2026-04-24 02:37:08  INFO      core.mover  DRY   C:\Users\sippa\Desktop\photo_test\FB_IMG_1619361153010.jpg  =>  C:\Organized_Media_TEST\Photos\Unknown_Device\2021\04_April\FB_IMG_1619361153010.jpg
2026-04-24 02:37:08  INFO      core.mover  DRY   C:\Users\sippa\Desktop\photo_test\FB_IMG_1619776600282.jpg  =>  C:\Organized_Media_TEST\Photos\Unknown_Device\2021\04_April\FB_IMG_1619776600282.jpg
2026-04-24 02:37:08  INFO      core.mover  DRY   C:\Users\sippa\Desktop\photo_test\FB_IMG_1619930641041.jpg  =>  C:\Organized_Media_TEST\Photos\Unknown_Device\2021\05_May\FB_IMG_1619930641041.jpg
2026-04-24 02:37:08  INFO      core.mover  DRY   C:\Users\sippa\Desktop\photo_test\FB_IMG_1619930660810.jpg  =>  C:\Organized_Media_TEST\Photos\Unknown_Device\2021\05_May\FB_IMG_1619930660810.jpg
2026-04-24 02:37:08  INFO      core.mover  DRY   C:\Users\sippa\Desktop\photo_test\FB_IMG_1619930685988.jpg  =>  C:\Organized_Media_TEST\Photos\Unknown_Device\2021\05_May\FB_IMG_1619930685988.jpg
2026-04-24 02:37:08  INFO      core.mover  DRY   C:\Users\sippa\Desktop\photo_test\FB_IMG_1619970194614.jpg  =>  C:\Organized_Media_TEST\Photos\Unknown_Device\2021\05_May\FB_IMG_1619970194614.jpg
2026-04-24 02:37:08  INFO      core.mover  DRY   C:\Users\sippa\Desktop\photo_test\FB_IMG_1620050153735.jpg  =>  C:\Organized_Media_TEST\Photos\Unknown_Device\2021\05_May\FB_IMG_1620050153735.jpg
2026-04-24 02:37:08  INFO      core.mover  DRY   C:\Users\sippa\Desktop\photo_test\FB_IMG_1620274269356.jpg  =>  C:\Organized_Media_TEST\Photos\Unknown_Device\2021\05_May\FB_IMG_1620274269356.jpg
2026-04-24 02:37:08  INFO      core.mover  DRY   C:\Users\sippa\Desktop\photo_test\FB_IMG_1620282147781.jpg  =>  C:\Organized_Media_TEST\Photos\Unknown_Device\2021\05_May\FB_IMG_1620282147781.jpg
2026-04-24 02:37:08  INFO      core.mover  DRY   C:\Users\sippa\Desktop\photo_test\FB_IMG_1620715456938.jpg  =>  C:\Organized_Media_TEST\Photos\Unknown_Device\2021\05_May\FB_IMG_1620715456938.jpg
2026-04-24 02:37:08  INFO      core.mover  DRY   C:\Users\sippa\Desktop\photo_test\FB_IMG_1620787788997.jpg  =>  C:\Organized_Media_TEST\Photos\Unknown_Device\2021\05_May\FB_IMG_1620787788997.jpg
2026-04-24 02:37:08  INFO      core.mover  DRY   C:\Users\sippa\Desktop\photo_test\FB_IMG_1620787803147.jpg  =>  C:\Organized_Media_TEST\Photos\Unknown_Device\2021\05_May\FB_IMG_1620787803147.jpg
2026-04-24 02:37:08  INFO      core.mover  DRY   C:\Users\sippa\Desktop\photo_test\FB_IMG_1621136854904.jpg  =>  C:\Organized_Media_TEST\Photos\Unknown_Device\2021\05_May\FB_IMG_1621136854904.jpg
2026-04-24 02:37:08  INFO      core.mover  DRY   C:\Users\sippa\Desktop\photo_test\FB_IMG_1621372923787.jpg  =>  C:\Organized_Media_TEST\Photos\Unknown_Device\2021\05_May\FB_IMG_1621372923787.jpg
2026-04-24 02:37:08  INFO      core.mover  DRY   C:\Users\sippa\Desktop\photo_test\FB_IMG_1621561840556.jpg  =>  C:\Organized_Media_TEST\Photos\Unknown_Device\2021\05_May\FB_IMG_1621561840556.jpg
2026-04-24 02:37:08  INFO      core.mover  DRY   C:\Users\sippa\Desktop\photo_test\FB_IMG_1621572203015.jpg  =>  C:\Organized_Media_TEST\Photos\Unknown_Device\2021\05_May\FB_IMG_1621572203015.jpg
2026-04-24 02:37:08  INFO      core.mover  DRY   C:\Users\sippa\Desktop\photo_test\FB_IMG_1621655594649.jpg  =>  C:\Organized_Media_TEST\Photos\Unknown_Device\2021\05_May\FB_IMG_1621655594649.jpg
2026-04-24 02:37:08  INFO      core.mover  DRY   C:\Users\sippa\Desktop\photo_test\FB_IMG_1621831348180.jpg  =>  C:\Organized_Media_TEST\Photos\Unknown_Device\2021\05_May\FB_IMG_1621831348180.jpg
2026-04-24 02:37:08  INFO      core.mover  DRY   C:\Users\sippa\Desktop\photo_test\FB_IMG_1621848499759.jpg  =>  C:\Organized_Media_TEST\Photos\Unknown_Device\2021\05_May\FB_IMG_1621848499759.jpg
2026-04-24 02:37:08  INFO      core.mover  DRY   C:\Users\sippa\Desktop\photo_test\FB_IMG_1622323782060.jpg  =>  C:\Organized_Media_TEST\Photos\Unknown_Device\2021\05_May\FB_IMG_1622323782060.jpg
2026-04-24 02:37:08  INFO      core.mover  DRY   C:\Users\sippa\Desktop\photo_test\FB_IMG_1622325473985.jpg  =>  C:\Organized_Media_TEST\Photos\Unknown_Device\2021\05_May\FB_IMG_1622325473985.jpg
2026-04-24 02:37:08  INFO      core.mover  DRY   C:\Users\sippa\Desktop\photo_test\FB_IMG_1622325644882.jpg  =>  C:\Organized_Media_TEST\Photos\Unknown_Device\2021\05_May\FB_IMG_1622325644882.jpg
2026-04-24 02:37:08  INFO      core.mover  DRY   C:\Users\sippa\Desktop\photo_test\FB_IMG_1622325738403.jpg  =>  C:\Organized_Media_TEST\Photos\Unknown_Device\2021\05_May\FB_IMG_1622325738403.jpg
2026-04-24 02:37:08  INFO      core.mover  DRY   C:\Users\sippa\Desktop\photo_test\FB_IMG_1622325841435.jpg  =>  C:\Organized_Media_TEST\Photos\Unknown_Device\2021\05_May\FB_IMG_1622325841435.jpg
2026-04-24 02:37:08  INFO      core.mover  DRY   C:\Users\sippa\Desktop\photo_test\FB_IMG_1622373136478.jpg  =>  C:\Organized_Media_TEST\Photos\Unknown_Device\2021\05_May\FB_IMG_1622373136478.jpg
2026-04-24 02:37:08  INFO      core.mover  DRY   C:\Users\sippa\Desktop\photo_test\FB_IMG_1622453947143.jpg  =>  C:\Organized_Media_TEST\Photos\Unknown_Device\2021\05_May\FB_IMG_1622453947143.jpg
2026-04-24 02:37:08  INFO      core.mover  DRY   C:\Users\sippa\Desktop\photo_test\FB_IMG_1622467885452.jpg  =>  C:\Organized_Media_TEST\Photos\Unknown_Device\2021\05_May\FB_IMG_1622467885452.jpg
2026-04-24 02:37:08  INFO      core.mover  DRY   C:\Users\sippa\Desktop\photo_test\FB_IMG_1622475212335.jpg  =>  C:\Organized_Media_TEST\Photos\Unknown_Device\2021\05_May\FB_IMG_1622475212335.jpg
2026-04-24 02:37:08  INFO      core.mover  DRY   C:\Users\sippa\Desktop\photo_test\FB_IMG_1622479508198.jpg  =>  C:\Organized_Media_TEST\Photos\Unknown_Device\2021\05_May\FB_IMG_1622479508198.jpg
2026-04-24 02:37:08  INFO      core.mover  DRY   C:\Users\sippa\Desktop\photo_test\FB_IMG_1622700007326.jpg  =>  C:\Organized_Media_TEST\Photos\Unknown_Device\2021\06_June\FB_IMG_1622700007326.jpg
2026-04-24 02:37:08  INFO      core.mover  DRY   C:\Users\sippa\Desktop\photo_test\FB_IMG_1622796590372.jpg  =>  C:\Organized_Media_TEST\Photos\Unknown_Device\2021\06_June\FB_IMG_1622796590372.jpg
2026-04-24 02:37:08  INFO      core.mover  DRY   C:\Users\sippa\Desktop\photo_test\FB_IMG_1622969411071.jpg  =>  C:\Organized_Media_TEST\Photos\Unknown_Device\2021\06_June\FB_IMG_1622969411071.jpg
2026-04-24 02:37:08  INFO      core.mover  DRY   C:\Users\sippa\Desktop\photo_test\FB_IMG_1623162319868.jpg  =>  C:\Organized_Media_TEST\Photos\Unknown_Device\2021\06_June\FB_IMG_1623162319868.jpg
2026-04-24 02:37:08  INFO      core.mover  DRY   C:\Users\sippa\Desktop\photo_test\FB_IMG_1623163565451.jpg  =>  C:\Organized_Media_TEST\Photos\Unknown_Device\2021\06_June\FB_IMG_1623163565451.jpg
2026-04-24 02:37:08  INFO      core.mover  DRY   C:\Users\sippa\Desktop\photo_test\FB_IMG_1623495191744.jpg  =>  C:\Organized_Media_TEST\Photos\Unknown_Device\2021\06_June\FB_IMG_1623495191744.jpg
2026-04-24 02:37:08  INFO      core.mover  DRY   C:\Users\sippa\Desktop\photo_test\FB_IMG_1623559632776.jpg  =>  C:\Organized_Media_TEST\Photos\Unknown_Device\2021\06_June\FB_IMG_1623559632776.jpg
2026-04-24 02:37:08  INFO      core.mover  DRY   C:\Users\sippa\Desktop\photo_test\FB_IMG_1623635637586.jpg  =>  C:\Organized_Media_TEST\Photos\Unknown_Device\2021\06_June\FB_IMG_1623635637586.jpg
2026-04-24 02:37:08  INFO      core.mover  DRY   C:\Users\sippa\Desktop\photo_test\FB_IMG_1623839764971.jpg  =>  C:\Organized_Media_TEST\Photos\Unknown_Device\2021\06_June\FB_IMG_1623839764971.jpg
2026-04-24 02:37:08  INFO      core.mover  DRY   C:\Users\sippa\Desktop\photo_test\FB_IMG_1623839819157.jpg  =>  C:\Organized_Media_TEST\Photos\Unknown_Device\2021\06_June\FB_IMG_1623839819157.jpg
2026-04-24 02:37:08  INFO      core.mover  DRY   C:\Users\sippa\Desktop\photo_test\FB_IMG_1623839838499.jpg  =>  C:\Organized_Media_TEST\Photos\Unknown_Device\2021\06_June\FB_IMG_1623839838499.jpg
2026-04-24 02:37:08  INFO      core.mover  DRY   C:\Users\sippa\Desktop\photo_test\FB_IMG_1623839841647.jpg  =>  C:\Organized_Media_TEST\Photos\Unknown_Device\2021\06_June\FB_IMG_1623839841647.jpg
2026-04-24 02:37:08  INFO      core.mover  DRY   C:\Users\sippa\Desktop\photo_test\FB_IMG_1623839844029.jpg  =>  C:\Organized_Media_TEST\Photos\Unknown_Device\2021\06_June\FB_IMG_1623839844029.jpg
2026-04-24 02:37:08  INFO      core.mover  DRY   C:\Users\sippa\Desktop\photo_test\FB_IMG_1623849478314.jpg  =>  C:\Organized_Media_TEST\Photos\Unknown_Device\2021\06_June\FB_IMG_1623849478314.jpg
2026-04-24 02:37:08  INFO      core.mover  DRY   C:\Users\sippa\Desktop\photo_test\FB_IMG_1624160483647.jpg  =>  C:\Organized_Media_TEST\Photos\Unknown_Device\2021\06_June\FB_IMG_1624160483647.jpg
2026-04-24 02:37:08  INFO      core.mover  DRY   C:\Users\sippa\Desktop\photo_test\FB_IMG_1624160492923.jpg  =>  C:\Organized_Media_TEST\Photos\Unknown_Device\2021\06_June\FB_IMG_1624160492923.jpg
2026-04-24 02:37:08  INFO      core.mover  DRY   C:\Users\sippa\Desktop\photo_test\FB_IMG_1624160527258.jpg  =>  C:\Organized_Media_TEST\Photos\Unknown_Device\2021\06_June\FB_IMG_1624160527258.jpg
2026-04-24 02:37:08  INFO      core.mover  DRY   C:\Users\sippa\Desktop\photo_test\FB_IMG_1624160549465.jpg  =>  C:\Organized_Media_TEST\Photos\Unknown_Device\2021\06_June\FB_IMG_1624160549465.jpg
2026-04-24 02:37:08  INFO      core.mover  DRY   C:\Users\sippa\Desktop\photo_test\FB_IMG_1624160569880.jpg  =>  C:\Organized_Media_TEST\Photos\Unknown_Device\2021\06_June\FB_IMG_1624160569880.jpg
2026-04-24 02:37:08  INFO      core.mover  DRY   C:\Users\sippa\Desktop\photo_test\FB_IMG_1624160602014.jpg  =>  C:\Organized_Media_TEST\Photos\Unknown_Device\2021\06_June\FB_IMG_1624160602014.jpg
2026-04-24 02:37:08  INFO      core.mover  DRY   C:\Users\sippa\Desktop\photo_test\FB_IMG_1624160630260.jpg  =>  C:\Organized_Media_TEST\Photos\Unknown_Device\2021\06_June\FB_IMG_1624160630260.jpg
2026-04-24 02:37:08  INFO      core.mover  DRY   C:\Users\sippa\Desktop\photo_test\FB_IMG_1624535578732.jpg  =>  C:\Organized_Media_TEST\Photos\Unknown_Device\2021\06_June\FB_IMG_1624535578732.jpg
2026-04-24 02:37:08  INFO      core.mover  DRY   C:\Users\sippa\Desktop\photo_test\FB_IMG_1624786704258.jpg  =>  C:\Organized_Media_TEST\Photos\Unknown_Device\2021\06_June\FB_IMG_1624786704258.jpg
2026-04-24 02:37:08  INFO      core.mover  DRY   C:\Users\sippa\Desktop\photo_test\FB_IMG_1624790461520.jpg  =>  C:\Organized_Media_TEST\Photos\Unknown_Device\2021\06_June\FB_IMG_1624790461520.jpg
2026-04-24 02:37:08  INFO      core.mover  DRY   C:\Users\sippa\Desktop\photo_test\FB_IMG_1625033732451.jpg  =>  C:\Organized_Media_TEST\Photos\Unknown_Device\2021\06_June\FB_IMG_1625033732451.jpg
2026-04-24 02:37:08  INFO      core.mover  DRY   C:\Users\sippa\Desktop\photo_test\FB_IMG_1625321076759.jpg  =>  C:\Organized_Media_TEST\Photos\Unknown_Device\2021\07_July\FB_IMG_1625321076759.jpg
2026-04-24 02:37:08  INFO      core.mover  DRY   C:\Users\sippa\Desktop\photo_test\FB_IMG_1625536762607.jpg  =>  C:\Organized_Media_TEST\Photos\Unknown_Device\2021\07_July\FB_IMG_1625536762607.jpg
2026-04-24 02:37:08  INFO      core.mover  DRY   C:\Users\sippa\Desktop\photo_test\FB_IMG_1625544499558.jpg  =>  C:\Organized_Media_TEST\Photos\Unknown_Device\2021\07_July\FB_IMG_1625544499558.jpg
2026-04-24 02:37:08  INFO      core.mover  DRY   C:\Users\sippa\Desktop\photo_test\FB_IMG_1625544562014.jpg  =>  C:\Organized_Media_TEST\Photos\Unknown_Device\2021\07_July\FB_IMG_1625544562014.jpg
2026-04-24 02:37:08  INFO      core.mover  DRY   C:\Users\sippa\Desktop\photo_test\FB_IMG_1625544571220.jpg  =>  C:\Organized_Media_TEST\Photos\Unknown_Device\2021\07_July\FB_IMG_1625544571220.jpg
2026-04-24 02:37:08  INFO      core.mover  DRY   C:\Users\sippa\Desktop\photo_test\FB_IMG_1625935802503.jpg  =>  C:\Organized_Media_TEST\Photos\Unknown_Device\2021\07_July\FB_IMG_1625935802503.jpg
2026-04-24 02:37:08  INFO      core.mover  DRY   C:\Users\sippa\Desktop\photo_test\FB_IMG_1625935933720.jpg  =>  C:\Organized_Media_TEST\Photos\Unknown_Device\2021\07_July\FB_IMG_1625935933720.jpg
2026-04-24 02:37:08  INFO      core.mover  DRY   C:\Users\sippa\Desktop\photo_test\FB_IMG_1626269564118.jpg  =>  C:\Organized_Media_TEST\Photos\Unknown_Device\2021\07_July\FB_IMG_1626269564118.jpg
2026-04-24 02:37:08  INFO      core.mover  DRY   C:\Users\sippa\Desktop\photo_test\FB_IMG_1627001269969.jpg  =>  C:\Organized_Media_TEST\Photos\Unknown_Device\2021\07_July\FB_IMG_1627001269969.jpg
2026-04-24 02:37:08  INFO      core.mover  DRY   C:\Users\sippa\Desktop\photo_test\FB_IMG_1627116435630.jpg  =>  C:\Organized_Media_TEST\Photos\Unknown_Device\2021\07_July\FB_IMG_1627116435630.jpg
2026-04-24 02:37:08  INFO      core.mover  DRY   C:\Users\sippa\Desktop\photo_test\FB_IMG_1627188818970.jpg  =>  C:\Organized_Media_TEST\Photos\Unknown_Device\2021\07_July\FB_IMG_1627188818970.jpg
2026-04-24 02:37:08  INFO      core.mover  DRY   C:\Users\sippa\Desktop\photo_test\FB_IMG_1627268756737.jpg  =>  C:\Organized_Media_TEST\Photos\Unknown_Device\2021\07_July\FB_IMG_1627268756737.jpg
2026-04-24 02:37:08  INFO      core.mover  DRY   C:\Users\sippa\Desktop\photo_test\FB_IMG_1627817381582.jpg  =>  C:\Organized_Media_TEST\Photos\Unknown_Device\2021\08_August\FB_IMG_1627817381582.jpg
2026-04-24 02:37:08  INFO      core.mover  DRY   C:\Users\sippa\Desktop\photo_test\FB_IMG_1628006103025.jpg  =>  C:\Organized_Media_TEST\Photos\Unknown_Device\2021\08_August\FB_IMG_1628006103025.jpg
2026-04-24 02:37:08  INFO      core.mover  DRY   C:\Users\sippa\Desktop\photo_test\FB_IMG_1628006105692.jpg  =>  C:\Organized_Media_TEST\Photos\Unknown_Device\2021\08_August\FB_IMG_1628006105692.jpg
2026-04-24 02:37:08  INFO      core.mover  DRY   C:\Users\sippa\Desktop\photo_test\FB_IMG_1628006108037.jpg  =>  C:\Organized_Media_TEST\Photos\Unknown_Device\2021\08_August\FB_IMG_1628006108037.jpg
2026-04-24 02:37:08  INFO      core.mover  DRY   C:\Users\sippa\Desktop\photo_test\FB_IMG_1628528842615.jpg  =>  C:\Organized_Media_TEST\Photos\Unknown_Device\2021\08_August\FB_IMG_1628528842615.jpg
2026-04-24 02:37:08  INFO      core.mover  DRY   C:\Users\sippa\Desktop\photo_test\FB_IMG_1628737607591.jpg  =>  C:\Organized_Media_TEST\Photos\Unknown_Device\2021\08_August\FB_IMG_1628737607591.jpg
2026-04-24 02:37:08  INFO      core.mover  DRY   C:\Users\sippa\Desktop\photo_test\FB_IMG_1628816749698.jpg  =>  C:\Organized_Media_TEST\Photos\Unknown_Device\2021\08_August\FB_IMG_1628816749698.jpg
2026-04-24 02:37:08  INFO      core.mover  DRY   C:\Users\sippa\Desktop\photo_test\FB_IMG_1628865732905.jpg  =>  C:\Organized_Media_TEST\Photos\Unknown_Device\2021\08_August\FB_IMG_1628865732905.jpg
2026-04-24 02:37:08  INFO      core.mover  DRY   C:\Users\sippa\Desktop\photo_test\FB_IMG_1628868302500.jpg  =>  C:\Organized_Media_TEST\Photos\Unknown_Device\2021\08_August\FB_IMG_1628868302500.jpg
2026-04-24 02:37:08  INFO      core.mover  DRY   C:\Users\sippa\Desktop\photo_test\FB_IMG_1628913750818.jpg  =>  C:\Organized_Media_TEST\Photos\Unknown_Device\2021\08_August\FB_IMG_1628913750818.jpg
2026-04-24 02:37:08  INFO      core.mover  DRY   C:\Users\sippa\Desktop\photo_test\FB_IMG_1628917594131.jpg  =>  C:\Organized_Media_TEST\Photos\Unknown_Device\2021\08_August\FB_IMG_1628917594131.jpg
2026-04-24 02:37:08  INFO      core.mover  DRY   C:\Users\sippa\Desktop\photo_test\FB_IMG_1628917596504.jpg  =>  C:\Organized_Media_TEST\Photos\Unknown_Device\2021\08_August\FB_IMG_1628917596504.jpg
2026-04-24 02:37:08  INFO      core.mover  DRY   C:\Users\sippa\Desktop\photo_test\FB_IMG_1628917598590.jpg  =>  C:\Organized_Media_TEST\Photos\Unknown_Device\2021\08_August\FB_IMG_1628917598590.jpg
2026-04-24 02:37:08  INFO      core.mover  DRY   C:\Users\sippa\Desktop\photo_test\FB_IMG_1628917600969.jpg  =>  C:\Organized_Media_TEST\Photos\Unknown_Device\2021\08_August\FB_IMG_1628917600969.jpg
2026-04-24 02:37:08  INFO      core.mover  DRY   C:\Users\sippa\Desktop\photo_test\FB_IMG_1628917605042.jpg  =>  C:\Organized_Media_TEST\Photos\Unknown_Device\2021\08_August\FB_IMG_1628917605042.jpg
2026-04-24 02:37:08  INFO      core.mover  DRY   C:\Users\sippa\Desktop\photo_test\FB_IMG_1628917607465.jpg  =>  C:\Organized_Media_TEST\Photos\Unknown_Device\2021\08_August\FB_IMG_1628917607465.jpg
2026-04-24 02:37:08  INFO      core.mover  DRY   C:\Users\sippa\Desktop\photo_test\FB_IMG_1628985112639.jpg  =>  C:\Organized_Media_TEST\Photos\Unknown_Device\2021\08_August\FB_IMG_1628985112639.jpg
2026-04-24 02:37:08  INFO      core.mover  DRY   C:\Users\sippa\Desktop\photo_test\FB_IMG_1629611227433.jpg  =>  C:\Organized_Media_TEST\Photos\Unknown_Device\2021\08_August\FB_IMG_1629611227433.jpg
2026-04-24 02:37:08  INFO      core.mover  DRY   C:\Users\sippa\Desktop\photo_test\FB_IMG_1630376017799.jpg  =>  C:\Organized_Media_TEST\Photos\Unknown_Device\2021\08_August\FB_IMG_1630376017799.jpg
2026-04-24 02:37:08  INFO      core.mover  DRY   C:\Users\sippa\Desktop\photo_test\FB_IMG_1630378338646.jpg  =>  C:\Organized_Media_TEST\Photos\Unknown_Device\2021\08_August\FB_IMG_1630378338646.jpg
2026-04-24 02:37:08  INFO      core.mover  DRY   C:\Users\sippa\Desktop\photo_test\FB_IMG_1631425192265.jpg  =>  C:\Organized_Media_TEST\Photos\Unknown_Device\2021\09_September\FB_IMG_1631425192265.jpg
2026-04-24 02:37:08  INFO      core.mover  DRY   C:\Users\sippa\Desktop\photo_test\FB_IMG_1631906302246.jpg  =>  C:\Organized_Media_TEST\Photos\Unknown_Device\2021\09_September\FB_IMG_1631906302246.jpg
2026-04-24 02:37:08  INFO      core.mover  DRY   C:\Users\sippa\Desktop\photo_test\FB_IMG_1632441262440.jpg  =>  C:\Organized_Media_TEST\Photos\Unknown_Device\2021\09_September\FB_IMG_1632441262440.jpg
2026-04-24 02:37:08  INFO      core.mover  DRY   C:\Users\sippa\Desktop\photo_test\FB_IMG_1632754910486.jpg  =>  C:\Organized_Media_TEST\Photos\Unknown_Device\2021\09_September\FB_IMG_1632754910486.jpg
2026-04-24 02:37:08  INFO      core.mover  DRY   C:\Users\sippa\Desktop\photo_test\FB_IMG_1633418644449.jpg  =>  C:\Organized_Media_TEST\Photos\Unknown_Device\2021\10_October\FB_IMG_1633418644449.jpg
2026-04-24 02:37:08  INFO      core.mover  DRY   C:\Users\sippa\Desktop\photo_test\FB_IMG_1634438935238.jpg  =>  C:\Organized_Media_TEST\Photos\Unknown_Device\2021\10_October\FB_IMG_1634438935238.jpg
2026-04-24 02:37:08  INFO      core.mover  DRY   C:\Users\sippa\Desktop\photo_test\FB_IMG_1635790918796.jpg  =>  C:\Organized_Media_TEST\Photos\Unknown_Device\2021\11_November\FB_IMG_1635790918796.jpg
2026-04-24 02:37:08  INFO      core.mover  DRY   C:\Users\sippa\Desktop\photo_test\FB_IMG_1635790994295.jpg  =>  C:\Organized_Media_TEST\Photos\Unknown_Device\2021\11_November\FB_IMG_1635790994295.jpg
2026-04-24 02:37:08  INFO      core.mover  DRY   C:\Users\sippa\Desktop\photo_test\FB_IMG_1636647491309.jpg  =>  C:\Organized_Media_TEST\Photos\Unknown_Device\2021\11_November\FB_IMG_1636647491309.jpg
2026-04-24 02:37:08  INFO      core.mover  DRY   C:\Users\sippa\Desktop\photo_test\FB_IMG_1637159150973.jpg  =>  C:\Organized_Media_TEST\Photos\Unknown_Device\2021\11_November\FB_IMG_1637159150973.jpg
2026-04-24 02:37:08  INFO      core.mover  DRY   C:\Users\sippa\Desktop\photo_test\FB_IMG_1637159435061.jpg  =>  C:\Organized_Media_TEST\Photos\Unknown_Device\2021\11_November\FB_IMG_1637159435061.jpg
2026-04-24 02:37:08  INFO      core.mover  DRY   C:\Users\sippa\Desktop\photo_test\FB_IMG_1637231262467.jpg  =>  C:\Organized_Media_TEST\Photos\Unknown_Device\2021\11_November\FB_IMG_1637231262467.jpg
2026-04-24 02:37:08  INFO      core.mover  DRY   C:\Users\sippa\Desktop\photo_test\FB_IMG_1637504906304.jpg  =>  C:\Organized_Media_TEST\Photos\Unknown_Device\2021\11_November\FB_IMG_1637504906304.jpg
2026-04-24 02:37:08  INFO      core.mover  DRY   C:\Users\sippa\Desktop\photo_test\FB_IMG_1637980180374.jpg  =>  C:\Organized_Media_TEST\Photos\Unknown_Device\2021\11_November\FB_IMG_1637980180374.jpg
2026-04-24 02:37:08  INFO      core.mover  DRY   C:\Users\sippa\Desktop\photo_test\FB_IMG_1638679965982.jpg  =>  C:\Organized_Media_TEST\Photos\Unknown_Device\2021\12_December\FB_IMG_1638679965982.jpg
2026-04-24 02:37:08  INFO      core.mover  DRY   C:\Users\sippa\Desktop\photo_test\FB_IMG_1640288252972.jpg  =>  C:\Organized_Media_TEST\Photos\Unknown_Device\2021\12_December\FB_IMG_1640288252972.jpg
2026-04-24 02:37:08  INFO      core.mover  DRY   C:\Users\sippa\Desktop\photo_test\FB_IMG_1640514991849.jpg  =>  C:\Organized_Media_TEST\Photos\Unknown_Device\2021\12_December\FB_IMG_1640514991849.jpg
2026-04-24 02:37:08  INFO      core.mover  DRY   C:\Users\sippa\Desktop\photo_test\FB_IMG_1640855263846.jpg  =>  C:\Organized_Media_TEST\Photos\Unknown_Device\2021\12_December\FB_IMG_1640855263846.jpg
2026-04-24 02:37:08  INFO      core.mover  DRY   C:\Users\sippa\Desktop\photo_test\FB_IMG_1641445517930.jpg  =>  C:\Organized_Media_TEST\Photos\Unknown_Device\2022\01_January\FB_IMG_1641445517930.jpg
2026-04-24 02:37:08  INFO      core.mover  DRY   C:\Users\sippa\Desktop\photo_test\FB_IMG_1641704151198.jpg  =>  C:\Organized_Media_TEST\Photos\Unknown_Device\2022\01_January\FB_IMG_1641704151198.jpg
2026-04-24 02:37:08  INFO      core.mover  DRY   C:\Users\sippa\Desktop\photo_test\FB_IMG_1642410969667.jpg  =>  C:\Organized_Media_TEST\Photos\Unknown_Device\2022\01_January\FB_IMG_1642410969667.jpg
2026-04-24 02:37:08  INFO      core.mover  DRY   C:\Users\sippa\Desktop\photo_test\FB_IMG_1643434438784.jpg  =>  C:\Organized_Media_TEST\Photos\Unknown_Device\2022\01_January\FB_IMG_1643434438784.jpg
2026-04-24 02:37:08  INFO      core.mover  DRY   C:\Users\sippa\Desktop\photo_test\FB_IMG_1643816542993.jpg  =>  C:\Organized_Media_TEST\Photos\Unknown_Device\2022\02_February\FB_IMG_1643816542993.jpg
2026-04-24 02:37:08  INFO      core.mover  DRY   C:\Users\sippa\Desktop\photo_test\FB_IMG_1644695531344.jpg  =>  C:\Organized_Media_TEST\Photos\Unknown_Device\2022\02_February\FB_IMG_1644695531344.jpg
2026-04-24 02:37:08  INFO      core.mover  DRY   C:\Users\sippa\Desktop\photo_test\FB_IMG_1645109439095.jpg  =>  C:\Organized_Media_TEST\Photos\Unknown_Device\2022\02_February\FB_IMG_1645109439095.jpg
2026-04-24 02:37:08  INFO      core.mover  DRY   C:\Users\sippa\Desktop\photo_test\FB_IMG_1645716310134.jpg  =>  C:\Organized_Media_TEST\Photos\Unknown_Device\2022\02_February\FB_IMG_1645716310134.jpg
2026-04-24 02:37:08  INFO      core.mover  DRY   C:\Users\sippa\Desktop\photo_test\FB_IMG_1647058817455.jpg  =>  C:\Organized_Media_TEST\Photos\Unknown_Device\2022\03_March\FB_IMG_1647058817455.jpg
2026-04-24 02:37:08  INFO      core.mover  DRY   C:\Users\sippa\Desktop\photo_test\FB_IMG_1647085804573.jpg  =>  C:\Organized_Media_TEST\Photos\Unknown_Device\2022\03_March\FB_IMG_1647085804573.jpg
2026-04-24 02:37:08  INFO      core.mover  DRY   C:\Users\sippa\Desktop\photo_test\FB_IMG_1647745933134.jpg  =>  C:\Organized_Media_TEST\Photos\Unknown_Device\2022\03_March\FB_IMG_1647745933134.jpg
2026-04-24 02:37:08  INFO      core.mover  DRY   C:\Users\sippa\Desktop\photo_test\FB_IMG_1648009914551.jpg  =>  C:\Organized_Media_TEST\Photos\Unknown_Device\2022\03_March\FB_IMG_1648009914551.jpg
2026-04-24 02:37:08  INFO      core.mover  DRY   C:\Users\sippa\Desktop\photo_test\FB_IMG_1648009936992.jpg  =>  C:\Organized_Media_TEST\Photos\Unknown_Device\2022\03_March\FB_IMG_1648009936992.jpg
2026-04-24 02:37:08  INFO      core.mover  DRY   C:\Users\sippa\Desktop\photo_test\FB_IMG_1648444275397.jpg  =>  C:\Organized_Media_TEST\Photos\Unknown_Device\2022\03_March\FB_IMG_1648444275397.jpg
2026-04-24 02:37:08  INFO      core.mover  DRY   C:\Users\sippa\Desktop\photo_test\FB_IMG_1648444296132.jpg  =>  C:\Organized_Media_TEST\Photos\Unknown_Device\2022\03_March\FB_IMG_1648444296132.jpg
2026-04-24 02:37:08  INFO      core.mover  DRY   C:\Users\sippa\Desktop\photo_test\FB_IMG_1649934609426.jpg  =>  C:\Organized_Media_TEST\Photos\Unknown_Device\2022\04_April\FB_IMG_1649934609426.jpg
2026-04-24 02:37:08  INFO      core.mover  DRY   C:\Users\sippa\Desktop\photo_test\FB_IMG_1650216661518.jpg  =>  C:\Organized_Media_TEST\Photos\Unknown_Device\2022\04_April\FB_IMG_1650216661518.jpg
2026-04-24 02:37:08  INFO      core.mover  DRY   C:\Users\sippa\Desktop\photo_test\FB_IMG_1650468429353.jpg  =>  C:\Organized_Media_TEST\Photos\Unknown_Device\2022\04_April\FB_IMG_1650468429353.jpg
2026-04-24 02:37:08  INFO      core.mover  DRY   C:\Users\sippa\Desktop\photo_test\IMG_3698.JPG  =>  C:\Organized_Media_TEST\Photos\Canon EOS RP\2025\04_April\IMG_3698.JPG
2026-04-24 02:37:08  INFO      core.mover  DRY   C:\Users\sippa\Desktop\photo_test\IMG_3740.JPG  =>  C:\Organized_Media_TEST\Photos\Canon EOS RP\2025\04_April\IMG_3740.JPG
2026-04-24 02:37:08  INFO      core.mover  DRY   C:\Users\sippa\Desktop\photo_test\IMG_3741.JPG  =>  C:\Organized_Media_TEST\Photos\Canon EOS RP\2025\04_April\IMG_3741.JPG
2026-04-24 02:37:08  INFO      core.mover  DRY   C:\Users\sippa\Desktop\photo_test\IMG_3750.JPG  =>  C:\Organized_Media_TEST\Photos\Canon EOS RP\2025\04_April\IMG_3750.JPG
2026-04-24 02:37:08  INFO      core.mover  DRY   C:\Users\sippa\Desktop\photo_test\IMG_3751.JPG  =>  C:\Organized_Media_TEST\Photos\Canon EOS RP\2025\04_April\IMG_3751.JPG
2026-04-24 02:37:08  INFO      core.mover  DRY   C:\Users\sippa\Desktop\photo_test\IMG_3759.JPG  =>  C:\Organized_Media_TEST\Photos\Canon EOS RP\2025\04_April\IMG_3759.JPG
2026-04-24 02:37:08  INFO      core.mover  DRY   C:\Users\sippa\Desktop\photo_test\IMG_3760.JPG  =>  C:\Organized_Media_TEST\Photos\Canon EOS RP\2025\04_April\IMG_3760.JPG
2026-04-24 02:37:08  INFO      core.mover  DRY   C:\Users\sippa\Desktop\photo_test\IMG_3849.JPG  =>  C:\Organized_Media_TEST\Photos\Canon EOS RP\2025\04_April\IMG_3849.JPG
2026-04-24 02:37:08  INFO      core.mover  DRY   C:\Users\sippa\Desktop\photo_test\IMG_6410_0.jpg  =>  C:\Organized_Media_TEST\Photos\Canon EOS RP\2026\02_February\IMG_6410_0.jpg
2026-04-24 02:37:08  INFO      core.mover  DRY   C:\Users\sippa\Desktop\photo_test\IMG_6411_0.jpg  =>  C:\Organized_Media_TEST\Photos\Canon EOS RP\2026\02_February\IMG_6411_0.jpg
2026-04-24 02:37:08  INFO      core.mover  DRY   C:\Users\sippa\Desktop\photo_test\IMG_6412_0.jpg  =>  C:\Organized_Media_TEST\Photos\Canon EOS RP\2026\02_February\IMG_6412_0.jpg
2026-04-24 02:37:08  INFO      core.mover  DRY   C:\Users\sippa\Desktop\photo_test\IMG_6414_0.jpg  =>  C:\Organized_Media_TEST\Photos\Canon EOS RP\2026\02_February\IMG_6414_0.jpg
2026-04-24 02:37:08  INFO      core.mover  DRY   C:\Users\sippa\Desktop\photo_test\IMG_6429_0.jpg  =>  C:\Organized_Media_TEST\Photos\Canon EOS RP\2026\02_February\IMG_6429_0.jpg
2026-04-24 02:37:08  INFO      core.device_resolver  Unresolved device: PARROT|Jumping Race → using raw label 'PARROT Jumping Race'
2026-04-24 02:37:08  INFO      core.mover  DRY   C:\Users\sippa\Desktop\photo_test\Jumping_Race_2017-07-28T123453+0000_E485DC.jpg  =>  C:\Organized_Media_TEST\Photos\PARROT Jumping Race\2017\07_July\Jumping_Race_2017-07-28T123453+0000_E485DC.jpg
2026-04-24 02:37:08  INFO      core.device_resolver  Unresolved device: PARROT|Jumping Race → using raw label 'PARROT Jumping Race'
2026-04-24 02:37:08  INFO      core.mover  DRY   C:\Users\sippa\Desktop\photo_test\Jumping_Race_2017-07-28T123548+0000_DD4B51.jpg  =>  C:\Organized_Media_TEST\Photos\PARROT Jumping Race\2017\07_July\Jumping_Race_2017-07-28T123548+0000_DD4B51.jpg
2026-04-24 02:37:08  INFO      core.device_resolver  Unresolved device: PARROT|Jumping Race → using raw label 'PARROT Jumping Race'
2026-04-24 02:37:08  INFO      core.mover  DRY   C:\Users\sippa\Desktop\photo_test\Jumping_Race_2017-07-28T123621+0000_C2F6AB.jpg  =>  C:\Organized_Media_TEST\Photos\PARROT Jumping Race\2017\07_July\Jumping_Race_2017-07-28T123621+0000_C2F6AB.jpg
2026-04-24 02:37:08  INFO      core.device_resolver  Unresolved device: PARROT|Jumping Race → using raw label 'PARROT Jumping Race'
2026-04-24 02:37:08  INFO      core.mover  DRY   C:\Users\sippa\Desktop\photo_test\Jumping_Race_2017-08-20T155617+0000_69B95B.jpg  =>  C:\Organized_Media_TEST\Photos\PARROT Jumping Race\2017\08_August\Jumping_Race_2017-08-20T155617+0000_69B95B.jpg
2026-04-24 02:37:08  INFO      core.mover  DRY   C:\Users\sippa\Desktop\photo_test\P2400145.JPG  =>  C:\Organized_Media_TEST\Photos\Panasonic GX85\2021\03_March\P2400145.JPG
2026-04-24 02:37:08  INFO      core.mover  DRY   C:\Users\sippa\Desktop\photo_test\P2440732.JPG  =>  C:\Organized_Media_TEST\Photos\Panasonic GX85\2021\06_June\P2440732.JPG
2026-04-24 02:37:08  INFO      core.mover  DRY   C:\Users\sippa\Desktop\photo_test\P2440733.JPG  =>  C:\Organized_Media_TEST\Photos\Panasonic GX85\2021\06_June\P2440733.JPG
2026-04-24 02:37:08  INFO      core.mover  DRY   C:\Users\sippa\Desktop\photo_test\P2480116.JPG  =>  C:\Organized_Media_TEST\Photos\Panasonic GX85\2021\07_July\P2480116.JPG
2026-04-24 02:37:08  INFO      core.mover  DRY   C:\Users\sippa\Desktop\photo_test\P2560375.JPG  =>  C:\Organized_Media_TEST\Photos\Panasonic GX85\2022\02_February\P2560375.JPG
2026-04-24 02:37:08  INFO      core.mover  DRY   C:\Users\sippa\Desktop\photo_test\P2560380.JPG  =>  C:\Organized_Media_TEST\Photos\Panasonic GX85\2022\02_February\P2560380.JPG
2026-04-24 02:37:08  INFO      core.mover  DRY   C:\Users\sippa\Desktop\photo_test\P2610449.MP4  =>  C:\Organized_Media_TEST\Videos\Unknown_Device\2022\05_May\P2610449.MP4
2026-04-24 02:37:08  INFO      core.mover  DRY   C:\Users\sippa\Desktop\photo_test\P2610457.JPG  =>  C:\Organized_Media_TEST\Photos\Panasonic GX85\2022\05_May\P2610457.JPG
2026-04-24 02:37:08  INFO      core.mover  DRY   C:\Users\sippa\Desktop\photo_test\P2610477.JPG  =>  C:\Organized_Media_TEST\Photos\Panasonic GX85\2022\05_May\P2610477.JPG
2026-04-24 02:37:08  INFO      core.mover  DRY   C:\Users\sippa\Desktop\photo_test\P2610763.JPG  =>  C:\Organized_Media_TEST\Photos\Panasonic GX85\2022\05_May\P2610763.JPG
2026-04-24 02:37:08  INFO      core.mover  DRY   C:\Users\sippa\Desktop\photo_test\P2890961.JPG  =>  C:\Organized_Media_TEST\Photos\Panasonic GX85\2022\09_September\P2890961.JPG
2026-04-24 02:37:08  INFO      core.mover  DRY   C:\Users\sippa\Desktop\photo_test\P2890962.JPG  =>  C:\Organized_Media_TEST\Photos\Panasonic GX85\2022\09_September\P2890962.JPG
2026-04-24 02:37:08  INFO      core.mover  DRY   C:\Users\sippa\Desktop\photo_test\P2890963.JPG  =>  C:\Organized_Media_TEST\Photos\Panasonic GX85\2022\09_September\P2890963.JPG
2026-04-24 02:37:08  INFO      core.mover  DRY   C:\Users\sippa\Desktop\photo_test\P3240020.JPG  =>  C:\Organized_Media_TEST\Photos\Panasonic GX85\2023\04_April\P3240020.JPG
2026-04-24 02:37:08  INFO      core.mover  DRY   C:\Users\sippa\Desktop\photo_test\P3240366.JPG  =>  C:\Organized_Media_TEST\Photos\Panasonic GX85\2023\04_April\P3240366.JPG
2026-04-24 02:37:08  INFO      core.mover  DRY   C:\Users\sippa\Desktop\photo_test\P3240716.JPG  =>  C:\Organized_Media_TEST\Photos\Panasonic GX85\2023\04_April\P3240716.JPG
2026-04-24 02:37:08  INFO      core.mover  DRY   C:\Users\sippa\Desktop\photo_test\P4120847.JPG  =>  C:\Organized_Media_TEST\Photos\Panasonic GX85\2026\02_February\P4120847.JPG
2026-04-24 02:37:08  INFO      core.mover  DRY   C:\Users\sippa\Desktop\photo_test\P4120848.JPG  =>  C:\Organized_Media_TEST\Photos\Panasonic GX85\2026\02_February\P4120848.JPG
2026-04-24 02:37:08  INFO      core.mover  DRY   C:\Users\sippa\Desktop\photo_test\P4120858.JPG  =>  C:\Organized_Media_TEST\Photos\Panasonic GX85\2026\02_February\P4120858.JPG
2026-04-24 02:37:08  INFO      core.mover  DRY   C:\Users\sippa\Desktop\photo_test\S0074012.JPG  =>  C:\Organized_Media_TEST\Photos\Fujifilm X10\2014\10_October\S0074012.JPG
2026-04-24 02:37:08  INFO      core.mover  DRY   C:\Users\sippa\Desktop\photo_test\S0084015.JPG  =>  C:\Organized_Media_TEST\Photos\Fujifilm X10\2014\10_October\S0084015.JPG
2026-04-24 02:37:08  INFO      core.mover  DRY   C:\Users\sippa\Desktop\photo_test\S0114020.JPG  =>  C:\Organized_Media_TEST\Photos\Fujifilm X10\2014\10_October\S0114020.JPG
2026-04-24 02:37:08  INFO      core.mover  DRY   C:\Users\sippa\Desktop\photo_test\S0124022.JPG  =>  C:\Organized_Media_TEST\Photos\Fujifilm X10\2014\10_October\S0124022.JPG
2026-04-24 02:37:08  INFO      core.mover  DRY   C:\Users\sippa\Desktop\photo_test\S0798085.JPG  =>  C:\Organized_Media_TEST\Photos\Fujifilm X10\2014\10_October\S0798085.JPG
2026-04-24 02:37:08  INFO      core.mover  DRY   C:\Users\sippa\Desktop\photo_test\S0808087.JPG  =>  C:\Organized_Media_TEST\Photos\Fujifilm X10\2014\10_October\S0808087.JPG
2026-04-24 02:37:08  INFO      core.mover  DRY   C:\Users\sippa\Desktop\photo_test\S0818088.JPG  =>  C:\Organized_Media_TEST\Photos\Fujifilm X10\2014\10_October\S0818088.JPG
2026-04-24 02:37:08  INFO      core.mover  DRY   C:\Users\sippa\Desktop\photo_test\S0828089.JPG  =>  C:\Organized_Media_TEST\Photos\Fujifilm X10\2014\10_October\S0828089.JPG
2026-04-24 02:37:08  INFO      core.mover  DRY   C:\Users\sippa\Desktop\photo_test\S0887019.JPG  =>  C:\Organized_Media_TEST\Photos\Fujifilm X10\2014\10_October\S0887019.JPG
2026-04-24 02:37:08  INFO      core.mover  DRY   C:\Users\sippa\Desktop\photo_test\test_drum_nano.mp4  =>  C:\Organized_Media_TEST\Videos\Unknown_Device\2021\07_July\test_drum_nano.mp4
2026-04-24 02:37:08  INFO      core.mover  DRY   C:\Users\sippa\Desktop\photo_test\test_drum_nano_2.mp4  =>  C:\Organized_Media_TEST\Videos\Unknown_Device\2021\07_July\test_drum_nano_2.mp4
2026-04-24 02:37:08  INFO      core.mover  DRY   C:\Users\sippa\Desktop\photo_test\20221018 fence post\11218294-8ef0-481a-ae00-3fcc7e44b8c9.mp4  =>  C:\Organized_Media_TEST\Videos\Unknown_Device\2022\10_October\11218294-8ef0-481a-ae00-3fcc7e44b8c9.mp4
2026-04-24 02:37:08  INFO      core.mover  DRY   C:\Users\sippa\Desktop\photo_test\20221018 fence post\1220777.jpg  =>  C:\Organized_Media_TEST\Photos\Unknown_Device\2022\10_October\1220777.jpg
2026-04-24 02:37:08  INFO      core.mover  DRY   C:\Users\sippa\Desktop\photo_test\20221018 fence post\1222446.jpg  =>  C:\Organized_Media_TEST\Photos\Unknown_Device\2022\10_October\1222446.jpg
2026-04-24 02:37:08  INFO      core.mover  DRY   C:\Users\sippa\Desktop\photo_test\20221018 fence post\1_10.30.53.avi  =>  C:\Organized_Media_TEST\Videos\Unknown_Device\2022\10_October\1_10.30.53.avi
2026-04-24 02:37:08  INFO      core.device_resolver  Unresolved device: samsung|Galaxy S25 Ultra → using raw label 'samsung Galaxy S25 Ultra'
2026-04-24 02:37:08  INFO      core.mover  DRY   C:\Users\sippa\Desktop\photo_test\20221018 fence post\20260320_043549.jpg  =>  C:\Organized_Media_TEST\Photos\samsung Galaxy S25 Ultra\2026\03_March\20260320_043549.jpg
2026-04-24 02:37:09  INFO      core.mover  DRY   C:\Users\sippa\Desktop\photo_test\20221018 fence post\20260320_043922.mp4  =>  C:\Organized_Media_TEST\Videos\Unknown_Device\2026\03_March\20260320_043922.mp4
2026-04-24 02:37:09  INFO      core.device_resolver  Unresolved device: samsung|Galaxy S25 Ultra → using raw label 'samsung Galaxy S25 Ultra'
2026-04-24 02:37:09  INFO      core.mover  DRY   C:\Users\sippa\Desktop\photo_test\20221018 fence post\20260320_045325.jpg  =>  C:\Organized_Media_TEST\Photos\samsung Galaxy S25 Ultra\2026\03_March\20260320_045325.jpg
2026-04-24 02:37:09  INFO      core.device_resolver  Unresolved device: samsung|Galaxy S25 Ultra → using raw label 'samsung Galaxy S25 Ultra'
2026-04-24 02:37:09  INFO      core.mover  DRY   C:\Users\sippa\Desktop\photo_test\20221018 fence post\20260320_062706.jpg  =>  C:\Organized_Media_TEST\Photos\samsung Galaxy S25 Ultra\2026\03_March\20260320_062706.jpg
2026-04-24 02:37:09  INFO      core.device_resolver  Unresolved device: samsung|Galaxy S25 Ultra → using raw label 'samsung Galaxy S25 Ultra'
2026-04-24 02:37:09  INFO      core.mover  DRY   C:\Users\sippa\Desktop\photo_test\20221018 fence post\20260320_063335.jpg  =>  C:\Organized_Media_TEST\Photos\samsung Galaxy S25 Ultra\2026\03_March\20260320_063335.jpg
2026-04-24 02:37:09  INFO      core.mover  DRY   C:\Users\sippa\Desktop\photo_test\20221018 fence post\P2850539.JPG  =>  C:\Organized_Media_TEST\Photos\Panasonic GX85\2022\09_September\P2850539.JPG
2026-04-24 02:37:09  INFO      core.mover  DRY   C:\Users\sippa\Desktop\photo_test\20221018 fence post\P2910198.JPG  =>  C:\Organized_Media_TEST\Photos\Panasonic GX85\2022\10_October\P2910198.JPG
2026-04-24 02:37:09  INFO      core.mover  DRY   C:\Users\sippa\Desktop\photo_test\20221018 fence post\P2910199.JPG  =>  C:\Organized_Media_TEST\Photos\Panasonic GX85\2022\10_October\P2910199.JPG
2026-04-24 02:37:09  INFO      core.mover  DRY   C:\Users\sippa\Desktop\photo_test\20221018 fence post\P2940040.JPG  =>  C:\Organized_Media_TEST\Photos\Panasonic GX85\2022\10_October\P2940040.JPG
2026-04-24 02:37:09  INFO      core.mover  DRY   C:\Users\sippa\Desktop\photo_test\20221018 fence post\P2940069.JPG  =>  C:\Organized_Media_TEST\Photos\Panasonic GX85\2022\10_October\P2940069.JPG
2026-04-24 02:37:09  INFO      core.mover  DRY   C:\Users\sippa\Desktop\photo_test\20221018 fence post\P2940074.JPG  =>  C:\Organized_Media_TEST\Photos\Panasonic GX85\2022\10_October\P2940074.JPG
2026-04-24 02:37:09  INFO      core.mover  DRY   C:\Users\sippa\Desktop\photo_test\20221018 fence post\P2940113.JPG  =>  C:\Organized_Media_TEST\Photos\Panasonic GX85\2022\10_October\P2940113.JPG
2026-04-24 02:37:09  INFO      core.mover  DRY   C:\Users\sippa\Desktop\photo_test\20221018 fence post\P2940130.JPG  =>  C:\Organized_Media_TEST\Photos\Panasonic GX85\2022\10_October\P2940130.JPG
2026-04-24 02:37:09  INFO      core.mover  DRY   C:\Users\sippa\Desktop\photo_test\20221018 fence post\P2940404.JPG  =>  C:\Organized_Media_TEST\Photos\Panasonic GX85\2022\10_October\P2940404.JPG
2026-04-24 02:37:09  INFO      core.mover  DRY   C:\Users\sippa\Desktop\photo_test\20221018 fence post\P2940409.JPG  =>  C:\Organized_Media_TEST\Photos\Panasonic GX85\2022\10_October\P2940409.JPG
2026-04-24 02:37:09  INFO      core.mover  DRY   C:\Users\sippa\Desktop\photo_test\20221018 fence post\Untitled.mp4  =>  C:\Organized_Media_TEST\Videos\Unknown_Device\2022\10_October\Untitled.mp4
2026-04-24 02:37:09  INFO      core.mover  DUPE  P2610449.MP4  (original: C:\Users\sippa\Desktop\photo_test\P2610449.MP4)
2026-04-24 02:37:09  INFO      core.mover  DUPE  P2610457.JPG  (original: C:\Users\sippa\Desktop\photo_test\P2610457.JPG)
2026-04-24 02:37:09  INFO      core.mover  DRY   C:\Users\sippa\Desktop\photo_test\261_PANA\P2610467.JPG  =>  C:\Organized_Media_TEST\Photos\Panasonic GX85\2022\05_May\P2610467.JPG
2026-04-24 02:37:09  INFO      core.mover  DUPE  P2610477.JPG  (original: C:\Users\sippa\Desktop\photo_test\P2610477.JPG)
2026-04-24 02:37:09  INFO      core.mover  DRY   C:\Users\sippa\Desktop\photo_test\261_PANA\P2610757.JPG  =>  C:\Organized_Media_TEST\Photos\Panasonic GX85\2022\05_May\P2610757.JPG
2026-04-24 02:37:09  INFO      core.mover  DUPE  P2610763.JPG  (original: C:\Users\sippa\Desktop\photo_test\P2610763.JPG)
2026-04-24 02:37:09  INFO      core.mover  DRY   C:\Users\sippa\Desktop\photo_test\261_PANA\P2610764.JPG  =>  C:\Organized_Media_TEST\Photos\Panasonic GX85\2022\05_May\P2610764.JPG
2026-04-24 02:37:09  INFO      core.mover  DRY   C:\Users\sippa\Desktop\photo_test\261_PANA\P2610781.JPG  =>  C:\Organized_Media_TEST\Photos\Panasonic GX85\2022\05_May\P2610781.JPG
2026-04-24 02:37:09  INFO      core.mover  DRY   C:\Users\sippa\Desktop\photo_test\324_PANA\P3240001.MP4  =>  C:\Organized_Media_TEST\Videos\Unknown_Device\2023\04_April\P3240001.MP4
2026-04-24 02:37:09  INFO      core.mover  DRY   C:\Users\sippa\Desktop\photo_test\324_PANA\P3240015.JPG  =>  C:\Organized_Media_TEST\Photos\Panasonic GX85\2023\04_April\P3240015.JPG
2026-04-24 02:37:09  INFO      core.mover  DUPE  P3240020.JPG  (original: C:\Users\sippa\Desktop\photo_test\P3240020.JPG)
2026-04-24 02:37:09  INFO      core.mover  DRY   C:\Users\sippa\Desktop\photo_test\324_PANA\P3240025.JPG  =>  C:\Organized_Media_TEST\Photos\Panasonic GX85\2023\04_April\P3240025.JPG
2026-04-24 02:37:09  INFO      core.mover  DRY   C:\Users\sippa\Desktop\photo_test\324_PANA\P3240026.JPG  =>  C:\Organized_Media_TEST\Photos\Panasonic GX85\2023\04_April\P3240026.JPG
2026-04-24 02:37:09  INFO      core.mover  DRY   C:\Users\sippa\Desktop\photo_test\324_PANA\P3240357.JPG  =>  C:\Organized_Media_TEST\Photos\Panasonic GX85\2023\04_April\P3240357.JPG
2026-04-24 02:37:09  INFO      core.mover  DUPE  P3240366.JPG  (original: C:\Users\sippa\Desktop\photo_test\P3240366.JPG)
2026-04-24 02:37:09  INFO      core.mover  DRY   C:\Users\sippa\Desktop\photo_test\324_PANA\P3240715.JPG  =>  C:\Organized_Media_TEST\Photos\Panasonic GX85\2023\04_April\P3240715.JPG
2026-04-24 02:37:09  INFO      core.mover  DUPE  P3240716.JPG  (original: C:\Users\sippa\Desktop\photo_test\P3240716.JPG)
2026-04-24 02:37:09  INFO      core.mover  DRY   C:\Users\sippa\Desktop\photo_test\324_PANA\P3240854.JPG  =>  C:\Organized_Media_TEST\Photos\Panasonic GX85\2023\04_April\P3240854.JPG
2026-04-24 02:37:09  INFO      core.mover  DRY   C:\Users\sippa\Desktop\photo_test\324_PANA\P3240856.JPG  =>  C:\Organized_Media_TEST\Photos\Panasonic GX85\2023\04_April\P3240856.JPG
2026-04-24 02:37:09  INFO      core.mover  DRY   C:\Users\sippa\Desktop\photo_test\407_PANA\P4070462.MP4  =>  C:\Organized_Media_TEST\Videos\Unknown_Device\2025\11_November\P4070462.MP4
2026-04-24 02:37:09  INFO      core.mover  DRY   C:\Users\sippa\Desktop\photo_test\407_PANA\P4070475.JPG  =>  C:\Organized_Media_TEST\Photos\Panasonic GX85\2025\11_November\P4070475.JPG
2026-04-24 02:37:09  INFO      core.mover  DRY   C:\Users\sippa\Desktop\photo_test\407_PANA\P4070485.JPG  =>  C:\Organized_Media_TEST\Photos\Panasonic GX85\2025\11_November\P4070485.JPG
2026-04-24 02:37:09  INFO      core.mover  DRY   C:\Users\sippa\Desktop\photo_test\407_PANA\P4070494.JPG  =>  C:\Organized_Media_TEST\Photos\Panasonic GX85\2025\11_November\P4070494.JPG
2026-04-24 02:37:09  INFO      core.mover  DRY   C:\Users\sippa\Desktop\photo_test\407_PANA\P4070495.JPG  =>  C:\Organized_Media_TEST\Photos\Panasonic GX85\2025\11_November\P4070495.JPG
2026-04-24 02:37:09  INFO      core.mover  DRY   C:\Users\sippa\Desktop\photo_test\407_PANA\P4070505.JPG  =>  C:\Organized_Media_TEST\Photos\Panasonic GX85\2025\11_November\P4070505.JPG
2026-04-24 02:37:09  INFO      core.mover  DRY   C:\Users\sippa\Desktop\photo_test\407_PANA\P4070506.JPG  =>  C:\Organized_Media_TEST\Photos\Panasonic GX85\2025\11_November\P4070506.JPG
2026-04-24 02:37:09  INFO      core.mover  DRY   C:\Users\sippa\Desktop\photo_test\407_PANA\P4070625.JPG  =>  C:\Organized_Media_TEST\Photos\Panasonic GX85\2025\11_November\P4070625.JPG
2026-04-24 02:37:09  INFO      core.mover  DRY   C:\Users\sippa\Desktop\photo_test\407_PANA\P4070627.JPG  =>  C:\Organized_Media_TEST\Photos\Panasonic GX85\2025\11_November\P4070627.JPG
2026-04-24 02:37:09  INFO      core.mover  DRY   C:\Users\sippa\Desktop\photo_test\407_PANA\P4070766.JPG  =>  C:\Organized_Media_TEST\Photos\Panasonic GX85\2025\11_November\P4070766.JPG
2026-04-24 02:37:09  INFO      core.mover  DRY   C:\Users\sippa\Desktop\photo_test\407_PANA\P4070768.JPG  =>  C:\Organized_Media_TEST\Photos\Panasonic GX85\2025\11_November\P4070768.JPG
2026-04-24 02:37:09  INFO      core.device_resolver  Unresolved device: samsung|Galaxy S25 Ultra → using raw label 'samsung Galaxy S25 Ultra'
2026-04-24 02:37:09  INFO      core.mover  DRY   C:\Users\sippa\Desktop\photo_test\Pyjamas\20250207_225006.jpg  =>  C:\Organized_Media_TEST\Photos\samsung Galaxy S25 Ultra\2025\02_February\20250207_225006.jpg
2026-04-24 02:37:09  INFO      core.device_resolver  Unresolved device: samsung|Galaxy S25 Ultra → using raw label 'samsung Galaxy S25 Ultra'
2026-04-24 02:37:09  INFO      core.mover  DRY   C:\Users\sippa\Desktop\photo_test\Pyjamas\20250207_225137.jpg  =>  C:\Organized_Media_TEST\Photos\samsung Galaxy S25 Ultra\2025\02_February\20250207_225137.jpg
2026-04-24 02:37:09  INFO      core.device_resolver  Unresolved device: samsung|Galaxy S25 Ultra → using raw label 'samsung Galaxy S25 Ultra'
2026-04-24 02:37:09  INFO      core.mover  DRY   C:\Users\sippa\Desktop\photo_test\Pyjamas\20250208_095907.jpg  =>  C:\Organized_Media_TEST\Photos\samsung Galaxy S25 Ultra\2025\02_February\20250208_095907.jpg
2026-04-24 02:37:09  INFO      core.device_resolver  Unresolved device: samsung|Galaxy S25 Ultra → using raw label 'samsung Galaxy S25 Ultra'
2026-04-24 02:37:09  INFO      core.mover  DRY   C:\Users\sippa\Desktop\photo_test\Pyjamas\20250921_182407.jpg  =>  C:\Organized_Media_TEST\Photos\samsung Galaxy S25 Ultra\2025\09_September\20250921_182407.jpg
2026-04-24 02:37:09  INFO      core.device_resolver  Unresolved device: samsung|Galaxy S25 Ultra → using raw label 'samsung Galaxy S25 Ultra'
2026-04-24 02:37:09  INFO      core.mover  DRY   C:\Users\sippa\Desktop\photo_test\Pyjamas\20250921_184235.jpg  =>  C:\Organized_Media_TEST\Photos\samsung Galaxy S25 Ultra\2025\09_September\20250921_184235.jpg
2026-04-24 02:37:09  INFO      core.device_resolver  Unresolved device: samsung|Galaxy S25 Ultra → using raw label 'samsung Galaxy S25 Ultra'
2026-04-24 02:37:09  INFO      core.mover  DRY   C:\Users\sippa\Desktop\photo_test\Pyjamas\20250921_184242.jpg  =>  C:\Organized_Media_TEST\Photos\samsung Galaxy S25 Ultra\2025\09_September\20250921_184242.jpg
2026-04-24 02:37:09  INFO      core.mover  DRY   C:\Users\sippa\Desktop\photo_test\Pyjamas\P2560373.JPG  =>  C:\Organized_Media_TEST\Photos\Panasonic GX85\2022\02_February\P2560373.JPG
2026-04-24 02:37:09  INFO      core.mover  DRY   C:\Users\sippa\Desktop\photo_test\Pyjamas\P2560374.JPG  =>  C:\Organized_Media_TEST\Photos\Panasonic GX85\2022\02_February\P2560374.JPG
2026-04-24 02:37:09  INFO      core.mover  DUPE  P2560375.JPG  (original: C:\Users\sippa\Desktop\photo_test\P2560375.JPG)
2026-04-24 02:37:09  INFO      core.mover  DUPE  P2560380.JPG  (original: C:\Users\sippa\Desktop\photo_test\P2560380.JPG)
2026-04-24 02:37:09  INFO      core.mover  DRY   C:\Users\sippa\Desktop\photo_test\Pyjamas\P2560382.JPG  =>  C:\Organized_Media_TEST\Photos\Panasonic GX85\2022\02_February\P2560382.JPG
2026-04-24 02:37:09  INFO      core.mover  DRY   C:\Users\sippa\Desktop\photo_test\Pyjamas\P2560383.JPG  =>  C:\Organized_Media_TEST\Photos\Panasonic GX85\2022\02_February\P2560383.JPG
2026-04-24 02:37:09  INFO      core.mover  DRY   C:\Users\sippa\Desktop\photo_test\Pyjamas\P2560393.JPG  =>  C:\Organized_Media_TEST\Photos\Panasonic GX85\2022\02_February\P2560393.JPG
2026-04-24 02:37:09  INFO      core.mover  Done. moved=317 dupes=9 errors=0 skipped=0 elapsed=3.9s
2026-04-24 03:07:37  INFO      core.mover  DRY   C:\Users\sippa\Desktop\photo_test - Copy (2)\00003.MTS  =>  C:\Users\sippa\Desktop\destination_folder_test\Videos\Sony AVCHD\2019\08_August\00003.MTS
2026-04-24 03:07:37  INFO      core.mover  DRY   C:\Users\sippa\Desktop\photo_test - Copy (2)\00073.MTS  =>  C:\Users\sippa\Desktop\destination_folder_test\Videos\Sony AVCHD\2018\09_September\00073.MTS
2026-04-24 03:07:37  INFO      core.mover  DRY   C:\Users\sippa\Desktop\photo_test - Copy (2)\00074.MTS  =>  C:\Users\sippa\Desktop\destination_folder_test\Videos\Sony AVCHD\2018\09_September\00074.MTS
2026-04-24 03:07:37  INFO      core.mover  DRY   C:\Users\sippa\Desktop\photo_test - Copy (2)\00081.MTS  =>  C:\Users\sippa\Desktop\destination_folder_test\Videos\Sony AVCHD\2018\09_September\00081.MTS
2026-04-24 03:07:37  INFO      core.mover  DRY   C:\Users\sippa\Desktop\photo_test - Copy (2)\20151219_155545.jpg  =>  C:\Users\sippa\Desktop\destination_folder_test\Photos\Samsung Galaxy Note 4\2015\12_December\20151219_155545.jpg
2026-04-24 03:07:37  INFO      core.mover  DRY   C:\Users\sippa\Desktop\photo_test - Copy (2)\20160530_195932.jpg  =>  C:\Users\sippa\Desktop\destination_folder_test\Photos\Samsung Galaxy Note 4\2016\05_May\20160530_195932.jpg
2026-04-24 03:07:37  INFO      core.mover  DRY   C:\Users\sippa\Desktop\photo_test - Copy (2)\20180106_131509.jpg  =>  C:\Users\sippa\Desktop\destination_folder_test\Photos\Samsung Galaxy Note 8\2018\01_January\20180106_131509.jpg
2026-04-24 03:07:37  INFO      core.mover  DRY   C:\Users\sippa\Desktop\photo_test - Copy (2)\20180107_163817.jpg  =>  C:\Users\sippa\Desktop\destination_folder_test\Photos\Samsung Galaxy Note 8\2018\01_January\20180107_163817.jpg
2026-04-24 03:07:37  INFO      core.mover  DRY   C:\Users\sippa\Desktop\photo_test - Copy (2)\20180108_094914.jpg  =>  C:\Users\sippa\Desktop\destination_folder_test\Photos\Samsung Galaxy Note 8\2018\01_January\20180108_094914.jpg
2026-04-24 03:07:37  INFO      core.mover  DRY   C:\Users\sippa\Desktop\photo_test - Copy (2)\20180108_094916.jpg  =>  C:\Users\sippa\Desktop\destination_folder_test\Photos\Samsung Galaxy Note 8\2018\01_January\20180108_094916.jpg
2026-04-24 03:07:37  INFO      core.mover  DRY   C:\Users\sippa\Desktop\photo_test - Copy (2)\20180112_185251.jpg  =>  C:\Users\sippa\Desktop\destination_folder_test\Photos\Samsung Galaxy Note 8\2018\01_January\20180112_185251.jpg
2026-04-24 03:07:37  INFO      core.mover  DRY   C:\Users\sippa\Desktop\photo_test - Copy (2)\20180120_125333.jpg  =>  C:\Users\sippa\Desktop\destination_folder_test\Photos\Samsung Galaxy Note 8\2018\01_January\20180120_125333.jpg
2026-04-24 03:07:37  INFO      core.mover  DRY   C:\Users\sippa\Desktop\photo_test - Copy (2)\20180120_125336.jpg  =>  C:\Users\sippa\Desktop\destination_folder_test\Photos\Samsung Galaxy Note 8\2018\01_January\20180120_125336.jpg
2026-04-24 03:07:37  INFO      core.mover  DRY   C:\Users\sippa\Desktop\photo_test - Copy (2)\20200213_094515.mp4  =>  C:\Users\sippa\Desktop\destination_folder_test\Videos\Android Camera\2020\02_February\20200213_094515.mp4
2026-04-24 03:07:37  INFO      core.mover  DRY   C:\Users\sippa\Desktop\photo_test - Copy (2)\20200227_081540.mp4  =>  C:\Users\sippa\Desktop\destination_folder_test\Videos\Android Camera\2020\02_February\20200227_081540.mp4
2026-04-24 03:07:37  INFO      core.mover  DRY   C:\Users\sippa\Desktop\photo_test - Copy (2)\20200624_193426.mp4  =>  C:\Users\sippa\Desktop\destination_folder_test\Videos\Android Camera\2020\06_June\20200624_193426.mp4
2026-04-24 03:07:37  INFO      core.mover  DRY   C:\Users\sippa\Desktop\photo_test - Copy (2)\20230730_170149.jpg  =>  C:\Users\sippa\Desktop\destination_folder_test\Photos\Samsung Galaxy Note 8\2023\07_July\20230730_170149.jpg
2026-04-24 03:07:37  INFO      core.mover  DRY   C:\Users\sippa\Desktop\photo_test - Copy (2)\20230730_174024.jpg  =>  C:\Users\sippa\Desktop\destination_folder_test\Photos\Samsung Galaxy Note 8\2023\07_July\20230730_174024.jpg
2026-04-24 03:07:37  INFO      core.mover  DRY   C:\Users\sippa\Desktop\photo_test - Copy (2)\20230730_174030.jpg  =>  C:\Users\sippa\Desktop\destination_folder_test\Photos\Samsung Galaxy Note 8\2023\07_July\20230730_174030.jpg
2026-04-24 03:07:37  INFO      core.mover  DRY   C:\Users\sippa\Desktop\photo_test - Copy (2)\20230731_172322.mp4  =>  C:\Users\sippa\Desktop\destination_folder_test\Videos\Android Camera\2023\07_July\20230731_172322.mp4
2026-04-24 03:07:37  INFO      core.mover  DRY   C:\Users\sippa\Desktop\photo_test - Copy (2)\20260306_070840.jpg  =>  C:\Users\sippa\Desktop\destination_folder_test\Photos\Samsung Galaxy S25 Ultra\2026\03_March\20260306_070840.jpg
2026-04-24 03:07:37  INFO      core.mover  DRY   C:\Users\sippa\Desktop\photo_test - Copy (2)\20260306_070844.jpg  =>  C:\Users\sippa\Desktop\destination_folder_test\Photos\Samsung Galaxy S25 Ultra\2026\03_March\20260306_070844.jpg
2026-04-24 03:07:38  INFO      core.mover  DRY   C:\Users\sippa\Desktop\photo_test - Copy (2)\20260306_082037.jpg  =>  C:\Users\sippa\Desktop\destination_folder_test\Photos\Samsung Galaxy S25 Ultra\2026\03_March\20260306_082037.jpg
2026-04-24 03:07:38  INFO      core.mover  DRY   C:\Users\sippa\Desktop\photo_test - Copy (2)\20260306_082039.jpg  =>  C:\Users\sippa\Desktop\destination_folder_test\Photos\Samsung Galaxy S25 Ultra\2026\03_March\20260306_082039.jpg
2026-04-24 03:07:38  INFO      core.mover  DRY   C:\Users\sippa\Desktop\photo_test - Copy (2)\20260306_132126.jpg  =>  C:\Users\sippa\Desktop\destination_folder_test\Photos\Samsung Galaxy S25 Ultra\2026\03_March\20260306_132126.jpg
2026-04-24 03:07:38  INFO      core.mover  DRY   C:\Users\sippa\Desktop\photo_test - Copy (2)\20260306_132128.jpg  =>  C:\Users\sippa\Desktop\destination_folder_test\Photos\Samsung Galaxy S25 Ultra\2026\03_March\20260306_132128.jpg
2026-04-24 03:07:38  INFO      core.mover  DRY   C:\Users\sippa\Desktop\photo_test - Copy (2)\A7I07804.JPG  =>  C:\Users\sippa\Desktop\destination_folder_test\Photos\Sony A7 II\2022\12_December\A7I07804.JPG
2026-04-24 03:07:38  INFO      core.mover  DRY   C:\Users\sippa\Desktop\photo_test - Copy (2)\A7I07823.JPG  =>  C:\Users\sippa\Desktop\destination_folder_test\Photos\Sony A7 II\2022\12_December\A7I07823.JPG
2026-04-24 03:07:38  INFO      core.mover  DRY   C:\Users\sippa\Desktop\photo_test - Copy (2)\A7I07826.JPG  =>  C:\Users\sippa\Desktop\destination_folder_test\Photos\Sony A7 II\2022\12_December\A7I07826.JPG
2026-04-24 03:07:38  INFO      core.mover  DRY   C:\Users\sippa\Desktop\photo_test - Copy (2)\A7I07833.JPG  =>  C:\Users\sippa\Desktop\destination_folder_test\Photos\Sony A7 II\2022\12_December\A7I07833.JPG
2026-04-24 03:07:38  INFO      core.mover  DRY   C:\Users\sippa\Desktop\photo_test - Copy (2)\A7I07835.JPG  =>  C:\Users\sippa\Desktop\destination_folder_test\Photos\Sony A7 II\2022\12_December\A7I07835.JPG
2026-04-24 03:07:38  INFO      core.mover  DRY   C:\Users\sippa\Desktop\photo_test - Copy (2)\A7I07989.JPG  =>  C:\Users\sippa\Desktop\destination_folder_test\Photos\Sony A7 II\2022\12_December\A7I07989.JPG
2026-04-24 03:07:38  INFO      core.mover  DRY   C:\Users\sippa\Desktop\photo_test - Copy (2)\C0322.MP4  =>  C:\Users\sippa\Desktop\destination_folder_test\Videos\Panasonic Lumix\2020\09_September\C0322.MP4
2026-04-24 03:07:38  INFO      core.mover  DRY   C:\Users\sippa\Desktop\photo_test - Copy (2)\C0526.MP4  =>  C:\Users\sippa\Desktop\destination_folder_test\Videos\Panasonic Lumix\2020\12_December\C0526.MP4
2026-04-24 03:07:38  INFO      core.mover  DRY   C:\Users\sippa\Desktop\photo_test - Copy (2)\C1640.MP4  =>  C:\Users\sippa\Desktop\destination_folder_test\Videos\Panasonic Lumix\2022\10_October\C1640.MP4
2026-04-24 03:07:38  INFO      core.mover  DRY   C:\Users\sippa\Desktop\photo_test - Copy (2)\DJI_0890.JPG  =>  C:\Users\sippa\Desktop\destination_folder_test\Photos\DJI Spark\2020\12_December\DJI_0890.JPG
2026-04-24 03:07:38  INFO      core.mover  DRY   C:\Users\sippa\Desktop\photo_test - Copy (2)\DJI_0891.JPG  =>  C:\Users\sippa\Desktop\destination_folder_test\Photos\DJI Spark\2020\12_December\DJI_0891.JPG
2026-04-24 03:07:38  INFO      core.mover  DRY   C:\Users\sippa\Desktop\photo_test - Copy (2)\DJI_0892.JPG  =>  C:\Users\sippa\Desktop\destination_folder_test\Photos\DJI Spark\2020\12_December\DJI_0892.JPG
2026-04-24 03:07:38  INFO      core.mover  DRY   C:\Users\sippa\Desktop\photo_test - Copy (2)\DJI_0914.MP4  =>  C:\Users\sippa\Desktop\destination_folder_test\Videos\DJI Drone\2021\01_January\DJI_0914.MP4
2026-04-24 03:07:38  INFO      core.mover  DRY   C:\Users\sippa\Desktop\photo_test - Copy (2)\DJI_0959.JPG  =>  C:\Users\sippa\Desktop\destination_folder_test\Photos\DJI Spark\2023\01_January\DJI_0959.JPG
2026-04-24 03:07:38  INFO      core.mover  DRY   C:\Users\sippa\Desktop\photo_test - Copy (2)\DJI_1292.MP4  =>  C:\Users\sippa\Desktop\destination_folder_test\Videos\DJI Drone\2026\04_April\DJI_1292.MP4
2026-04-24 03:07:38  INFO      core.mover  DRY   C:\Users\sippa\Desktop\photo_test - Copy (2)\DJI_1295.JPG  =>  C:\Users\sippa\Desktop\destination_folder_test\Photos\DJI Spark\2026\04_April\DJI_1295.JPG
2026-04-24 03:07:38  INFO      core.mover  DRY   C:\Users\sippa\Desktop\photo_test - Copy (2)\DJI_1296.JPG  =>  C:\Users\sippa\Desktop\destination_folder_test\Photos\DJI Spark\2026\04_April\DJI_1296.JPG
2026-04-24 03:07:38  INFO      core.mover  DRY   C:\Users\sippa\Desktop\photo_test - Copy (2)\DSC02383.JPG  =>  C:\Users\sippa\Desktop\destination_folder_test\Photos\Sony FDR-AX33\2023\04_April\DSC02383.JPG
2026-04-24 03:07:38  INFO      core.mover  DRY   C:\Users\sippa\Desktop\photo_test - Copy (2)\DSC02403.JPG  =>  C:\Users\sippa\Desktop\destination_folder_test\Photos\Sony FDR-AX33\2023\04_April\DSC02403.JPG
2026-04-24 03:07:38  INFO      core.mover  DRY   C:\Users\sippa\Desktop\photo_test - Copy (2)\DSC02427.JPG  =>  C:\Users\sippa\Desktop\destination_folder_test\Photos\Sony FDR-AX33\2023\04_April\DSC02427.JPG
2026-04-24 03:07:38  INFO      core.mover  DRY   C:\Users\sippa\Desktop\photo_test - Copy (2)\DSC02447.JPG  =>  C:\Users\sippa\Desktop\destination_folder_test\Photos\Sony FDR-AX33\2023\04_April\DSC02447.JPG
2026-04-24 03:07:38  INFO      core.mover  DRY   C:\Users\sippa\Desktop\photo_test - Copy (2)\DSC02460.JPG  =>  C:\Users\sippa\Desktop\destination_folder_test\Photos\Sony FDR-AX33\2023\04_April\DSC02460.JPG
2026-04-24 03:07:38  INFO      core.mover  DRY   C:\Users\sippa\Desktop\photo_test - Copy (2)\DSC02462.JPG  =>  C:\Users\sippa\Desktop\destination_folder_test\Photos\Sony FDR-AX33\2023\04_April\DSC02462.JPG
2026-04-24 03:07:38  INFO      core.mover  DRY   C:\Users\sippa\Desktop\photo_test - Copy (2)\FB_IMG_1610886602794.jpg  =>  C:\Users\sippa\Desktop\destination_folder_test\Photos\Facebook\2021\01_January\FB_IMG_1610886602794.jpg
2026-04-24 03:07:38  INFO      core.mover  DRY   C:\Users\sippa\Desktop\photo_test - Copy (2)\FB_IMG_1610978846038.jpg  =>  C:\Users\sippa\Desktop\destination_folder_test\Photos\Facebook\2021\01_January\FB_IMG_1610978846038.jpg
2026-04-24 03:07:38  INFO      core.mover  DRY   C:\Users\sippa\Desktop\photo_test - Copy (2)\FB_IMG_1611486097513.jpg  =>  C:\Users\sippa\Desktop\destination_folder_test\Photos\Facebook\2021\01_January\FB_IMG_1611486097513.jpg
2026-04-24 03:07:38  INFO      core.mover  DRY   C:\Users\sippa\Desktop\photo_test - Copy (2)\FB_IMG_1611898136859.jpg  =>  C:\Users\sippa\Desktop\destination_folder_test\Photos\Facebook\2021\01_January\FB_IMG_1611898136859.jpg
2026-04-24 03:07:38  INFO      core.mover  DRY   C:\Users\sippa\Desktop\photo_test - Copy (2)\FB_IMG_1612071086257.jpg  =>  C:\Users\sippa\Desktop\destination_folder_test\Photos\Facebook\2021\01_January\FB_IMG_1612071086257.jpg
2026-04-24 03:07:38  INFO      core.mover  DRY   C:\Users\sippa\Desktop\photo_test - Copy (2)\FB_IMG_1613374817091.jpg  =>  C:\Users\sippa\Desktop\destination_folder_test\Photos\Facebook\2021\02_February\FB_IMG_1613374817091.jpg
2026-04-24 03:07:38  INFO      core.mover  DRY   C:\Users\sippa\Desktop\photo_test - Copy (2)\FB_IMG_1613999273542.jpg  =>  C:\Users\sippa\Desktop\destination_folder_test\Photos\Facebook\2021\02_February\FB_IMG_1613999273542.jpg
2026-04-24 03:07:38  INFO      core.mover  DRY   C:\Users\sippa\Desktop\photo_test - Copy (2)\FB_IMG_1614128489222.jpg  =>  C:\Users\sippa\Desktop\destination_folder_test\Photos\Facebook\2021\02_February\FB_IMG_1614128489222.jpg
2026-04-24 03:07:38  INFO      core.mover  DRY   C:\Users\sippa\Desktop\photo_test - Copy (2)\FB_IMG_1614495158485.jpg  =>  C:\Users\sippa\Desktop\destination_folder_test\Photos\Facebook\2021\02_February\FB_IMG_1614495158485.jpg
2026-04-24 03:07:38  INFO      core.mover  DRY   C:\Users\sippa\Desktop\photo_test - Copy (2)\FB_IMG_1614771485590.jpg  =>  C:\Users\sippa\Desktop\destination_folder_test\Photos\Facebook\2021\03_March\FB_IMG_1614771485590.jpg
2026-04-24 03:07:38  INFO      core.mover  DRY   C:\Users\sippa\Desktop\photo_test - Copy (2)\FB_IMG_1614776237701.jpg  =>  C:\Users\sippa\Desktop\destination_folder_test\Photos\Facebook\2021\03_March\FB_IMG_1614776237701.jpg
2026-04-24 03:07:38  INFO      core.mover  DRY   C:\Users\sippa\Desktop\photo_test - Copy (2)\FB_IMG_1614865539175.jpg  =>  C:\Users\sippa\Desktop\destination_folder_test\Photos\Facebook\2021\03_March\FB_IMG_1614865539175.jpg
2026-04-24 03:07:38  INFO      core.mover  DRY   C:\Users\sippa\Desktop\photo_test - Copy (2)\FB_IMG_1614915905520.jpg  =>  C:\Users\sippa\Desktop\destination_folder_test\Photos\Facebook\2021\03_March\FB_IMG_1614915905520.jpg
2026-04-24 03:07:38  INFO      core.mover  DRY   C:\Users\sippa\Desktop\photo_test - Copy (2)\FB_IMG_1615025595566.jpg  =>  C:\Users\sippa\Desktop\destination_folder_test\Photos\Facebook\2021\03_March\FB_IMG_1615025595566.jpg
2026-04-24 03:07:38  INFO      core.mover  DRY   C:\Users\sippa\Desktop\photo_test - Copy (2)\FB_IMG_1615514453996.jpg  =>  C:\Users\sippa\Desktop\destination_folder_test\Photos\Facebook\2021\03_March\FB_IMG_1615514453996.jpg
2026-04-24 03:07:38  INFO      core.mover  DRY   C:\Users\sippa\Desktop\photo_test - Copy (2)\FB_IMG_1615530520541.jpg  =>  C:\Users\sippa\Desktop\destination_folder_test\Photos\Facebook\2021\03_March\FB_IMG_1615530520541.jpg
2026-04-24 03:07:38  INFO      core.mover  DRY   C:\Users\sippa\Desktop\photo_test - Copy (2)\FB_IMG_1615530528077.jpg  =>  C:\Users\sippa\Desktop\destination_folder_test\Photos\Facebook\2021\03_March\FB_IMG_1615530528077.jpg
2026-04-24 03:07:38  INFO      core.mover  DRY   C:\Users\sippa\Desktop\photo_test - Copy (2)\FB_IMG_1615768292470.jpg  =>  C:\Users\sippa\Desktop\destination_folder_test\Photos\Facebook\2021\03_March\FB_IMG_1615768292470.jpg
2026-04-24 03:07:38  INFO      core.mover  DRY   C:\Users\sippa\Desktop\photo_test - Copy (2)\FB_IMG_1615768294845.jpg  =>  C:\Users\sippa\Desktop\destination_folder_test\Photos\Facebook\2021\03_March\FB_IMG_1615768294845.jpg
2026-04-24 03:07:38  INFO      core.mover  DRY   C:\Users\sippa\Desktop\photo_test - Copy (2)\FB_IMG_1615768296975.jpg  =>  C:\Users\sippa\Desktop\destination_folder_test\Photos\Facebook\2021\03_March\FB_IMG_1615768296975.jpg
2026-04-24 03:07:38  INFO      core.mover  DRY   C:\Users\sippa\Desktop\photo_test - Copy (2)\FB_IMG_1615768299212.jpg  =>  C:\Users\sippa\Desktop\destination_folder_test\Photos\Facebook\2021\03_March\FB_IMG_1615768299212.jpg
2026-04-24 03:07:38  INFO      core.mover  DRY   C:\Users\sippa\Desktop\photo_test - Copy (2)\FB_IMG_1615768301847.jpg  =>  C:\Users\sippa\Desktop\destination_folder_test\Photos\Facebook\2021\03_March\FB_IMG_1615768301847.jpg
2026-04-24 03:07:38  INFO      core.mover  DRY   C:\Users\sippa\Desktop\photo_test - Copy (2)\FB_IMG_1615768305498.jpg  =>  C:\Users\sippa\Desktop\destination_folder_test\Photos\Facebook\2021\03_March\FB_IMG_1615768305498.jpg
2026-04-24 03:07:38  INFO      core.mover  DRY   C:\Users\sippa\Desktop\photo_test - Copy (2)\FB_IMG_1616400261556.jpg  =>  C:\Users\sippa\Desktop\destination_folder_test\Photos\Facebook\2021\03_March\FB_IMG_1616400261556.jpg
2026-04-24 03:07:38  INFO      core.mover  DRY   C:\Users\sippa\Desktop\photo_test - Copy (2)\FB_IMG_1616588202981.jpg  =>  C:\Users\sippa\Desktop\destination_folder_test\Photos\Facebook\2021\03_March\FB_IMG_1616588202981.jpg
2026-04-24 03:07:38  INFO      core.mover  DRY   C:\Users\sippa\Desktop\photo_test - Copy (2)\FB_IMG_1616918172165.jpg  =>  C:\Users\sippa\Desktop\destination_folder_test\Photos\Facebook\2021\03_March\FB_IMG_1616918172165.jpg
2026-04-24 03:07:38  INFO      core.mover  DRY   C:\Users\sippa\Desktop\photo_test - Copy (2)\FB_IMG_1616918175756.jpg  =>  C:\Users\sippa\Desktop\destination_folder_test\Photos\Facebook\2021\03_March\FB_IMG_1616918175756.jpg
2026-04-24 03:07:38  INFO      core.mover  DRY   C:\Users\sippa\Desktop\photo_test - Copy (2)\FB_IMG_1618041578519.jpg  =>  C:\Users\sippa\Desktop\destination_folder_test\Photos\Facebook\2021\04_April\FB_IMG_1618041578519.jpg
2026-04-24 03:07:38  INFO      core.mover  DRY   C:\Users\sippa\Desktop\photo_test - Copy (2)\FB_IMG_1618456115721.jpg  =>  C:\Users\sippa\Desktop\destination_folder_test\Photos\Facebook\2021\04_April\FB_IMG_1618456115721.jpg
2026-04-24 03:07:38  INFO      core.mover  DRY   C:\Users\sippa\Desktop\photo_test - Copy (2)\FB_IMG_1618625350020.jpg  =>  C:\Users\sippa\Desktop\destination_folder_test\Photos\Facebook\2021\04_April\FB_IMG_1618625350020.jpg
2026-04-24 03:07:38  INFO      core.mover  DRY   C:\Users\sippa\Desktop\photo_test - Copy (2)\FB_IMG_1618625355355.jpg  =>  C:\Users\sippa\Desktop\destination_folder_test\Photos\Facebook\2021\04_April\FB_IMG_1618625355355.jpg
2026-04-24 03:07:39  INFO      core.mover  DRY   C:\Users\sippa\Desktop\photo_test - Copy (2)\FB_IMG_1618842604396.jpg  =>  C:\Users\sippa\Desktop\destination_folder_test\Photos\Facebook\2021\04_April\FB_IMG_1618842604396.jpg
2026-04-24 03:07:39  INFO      core.mover  DRY   C:\Users\sippa\Desktop\photo_test - Copy (2)\FB_IMG_1618899721741.jpg  =>  C:\Users\sippa\Desktop\destination_folder_test\Photos\Facebook\2021\04_April\FB_IMG_1618899721741.jpg
2026-04-24 03:07:39  INFO      core.mover  DRY   C:\Users\sippa\Desktop\photo_test - Copy (2)\FB_IMG_1619160306874.jpg  =>  C:\Users\sippa\Desktop\destination_folder_test\Photos\Facebook\2021\04_April\FB_IMG_1619160306874.jpg
2026-04-24 03:07:39  INFO      core.mover  DRY   C:\Users\sippa\Desktop\photo_test - Copy (2)\FB_IMG_1619160312469.jpg  =>  C:\Users\sippa\Desktop\destination_folder_test\Photos\Facebook\2021\04_April\FB_IMG_1619160312469.jpg
2026-04-24 03:07:39  INFO      core.mover  DRY   C:\Users\sippa\Desktop\photo_test - Copy (2)\FB_IMG_1619244251396.jpg  =>  C:\Users\sippa\Desktop\destination_folder_test\Photos\Facebook\2021\04_April\FB_IMG_1619244251396.jpg
2026-04-24 03:07:39  INFO      core.mover  DRY   C:\Users\sippa\Desktop\photo_test - Copy (2)\FB_IMG_1619361153010.jpg  =>  C:\Users\sippa\Desktop\destination_folder_test\Photos\Facebook\2021\04_April\FB_IMG_1619361153010.jpg
2026-04-24 03:07:39  INFO      core.mover  DRY   C:\Users\sippa\Desktop\photo_test - Copy (2)\FB_IMG_1619776600282.jpg  =>  C:\Users\sippa\Desktop\destination_folder_test\Photos\Facebook\2021\04_April\FB_IMG_1619776600282.jpg
2026-04-24 03:07:39  INFO      core.mover  DRY   C:\Users\sippa\Desktop\photo_test - Copy (2)\FB_IMG_1619930641041.jpg  =>  C:\Users\sippa\Desktop\destination_folder_test\Photos\Facebook\2021\05_May\FB_IMG_1619930641041.jpg
2026-04-24 03:07:39  INFO      core.mover  DRY   C:\Users\sippa\Desktop\photo_test - Copy (2)\FB_IMG_1619930660810.jpg  =>  C:\Users\sippa\Desktop\destination_folder_test\Photos\Facebook\2021\05_May\FB_IMG_1619930660810.jpg
2026-04-24 03:07:39  INFO      core.mover  DRY   C:\Users\sippa\Desktop\photo_test - Copy (2)\FB_IMG_1619930685988.jpg  =>  C:\Users\sippa\Desktop\destination_folder_test\Photos\Facebook\2021\05_May\FB_IMG_1619930685988.jpg
2026-04-24 03:07:39  INFO      core.mover  DRY   C:\Users\sippa\Desktop\photo_test - Copy (2)\FB_IMG_1619970194614.jpg  =>  C:\Users\sippa\Desktop\destination_folder_test\Photos\Facebook\2021\05_May\FB_IMG_1619970194614.jpg
2026-04-24 03:07:39  INFO      core.mover  DRY   C:\Users\sippa\Desktop\photo_test - Copy (2)\FB_IMG_1620050153735.jpg  =>  C:\Users\sippa\Desktop\destination_folder_test\Photos\Facebook\2021\05_May\FB_IMG_1620050153735.jpg
2026-04-24 03:07:39  INFO      core.mover  DRY   C:\Users\sippa\Desktop\photo_test - Copy (2)\FB_IMG_1620274269356.jpg  =>  C:\Users\sippa\Desktop\destination_folder_test\Photos\Facebook\2021\05_May\FB_IMG_1620274269356.jpg
2026-04-24 03:07:39  INFO      core.mover  DRY   C:\Users\sippa\Desktop\photo_test - Copy (2)\FB_IMG_1620282147781.jpg  =>  C:\Users\sippa\Desktop\destination_folder_test\Photos\Facebook\2021\05_May\FB_IMG_1620282147781.jpg
2026-04-24 03:07:39  INFO      core.mover  DRY   C:\Users\sippa\Desktop\photo_test - Copy (2)\FB_IMG_1620715456938.jpg  =>  C:\Users\sippa\Desktop\destination_folder_test\Photos\Facebook\2021\05_May\FB_IMG_1620715456938.jpg
2026-04-24 03:07:39  INFO      core.mover  DRY   C:\Users\sippa\Desktop\photo_test - Copy (2)\FB_IMG_1620787788997.jpg  =>  C:\Users\sippa\Desktop\destination_folder_test\Photos\Facebook\2021\05_May\FB_IMG_1620787788997.jpg
2026-04-24 03:07:39  INFO      core.mover  DRY   C:\Users\sippa\Desktop\photo_test - Copy (2)\FB_IMG_1620787803147.jpg  =>  C:\Users\sippa\Desktop\destination_folder_test\Photos\Facebook\2021\05_May\FB_IMG_1620787803147.jpg
2026-04-24 03:07:39  INFO      core.mover  DRY   C:\Users\sippa\Desktop\photo_test - Copy (2)\FB_IMG_1621136854904.jpg  =>  C:\Users\sippa\Desktop\destination_folder_test\Photos\Facebook\2021\05_May\FB_IMG_1621136854904.jpg
2026-04-24 03:07:39  INFO      core.mover  DRY   C:\Users\sippa\Desktop\photo_test - Copy (2)\FB_IMG_1621372923787.jpg  =>  C:\Users\sippa\Desktop\destination_folder_test\Photos\Facebook\2021\05_May\FB_IMG_1621372923787.jpg
2026-04-24 03:07:39  INFO      core.mover  DRY   C:\Users\sippa\Desktop\photo_test - Copy (2)\FB_IMG_1621561840556.jpg  =>  C:\Users\sippa\Desktop\destination_folder_test\Photos\Facebook\2021\05_May\FB_IMG_1621561840556.jpg
2026-04-24 03:07:39  INFO      core.mover  DRY   C:\Users\sippa\Desktop\photo_test - Copy (2)\FB_IMG_1621572203015.jpg  =>  C:\Users\sippa\Desktop\destination_folder_test\Photos\Facebook\2021\05_May\FB_IMG_1621572203015.jpg
2026-04-24 03:07:39  INFO      core.mover  DRY   C:\Users\sippa\Desktop\photo_test - Copy (2)\FB_IMG_1621655594649.jpg  =>  C:\Users\sippa\Desktop\destination_folder_test\Photos\Facebook\2021\05_May\FB_IMG_1621655594649.jpg
2026-04-24 03:07:39  INFO      core.mover  DRY   C:\Users\sippa\Desktop\photo_test - Copy (2)\FB_IMG_1621831348180.jpg  =>  C:\Users\sippa\Desktop\destination_folder_test\Photos\Facebook\2021\05_May\FB_IMG_1621831348180.jpg
2026-04-24 03:07:39  INFO      core.mover  DRY   C:\Users\sippa\Desktop\photo_test - Copy (2)\FB_IMG_1621848499759.jpg  =>  C:\Users\sippa\Desktop\destination_folder_test\Photos\Facebook\2021\05_May\FB_IMG_1621848499759.jpg
2026-04-24 03:07:39  INFO      core.mover  DRY   C:\Users\sippa\Desktop\photo_test - Copy (2)\FB_IMG_1622323782060.jpg  =>  C:\Users\sippa\Desktop\destination_folder_test\Photos\Facebook\2021\05_May\FB_IMG_1622323782060.jpg
2026-04-24 03:07:39  INFO      core.mover  DRY   C:\Users\sippa\Desktop\photo_test - Copy (2)\FB_IMG_1622325473985.jpg  =>  C:\Users\sippa\Desktop\destination_folder_test\Photos\Facebook\2021\05_May\FB_IMG_1622325473985.jpg
2026-04-24 03:07:39  INFO      core.mover  DRY   C:\Users\sippa\Desktop\photo_test - Copy (2)\FB_IMG_1622325644882.jpg  =>  C:\Users\sippa\Desktop\destination_folder_test\Photos\Facebook\2021\05_May\FB_IMG_1622325644882.jpg
2026-04-24 03:07:39  INFO      core.mover  DRY   C:\Users\sippa\Desktop\photo_test - Copy (2)\FB_IMG_1622325738403.jpg  =>  C:\Users\sippa\Desktop\destination_folder_test\Photos\Facebook\2021\05_May\FB_IMG_1622325738403.jpg
2026-04-24 03:07:39  INFO      core.mover  DRY   C:\Users\sippa\Desktop\photo_test - Copy (2)\FB_IMG_1622325841435.jpg  =>  C:\Users\sippa\Desktop\destination_folder_test\Photos\Facebook\2021\05_May\FB_IMG_1622325841435.jpg
2026-04-24 03:07:39  INFO      core.mover  DRY   C:\Users\sippa\Desktop\photo_test - Copy (2)\FB_IMG_1622373136478.jpg  =>  C:\Users\sippa\Desktop\destination_folder_test\Photos\Facebook\2021\05_May\FB_IMG_1622373136478.jpg
2026-04-24 03:07:39  INFO      core.mover  DRY   C:\Users\sippa\Desktop\photo_test - Copy (2)\FB_IMG_1622453947143.jpg  =>  C:\Users\sippa\Desktop\destination_folder_test\Photos\Facebook\2021\05_May\FB_IMG_1622453947143.jpg
2026-04-24 03:07:39  INFO      core.mover  DRY   C:\Users\sippa\Desktop\photo_test - Copy (2)\FB_IMG_1622467885452.jpg  =>  C:\Users\sippa\Desktop\destination_folder_test\Photos\Facebook\2021\05_May\FB_IMG_1622467885452.jpg
2026-04-24 03:07:39  INFO      core.mover  DRY   C:\Users\sippa\Desktop\photo_test - Copy (2)\FB_IMG_1622475212335.jpg  =>  C:\Users\sippa\Desktop\destination_folder_test\Photos\Facebook\2021\05_May\FB_IMG_1622475212335.jpg
2026-04-24 03:07:39  INFO      core.mover  DRY   C:\Users\sippa\Desktop\photo_test - Copy (2)\FB_IMG_1622479508198.jpg  =>  C:\Users\sippa\Desktop\destination_folder_test\Photos\Facebook\2021\05_May\FB_IMG_1622479508198.jpg
2026-04-24 03:07:39  INFO      core.mover  DRY   C:\Users\sippa\Desktop\photo_test - Copy (2)\FB_IMG_1622700007326.jpg  =>  C:\Users\sippa\Desktop\destination_folder_test\Photos\Facebook\2021\06_June\FB_IMG_1622700007326.jpg
2026-04-24 03:07:39  INFO      core.mover  DRY   C:\Users\sippa\Desktop\photo_test - Copy (2)\FB_IMG_1622796590372.jpg  =>  C:\Users\sippa\Desktop\destination_folder_test\Photos\Facebook\2021\06_June\FB_IMG_1622796590372.jpg
2026-04-24 03:07:39  INFO      core.mover  DRY   C:\Users\sippa\Desktop\photo_test - Copy (2)\FB_IMG_1622969411071.jpg  =>  C:\Users\sippa\Desktop\destination_folder_test\Photos\Facebook\2021\06_June\FB_IMG_1622969411071.jpg
2026-04-24 03:07:39  INFO      core.mover  DRY   C:\Users\sippa\Desktop\photo_test - Copy (2)\FB_IMG_1623162319868.jpg  =>  C:\Users\sippa\Desktop\destination_folder_test\Photos\Facebook\2021\06_June\FB_IMG_1623162319868.jpg
2026-04-24 03:07:39  INFO      core.mover  DRY   C:\Users\sippa\Desktop\photo_test - Copy (2)\FB_IMG_1623163565451.jpg  =>  C:\Users\sippa\Desktop\destination_folder_test\Photos\Facebook\2021\06_June\FB_IMG_1623163565451.jpg
2026-04-24 03:07:39  INFO      core.mover  DRY   C:\Users\sippa\Desktop\photo_test - Copy (2)\FB_IMG_1623495191744.jpg  =>  C:\Users\sippa\Desktop\destination_folder_test\Photos\Facebook\2021\06_June\FB_IMG_1623495191744.jpg
2026-04-24 03:07:39  INFO      core.mover  DRY   C:\Users\sippa\Desktop\photo_test - Copy (2)\FB_IMG_1623559632776.jpg  =>  C:\Users\sippa\Desktop\destination_folder_test\Photos\Facebook\2021\06_June\FB_IMG_1623559632776.jpg
2026-04-24 03:07:39  INFO      core.mover  DRY   C:\Users\sippa\Desktop\photo_test - Copy (2)\FB_IMG_1623635637586.jpg  =>  C:\Users\sippa\Desktop\destination_folder_test\Photos\Facebook\2021\06_June\FB_IMG_1623635637586.jpg
2026-04-24 03:07:39  INFO      core.mover  DRY   C:\Users\sippa\Desktop\photo_test - Copy (2)\FB_IMG_1623839764971.jpg  =>  C:\Users\sippa\Desktop\destination_folder_test\Photos\Facebook\2021\06_June\FB_IMG_1623839764971.jpg
2026-04-24 03:07:39  INFO      core.mover  DRY   C:\Users\sippa\Desktop\photo_test - Copy (2)\FB_IMG_1623839819157.jpg  =>  C:\Users\sippa\Desktop\destination_folder_test\Photos\Facebook\2021\06_June\FB_IMG_1623839819157.jpg
2026-04-24 03:07:39  INFO      core.mover  DRY   C:\Users\sippa\Desktop\photo_test - Copy (2)\FB_IMG_1623839838499.jpg  =>  C:\Users\sippa\Desktop\destination_folder_test\Photos\Facebook\2021\06_June\FB_IMG_1623839838499.jpg
2026-04-24 03:07:39  INFO      core.mover  DRY   C:\Users\sippa\Desktop\photo_test - Copy (2)\FB_IMG_1623839841647.jpg  =>  C:\Users\sippa\Desktop\destination_folder_test\Photos\Facebook\2021\06_June\FB_IMG_1623839841647.jpg
2026-04-24 03:07:39  INFO      core.mover  DRY   C:\Users\sippa\Desktop\photo_test - Copy (2)\FB_IMG_1623839844029.jpg  =>  C:\Users\sippa\Desktop\destination_folder_test\Photos\Facebook\2021\06_June\FB_IMG_1623839844029.jpg
2026-04-24 03:07:39  INFO      core.mover  DRY   C:\Users\sippa\Desktop\photo_test - Copy (2)\FB_IMG_1623849478314.jpg  =>  C:\Users\sippa\Desktop\destination_folder_test\Photos\Facebook\2021\06_June\FB_IMG_1623849478314.jpg
2026-04-24 03:07:39  INFO      core.mover  DRY   C:\Users\sippa\Desktop\photo_test - Copy (2)\FB_IMG_1624160483647.jpg  =>  C:\Users\sippa\Desktop\destination_folder_test\Photos\Facebook\2021\06_June\FB_IMG_1624160483647.jpg
2026-04-24 03:07:39  INFO      core.mover  DRY   C:\Users\sippa\Desktop\photo_test - Copy (2)\FB_IMG_1624160492923.jpg  =>  C:\Users\sippa\Desktop\destination_folder_test\Photos\Facebook\2021\06_June\FB_IMG_1624160492923.jpg
2026-04-24 03:07:39  INFO      core.mover  DRY   C:\Users\sippa\Desktop\photo_test - Copy (2)\FB_IMG_1624160527258.jpg  =>  C:\Users\sippa\Desktop\destination_folder_test\Photos\Facebook\2021\06_June\FB_IMG_1624160527258.jpg
2026-04-24 03:07:39  INFO      core.mover  DRY   C:\Users\sippa\Desktop\photo_test - Copy (2)\FB_IMG_1624160549465.jpg  =>  C:\Users\sippa\Desktop\destination_folder_test\Photos\Facebook\2021\06_June\FB_IMG_1624160549465.jpg
2026-04-24 03:07:39  INFO      core.mover  DRY   C:\Users\sippa\Desktop\photo_test - Copy (2)\FB_IMG_1624160569880.jpg  =>  C:\Users\sippa\Desktop\destination_folder_test\Photos\Facebook\2021\06_June\FB_IMG_1624160569880.jpg
2026-04-24 03:07:39  INFO      core.mover  DRY   C:\Users\sippa\Desktop\photo_test - Copy (2)\FB_IMG_1624160602014.jpg  =>  C:\Users\sippa\Desktop\destination_folder_test\Photos\Facebook\2021\06_June\FB_IMG_1624160602014.jpg
2026-04-24 03:07:39  INFO      core.mover  DRY   C:\Users\sippa\Desktop\photo_test - Copy (2)\FB_IMG_1624160630260.jpg  =>  C:\Users\sippa\Desktop\destination_folder_test\Photos\Facebook\2021\06_June\FB_IMG_1624160630260.jpg
2026-04-24 03:07:39  INFO      core.mover  DRY   C:\Users\sippa\Desktop\photo_test - Copy (2)\FB_IMG_1624535578732.jpg  =>  C:\Users\sippa\Desktop\destination_folder_test\Photos\Facebook\2021\06_June\FB_IMG_1624535578732.jpg
2026-04-24 03:07:39  INFO      core.mover  DRY   C:\Users\sippa\Desktop\photo_test - Copy (2)\FB_IMG_1624786704258.jpg  =>  C:\Users\sippa\Desktop\destination_folder_test\Photos\Facebook\2021\06_June\FB_IMG_1624786704258.jpg
2026-04-24 03:07:39  INFO      core.mover  DRY   C:\Users\sippa\Desktop\photo_test - Copy (2)\FB_IMG_1624790461520.jpg  =>  C:\Users\sippa\Desktop\destination_folder_test\Photos\Facebook\2021\06_June\FB_IMG_1624790461520.jpg
2026-04-24 03:07:39  INFO      core.mover  DRY   C:\Users\sippa\Desktop\photo_test - Copy (2)\FB_IMG_1625033732451.jpg  =>  C:\Users\sippa\Desktop\destination_folder_test\Photos\Facebook\2021\06_June\FB_IMG_1625033732451.jpg
2026-04-24 03:07:39  INFO      core.mover  DRY   C:\Users\sippa\Desktop\photo_test - Copy (2)\FB_IMG_1625321076759.jpg  =>  C:\Users\sippa\Desktop\destination_folder_test\Photos\Facebook\2021\07_July\FB_IMG_1625321076759.jpg
2026-04-24 03:07:39  INFO      core.mover  DRY   C:\Users\sippa\Desktop\photo_test - Copy (2)\FB_IMG_1625536762607.jpg  =>  C:\Users\sippa\Desktop\destination_folder_test\Photos\Facebook\2021\07_July\FB_IMG_1625536762607.jpg
2026-04-24 03:07:39  INFO      core.mover  DRY   C:\Users\sippa\Desktop\photo_test - Copy (2)\FB_IMG_1625544499558.jpg  =>  C:\Users\sippa\Desktop\destination_folder_test\Photos\Facebook\2021\07_July\FB_IMG_1625544499558.jpg
2026-04-24 03:07:39  INFO      core.mover  DRY   C:\Users\sippa\Desktop\photo_test - Copy (2)\FB_IMG_1625544562014.jpg  =>  C:\Users\sippa\Desktop\destination_folder_test\Photos\Facebook\2021\07_July\FB_IMG_1625544562014.jpg
2026-04-24 03:07:39  INFO      core.mover  DRY   C:\Users\sippa\Desktop\photo_test - Copy (2)\FB_IMG_1625544571220.jpg  =>  C:\Users\sippa\Desktop\destination_folder_test\Photos\Facebook\2021\07_July\FB_IMG_1625544571220.jpg
2026-04-24 03:07:39  INFO      core.mover  DRY   C:\Users\sippa\Desktop\photo_test - Copy (2)\FB_IMG_1625935802503.jpg  =>  C:\Users\sippa\Desktop\destination_folder_test\Photos\Facebook\2021\07_July\FB_IMG_1625935802503.jpg
2026-04-24 03:07:39  INFO      core.mover  DRY   C:\Users\sippa\Desktop\photo_test - Copy (2)\FB_IMG_1625935933720.jpg  =>  C:\Users\sippa\Desktop\destination_folder_test\Photos\Facebook\2021\07_July\FB_IMG_1625935933720.jpg
2026-04-24 03:07:39  INFO      core.mover  DRY   C:\Users\sippa\Desktop\photo_test - Copy (2)\FB_IMG_1626269564118.jpg  =>  C:\Users\sippa\Desktop\destination_folder_test\Photos\Facebook\2021\07_July\FB_IMG_1626269564118.jpg
2026-04-24 03:07:39  INFO      core.mover  DRY   C:\Users\sippa\Desktop\photo_test - Copy (2)\FB_IMG_1627001269969.jpg  =>  C:\Users\sippa\Desktop\destination_folder_test\Photos\Facebook\2021\07_July\FB_IMG_1627001269969.jpg
2026-04-24 03:07:39  INFO      core.mover  DRY   C:\Users\sippa\Desktop\photo_test - Copy (2)\FB_IMG_1627116435630.jpg  =>  C:\Users\sippa\Desktop\destination_folder_test\Photos\Facebook\2021\07_July\FB_IMG_1627116435630.jpg
2026-04-24 03:07:39  INFO      core.mover  DRY   C:\Users\sippa\Desktop\photo_test - Copy (2)\FB_IMG_1627188818970.jpg  =>  C:\Users\sippa\Desktop\destination_folder_test\Photos\Facebook\2021\07_July\FB_IMG_1627188818970.jpg
2026-04-24 03:07:39  INFO      core.mover  DRY   C:\Users\sippa\Desktop\photo_test - Copy (2)\FB_IMG_1627268756737.jpg  =>  C:\Users\sippa\Desktop\destination_folder_test\Photos\Facebook\2021\07_July\FB_IMG_1627268756737.jpg
2026-04-24 03:07:39  INFO      core.mover  DRY   C:\Users\sippa\Desktop\photo_test - Copy (2)\FB_IMG_1627817381582.jpg  =>  C:\Users\sippa\Desktop\destination_folder_test\Photos\Facebook\2021\08_August\FB_IMG_1627817381582.jpg
2026-04-24 03:07:39  INFO      core.mover  DRY   C:\Users\sippa\Desktop\photo_test - Copy (2)\FB_IMG_1628006103025.jpg  =>  C:\Users\sippa\Desktop\destination_folder_test\Photos\Facebook\2021\08_August\FB_IMG_1628006103025.jpg
2026-04-24 03:07:39  INFO      core.mover  DRY   C:\Users\sippa\Desktop\photo_test - Copy (2)\FB_IMG_1628006105692.jpg  =>  C:\Users\sippa\Desktop\destination_folder_test\Photos\Facebook\2021\08_August\FB_IMG_1628006105692.jpg
2026-04-24 03:07:39  INFO      core.mover  DRY   C:\Users\sippa\Desktop\photo_test - Copy (2)\FB_IMG_1628006108037.jpg  =>  C:\Users\sippa\Desktop\destination_folder_test\Photos\Facebook\2021\08_August\FB_IMG_1628006108037.jpg
2026-04-24 03:07:39  INFO      core.mover  DRY   C:\Users\sippa\Desktop\photo_test - Copy (2)\FB_IMG_1628528842615.jpg  =>  C:\Users\sippa\Desktop\destination_folder_test\Photos\Facebook\2021\08_August\FB_IMG_1628528842615.jpg
2026-04-24 03:07:39  INFO      core.mover  DRY   C:\Users\sippa\Desktop\photo_test - Copy (2)\FB_IMG_1628737607591.jpg  =>  C:\Users\sippa\Desktop\destination_folder_test\Photos\Facebook\2021\08_August\FB_IMG_1628737607591.jpg
2026-04-24 03:07:39  INFO      core.mover  DRY   C:\Users\sippa\Desktop\photo_test - Copy (2)\FB_IMG_1628816749698.jpg  =>  C:\Users\sippa\Desktop\destination_folder_test\Photos\Facebook\2021\08_August\FB_IMG_1628816749698.jpg
2026-04-24 03:07:39  INFO      core.mover  DRY   C:\Users\sippa\Desktop\photo_test - Copy (2)\FB_IMG_1628865732905.jpg  =>  C:\Users\sippa\Desktop\destination_folder_test\Photos\Facebook\2021\08_August\FB_IMG_1628865732905.jpg
2026-04-24 03:07:39  INFO      core.mover  DRY   C:\Users\sippa\Desktop\photo_test - Copy (2)\FB_IMG_1628868302500.jpg  =>  C:\Users\sippa\Desktop\destination_folder_test\Photos\Facebook\2021\08_August\FB_IMG_1628868302500.jpg
2026-04-24 03:07:39  INFO      core.mover  DRY   C:\Users\sippa\Desktop\photo_test - Copy (2)\FB_IMG_1628913750818.jpg  =>  C:\Users\sippa\Desktop\destination_folder_test\Photos\Facebook\2021\08_August\FB_IMG_1628913750818.jpg
2026-04-24 03:07:39  INFO      core.mover  DRY   C:\Users\sippa\Desktop\photo_test - Copy (2)\FB_IMG_1628917594131.jpg  =>  C:\Users\sippa\Desktop\destination_folder_test\Photos\Facebook\2021\08_August\FB_IMG_1628917594131.jpg
2026-04-24 03:07:39  INFO      core.mover  DRY   C:\Users\sippa\Desktop\photo_test - Copy (2)\FB_IMG_1628917596504.jpg  =>  C:\Users\sippa\Desktop\destination_folder_test\Photos\Facebook\2021\08_August\FB_IMG_1628917596504.jpg
2026-04-24 03:07:39  INFO      core.mover  DRY   C:\Users\sippa\Desktop\photo_test - Copy (2)\FB_IMG_1628917598590.jpg  =>  C:\Users\sippa\Desktop\destination_folder_test\Photos\Facebook\2021\08_August\FB_IMG_1628917598590.jpg
2026-04-24 03:07:39  INFO      core.mover  DRY   C:\Users\sippa\Desktop\photo_test - Copy (2)\FB_IMG_1628917600969.jpg  =>  C:\Users\sippa\Desktop\destination_folder_test\Photos\Facebook\2021\08_August\FB_IMG_1628917600969.jpg
2026-04-24 03:07:39  INFO      core.mover  DRY   C:\Users\sippa\Desktop\photo_test - Copy (2)\FB_IMG_1628917605042.jpg  =>  C:\Users\sippa\Desktop\destination_folder_test\Photos\Facebook\2021\08_August\FB_IMG_1628917605042.jpg
2026-04-24 03:07:39  INFO      core.mover  DRY   C:\Users\sippa\Desktop\photo_test - Copy (2)\FB_IMG_1628917607465.jpg  =>  C:\Users\sippa\Desktop\destination_folder_test\Photos\Facebook\2021\08_August\FB_IMG_1628917607465.jpg
2026-04-24 03:07:39  INFO      core.mover  DRY   C:\Users\sippa\Desktop\photo_test - Copy (2)\FB_IMG_1628985112639.jpg  =>  C:\Users\sippa\Desktop\destination_folder_test\Photos\Facebook\2021\08_August\FB_IMG_1628985112639.jpg
2026-04-24 03:07:39  INFO      core.mover  DRY   C:\Users\sippa\Desktop\photo_test - Copy (2)\FB_IMG_1629611227433.jpg  =>  C:\Users\sippa\Desktop\destination_folder_test\Photos\Facebook\2021\08_August\FB_IMG_1629611227433.jpg
2026-04-24 03:07:39  INFO      core.mover  DRY   C:\Users\sippa\Desktop\photo_test - Copy (2)\FB_IMG_1630376017799.jpg  =>  C:\Users\sippa\Desktop\destination_folder_test\Photos\Facebook\2021\08_August\FB_IMG_1630376017799.jpg
2026-04-24 03:07:39  INFO      core.mover  DRY   C:\Users\sippa\Desktop\photo_test - Copy (2)\FB_IMG_1630378338646.jpg  =>  C:\Users\sippa\Desktop\destination_folder_test\Photos\Facebook\2021\08_August\FB_IMG_1630378338646.jpg
2026-04-24 03:07:39  INFO      core.mover  DRY   C:\Users\sippa\Desktop\photo_test - Copy (2)\FB_IMG_1631425192265.jpg  =>  C:\Users\sippa\Desktop\destination_folder_test\Photos\Facebook\2021\09_September\FB_IMG_1631425192265.jpg
2026-04-24 03:07:39  INFO      core.mover  DRY   C:\Users\sippa\Desktop\photo_test - Copy (2)\FB_IMG_1631906302246.jpg  =>  C:\Users\sippa\Desktop\destination_folder_test\Photos\Facebook\2021\09_September\FB_IMG_1631906302246.jpg
2026-04-24 03:07:39  INFO      core.mover  DRY   C:\Users\sippa\Desktop\photo_test - Copy (2)\FB_IMG_1632441262440.jpg  =>  C:\Users\sippa\Desktop\destination_folder_test\Photos\Facebook\2021\09_September\FB_IMG_1632441262440.jpg
2026-04-24 03:07:39  INFO      core.mover  DRY   C:\Users\sippa\Desktop\photo_test - Copy (2)\FB_IMG_1632754910486.jpg  =>  C:\Users\sippa\Desktop\destination_folder_test\Photos\Facebook\2021\09_September\FB_IMG_1632754910486.jpg
2026-04-24 03:07:39  INFO      core.mover  DRY   C:\Users\sippa\Desktop\photo_test - Copy (2)\FB_IMG_1633418644449.jpg  =>  C:\Users\sippa\Desktop\destination_folder_test\Photos\Facebook\2021\10_October\FB_IMG_1633418644449.jpg
2026-04-24 03:07:39  INFO      core.mover  DRY   C:\Users\sippa\Desktop\photo_test - Copy (2)\FB_IMG_1634438935238.jpg  =>  C:\Users\sippa\Desktop\destination_folder_test\Photos\Facebook\2021\10_October\FB_IMG_1634438935238.jpg
2026-04-24 03:07:39  INFO      core.mover  DRY   C:\Users\sippa\Desktop\photo_test - Copy (2)\FB_IMG_1635790918796.jpg  =>  C:\Users\sippa\Desktop\destination_folder_test\Photos\Facebook\2021\11_November\FB_IMG_1635790918796.jpg
2026-04-24 03:07:39  INFO      core.mover  DRY   C:\Users\sippa\Desktop\photo_test - Copy (2)\FB_IMG_1635790994295.jpg  =>  C:\Users\sippa\Desktop\destination_folder_test\Photos\Facebook\2021\11_November\FB_IMG_1635790994295.jpg
2026-04-24 03:07:39  INFO      core.mover  DRY   C:\Users\sippa\Desktop\photo_test - Copy (2)\FB_IMG_1636647491309.jpg  =>  C:\Users\sippa\Desktop\destination_folder_test\Photos\Facebook\2021\11_November\FB_IMG_1636647491309.jpg
2026-04-24 03:07:39  INFO      core.mover  DRY   C:\Users\sippa\Desktop\photo_test - Copy (2)\FB_IMG_1637159150973.jpg  =>  C:\Users\sippa\Desktop\destination_folder_test\Photos\Facebook\2021\11_November\FB_IMG_1637159150973.jpg
2026-04-24 03:07:39  INFO      core.mover  DRY   C:\Users\sippa\Desktop\photo_test - Copy (2)\FB_IMG_1637159435061.jpg  =>  C:\Users\sippa\Desktop\destination_folder_test\Photos\Facebook\2021\11_November\FB_IMG_1637159435061.jpg
2026-04-24 03:07:39  INFO      core.mover  DRY   C:\Users\sippa\Desktop\photo_test - Copy (2)\FB_IMG_1637231262467.jpg  =>  C:\Users\sippa\Desktop\destination_folder_test\Photos\Facebook\2021\11_November\FB_IMG_1637231262467.jpg
2026-04-24 03:07:39  INFO      core.mover  DRY   C:\Users\sippa\Desktop\photo_test - Copy (2)\FB_IMG_1637504906304.jpg  =>  C:\Users\sippa\Desktop\destination_folder_test\Photos\Facebook\2021\11_November\FB_IMG_1637504906304.jpg
2026-04-24 03:07:39  INFO      core.mover  DRY   C:\Users\sippa\Desktop\photo_test - Copy (2)\FB_IMG_1637980180374.jpg  =>  C:\Users\sippa\Desktop\destination_folder_test\Photos\Facebook\2021\11_November\FB_IMG_1637980180374.jpg
2026-04-24 03:07:39  INFO      core.mover  DRY   C:\Users\sippa\Desktop\photo_test - Copy (2)\FB_IMG_1638679965982.jpg  =>  C:\Users\sippa\Desktop\destination_folder_test\Photos\Facebook\2021\12_December\FB_IMG_1638679965982.jpg
2026-04-24 03:07:39  INFO      core.mover  DRY   C:\Users\sippa\Desktop\photo_test - Copy (2)\FB_IMG_1640288252972.jpg  =>  C:\Users\sippa\Desktop\destination_folder_test\Photos\Facebook\2021\12_December\FB_IMG_1640288252972.jpg
2026-04-24 03:07:39  INFO      core.mover  DRY   C:\Users\sippa\Desktop\photo_test - Copy (2)\FB_IMG_1640514991849.jpg  =>  C:\Users\sippa\Desktop\destination_folder_test\Photos\Facebook\2021\12_December\FB_IMG_1640514991849.jpg
2026-04-24 03:07:39  INFO      core.mover  DRY   C:\Users\sippa\Desktop\photo_test - Copy (2)\FB_IMG_1640855263846.jpg  =>  C:\Users\sippa\Desktop\destination_folder_test\Photos\Facebook\2021\12_December\FB_IMG_1640855263846.jpg
2026-04-24 03:07:39  INFO      core.mover  DRY   C:\Users\sippa\Desktop\photo_test - Copy (2)\FB_IMG_1641445517930.jpg  =>  C:\Users\sippa\Desktop\destination_folder_test\Photos\Facebook\2022\01_January\FB_IMG_1641445517930.jpg
2026-04-24 03:07:39  INFO      core.mover  DRY   C:\Users\sippa\Desktop\photo_test - Copy (2)\FB_IMG_1641704151198.jpg  =>  C:\Users\sippa\Desktop\destination_folder_test\Photos\Facebook\2022\01_January\FB_IMG_1641704151198.jpg
2026-04-24 03:07:39  INFO      core.mover  DRY   C:\Users\sippa\Desktop\photo_test - Copy (2)\FB_IMG_1642410969667.jpg  =>  C:\Users\sippa\Desktop\destination_folder_test\Photos\Facebook\2022\01_January\FB_IMG_1642410969667.jpg
2026-04-24 03:07:39  INFO      core.mover  DRY   C:\Users\sippa\Desktop\photo_test - Copy (2)\FB_IMG_1643434438784.jpg  =>  C:\Users\sippa\Desktop\destination_folder_test\Photos\Facebook\2022\01_January\FB_IMG_1643434438784.jpg
2026-04-24 03:07:39  INFO      core.mover  DRY   C:\Users\sippa\Desktop\photo_test - Copy (2)\FB_IMG_1643816542993.jpg  =>  C:\Users\sippa\Desktop\destination_folder_test\Photos\Facebook\2022\02_February\FB_IMG_1643816542993.jpg
2026-04-24 03:07:39  INFO      core.mover  DRY   C:\Users\sippa\Desktop\photo_test - Copy (2)\FB_IMG_1644695531344.jpg  =>  C:\Users\sippa\Desktop\destination_folder_test\Photos\Facebook\2022\02_February\FB_IMG_1644695531344.jpg
2026-04-24 03:07:39  INFO      core.mover  DRY   C:\Users\sippa\Desktop\photo_test - Copy (2)\FB_IMG_1645109439095.jpg  =>  C:\Users\sippa\Desktop\destination_folder_test\Photos\Facebook\2022\02_February\FB_IMG_1645109439095.jpg
2026-04-24 03:07:39  INFO      core.mover  DRY   C:\Users\sippa\Desktop\photo_test - Copy (2)\FB_IMG_1645716310134.jpg  =>  C:\Users\sippa\Desktop\destination_folder_test\Photos\Facebook\2022\02_February\FB_IMG_1645716310134.jpg
2026-04-24 03:07:39  INFO      core.mover  DRY   C:\Users\sippa\Desktop\photo_test - Copy (2)\FB_IMG_1647058817455.jpg  =>  C:\Users\sippa\Desktop\destination_folder_test\Photos\Facebook\2022\03_March\FB_IMG_1647058817455.jpg
2026-04-24 03:07:39  INFO      core.mover  DRY   C:\Users\sippa\Desktop\photo_test - Copy (2)\FB_IMG_1647085804573.jpg  =>  C:\Users\sippa\Desktop\destination_folder_test\Photos\Facebook\2022\03_March\FB_IMG_1647085804573.jpg
2026-04-24 03:07:39  INFO      core.mover  DRY   C:\Users\sippa\Desktop\photo_test - Copy (2)\FB_IMG_1647745933134.jpg  =>  C:\Users\sippa\Desktop\destination_folder_test\Photos\Facebook\2022\03_March\FB_IMG_1647745933134.jpg
2026-04-24 03:07:39  INFO      core.mover  DRY   C:\Users\sippa\Desktop\photo_test - Copy (2)\FB_IMG_1648009914551.jpg  =>  C:\Users\sippa\Desktop\destination_folder_test\Photos\Facebook\2022\03_March\FB_IMG_1648009914551.jpg
2026-04-24 03:07:39  INFO      core.mover  DRY   C:\Users\sippa\Desktop\photo_test - Copy (2)\FB_IMG_1648009936992.jpg  =>  C:\Users\sippa\Desktop\destination_folder_test\Photos\Facebook\2022\03_March\FB_IMG_1648009936992.jpg
2026-04-24 03:07:39  INFO      core.mover  DRY   C:\Users\sippa\Desktop\photo_test - Copy (2)\FB_IMG_1648444275397.jpg  =>  C:\Users\sippa\Desktop\destination_folder_test\Photos\Facebook\2022\03_March\FB_IMG_1648444275397.jpg
2026-04-24 03:07:39  INFO      core.mover  DRY   C:\Users\sippa\Desktop\photo_test - Copy (2)\FB_IMG_1648444296132.jpg  =>  C:\Users\sippa\Desktop\destination_folder_test\Photos\Facebook\2022\03_March\FB_IMG_1648444296132.jpg
2026-04-24 03:07:39  INFO      core.mover  DRY   C:\Users\sippa\Desktop\photo_test - Copy (2)\FB_IMG_1649934609426.jpg  =>  C:\Users\sippa\Desktop\destination_folder_test\Photos\Facebook\2022\04_April\FB_IMG_1649934609426.jpg
2026-04-24 03:07:39  INFO      core.mover  DRY   C:\Users\sippa\Desktop\photo_test - Copy (2)\FB_IMG_1650216661518.jpg  =>  C:\Users\sippa\Desktop\destination_folder_test\Photos\Facebook\2022\04_April\FB_IMG_1650216661518.jpg
2026-04-24 03:07:39  INFO      core.mover  DRY   C:\Users\sippa\Desktop\photo_test - Copy (2)\FB_IMG_1650468429353.jpg  =>  C:\Users\sippa\Desktop\destination_folder_test\Photos\Facebook\2022\04_April\FB_IMG_1650468429353.jpg
2026-04-24 03:07:39  INFO      core.mover  DRY   C:\Users\sippa\Desktop\photo_test - Copy (2)\IMG_3698.JPG  =>  C:\Users\sippa\Desktop\destination_folder_test\Photos\Canon EOS RP\2025\04_April\IMG_3698.JPG
2026-04-24 03:07:39  INFO      core.mover  DRY   C:\Users\sippa\Desktop\photo_test - Copy (2)\IMG_3740.JPG  =>  C:\Users\sippa\Desktop\destination_folder_test\Photos\Canon EOS RP\2025\04_April\IMG_3740.JPG
2026-04-24 03:07:39  INFO      core.mover  DRY   C:\Users\sippa\Desktop\photo_test - Copy (2)\IMG_3741.JPG  =>  C:\Users\sippa\Desktop\destination_folder_test\Photos\Canon EOS RP\2025\04_April\IMG_3741.JPG
2026-04-24 03:07:39  INFO      core.mover  DRY   C:\Users\sippa\Desktop\photo_test - Copy (2)\IMG_3750.JPG  =>  C:\Users\sippa\Desktop\destination_folder_test\Photos\Canon EOS RP\2025\04_April\IMG_3750.JPG
2026-04-24 03:07:39  INFO      core.mover  DRY   C:\Users\sippa\Desktop\photo_test - Copy (2)\IMG_3751.JPG  =>  C:\Users\sippa\Desktop\destination_folder_test\Photos\Canon EOS RP\2025\04_April\IMG_3751.JPG
2026-04-24 03:07:39  INFO      core.mover  DRY   C:\Users\sippa\Desktop\photo_test - Copy (2)\IMG_3759.JPG  =>  C:\Users\sippa\Desktop\destination_folder_test\Photos\Canon EOS RP\2025\04_April\IMG_3759.JPG
2026-04-24 03:07:39  INFO      core.mover  DRY   C:\Users\sippa\Desktop\photo_test - Copy (2)\IMG_3760.JPG  =>  C:\Users\sippa\Desktop\destination_folder_test\Photos\Canon EOS RP\2025\04_April\IMG_3760.JPG
2026-04-24 03:07:39  INFO      core.mover  DRY   C:\Users\sippa\Desktop\photo_test - Copy (2)\IMG_3849.JPG  =>  C:\Users\sippa\Desktop\destination_folder_test\Photos\Canon EOS RP\2025\04_April\IMG_3849.JPG
2026-04-24 03:07:39  INFO      core.mover  DRY   C:\Users\sippa\Desktop\photo_test - Copy (2)\IMG_6410_0.jpg  =>  C:\Users\sippa\Desktop\destination_folder_test\Photos\Canon EOS RP\2026\02_February\IMG_6410_0.jpg
2026-04-24 03:07:39  INFO      core.mover  DRY   C:\Users\sippa\Desktop\photo_test - Copy (2)\IMG_6411_0.jpg  =>  C:\Users\sippa\Desktop\destination_folder_test\Photos\Canon EOS RP\2026\02_February\IMG_6411_0.jpg
2026-04-24 03:07:40  INFO      core.mover  DRY   C:\Users\sippa\Desktop\photo_test - Copy (2)\IMG_6412_0.jpg  =>  C:\Users\sippa\Desktop\destination_folder_test\Photos\Canon EOS RP\2026\02_February\IMG_6412_0.jpg
2026-04-24 03:07:40  INFO      core.mover  DRY   C:\Users\sippa\Desktop\photo_test - Copy (2)\IMG_6414_0.jpg  =>  C:\Users\sippa\Desktop\destination_folder_test\Photos\Canon EOS RP\2026\02_February\IMG_6414_0.jpg
2026-04-24 03:07:40  INFO      core.mover  DRY   C:\Users\sippa\Desktop\photo_test - Copy (2)\IMG_6429_0.jpg  =>  C:\Users\sippa\Desktop\destination_folder_test\Photos\Canon EOS RP\2026\02_February\IMG_6429_0.jpg
2026-04-24 03:07:40  INFO      core.mover  DRY   C:\Users\sippa\Desktop\photo_test - Copy (2)\Jumping_Race_2017-07-28T123453+0000_E485DC.jpg  =>  C:\Users\sippa\Desktop\destination_folder_test\Photos\Parrot Jumping Race\2017\07_July\Jumping_Race_2017-07-28T123453+0000_E485DC.jpg
2026-04-24 03:07:40  INFO      core.mover  DRY   C:\Users\sippa\Desktop\photo_test - Copy (2)\Jumping_Race_2017-07-28T123548+0000_DD4B51.jpg  =>  C:\Users\sippa\Desktop\destination_folder_test\Photos\Parrot Jumping Race\2017\07_July\Jumping_Race_2017-07-28T123548+0000_DD4B51.jpg
2026-04-24 03:07:40  INFO      core.mover  DRY   C:\Users\sippa\Desktop\photo_test - Copy (2)\Jumping_Race_2017-07-28T123621+0000_C2F6AB.jpg  =>  C:\Users\sippa\Desktop\destination_folder_test\Photos\Parrot Jumping Race\2017\07_July\Jumping_Race_2017-07-28T123621+0000_C2F6AB.jpg
2026-04-24 03:07:40  INFO      core.mover  DRY   C:\Users\sippa\Desktop\photo_test - Copy (2)\Jumping_Race_2017-08-20T155617+0000_69B95B.jpg  =>  C:\Users\sippa\Desktop\destination_folder_test\Photos\Parrot Jumping Race\2017\08_August\Jumping_Race_2017-08-20T155617+0000_69B95B.jpg
2026-04-24 03:07:40  INFO      core.mover  DRY   C:\Users\sippa\Desktop\photo_test - Copy (2)\P2400145.JPG  =>  C:\Users\sippa\Desktop\destination_folder_test\Photos\Panasonic GX85\2021\03_March\P2400145.JPG
2026-04-24 03:07:40  INFO      core.mover  DRY   C:\Users\sippa\Desktop\photo_test - Copy (2)\P2440732.JPG  =>  C:\Users\sippa\Desktop\destination_folder_test\Photos\Panasonic GX85\2021\06_June\P2440732.JPG
2026-04-24 03:07:40  INFO      core.mover  DRY   C:\Users\sippa\Desktop\photo_test - Copy (2)\P2440733.JPG  =>  C:\Users\sippa\Desktop\destination_folder_test\Photos\Panasonic GX85\2021\06_June\P2440733.JPG
2026-04-24 03:07:40  INFO      core.mover  DRY   C:\Users\sippa\Desktop\photo_test - Copy (2)\P2480116.JPG  =>  C:\Users\sippa\Desktop\destination_folder_test\Photos\Panasonic GX85\2021\07_July\P2480116.JPG
2026-04-24 03:07:40  INFO      core.mover  DRY   C:\Users\sippa\Desktop\photo_test - Copy (2)\P2560375.JPG  =>  C:\Users\sippa\Desktop\destination_folder_test\Photos\Panasonic GX85\2022\02_February\P2560375.JPG
2026-04-24 03:07:40  INFO      core.mover  DRY   C:\Users\sippa\Desktop\photo_test - Copy (2)\P2560380.JPG  =>  C:\Users\sippa\Desktop\destination_folder_test\Photos\Panasonic GX85\2022\02_February\P2560380.JPG
2026-04-24 03:07:40  INFO      core.mover  DRY   C:\Users\sippa\Desktop\photo_test - Copy (2)\P2610449.MP4  =>  C:\Users\sippa\Desktop\destination_folder_test\Videos\Panasonic Lumix\2022\05_May\P2610449.MP4
2026-04-24 03:07:40  INFO      core.mover  DRY   C:\Users\sippa\Desktop\photo_test - Copy (2)\P2610457.JPG  =>  C:\Users\sippa\Desktop\destination_folder_test\Photos\Panasonic GX85\2022\05_May\P2610457.JPG
2026-04-24 03:07:40  INFO      core.mover  DRY   C:\Users\sippa\Desktop\photo_test - Copy (2)\P2610477.JPG  =>  C:\Users\sippa\Desktop\destination_folder_test\Photos\Panasonic GX85\2022\05_May\P2610477.JPG
2026-04-24 03:07:40  INFO      core.mover  DRY   C:\Users\sippa\Desktop\photo_test - Copy (2)\P2610763.JPG  =>  C:\Users\sippa\Desktop\destination_folder_test\Photos\Panasonic GX85\2022\05_May\P2610763.JPG
2026-04-24 03:07:40  INFO      core.mover  DRY   C:\Users\sippa\Desktop\photo_test - Copy (2)\P2890961.JPG  =>  C:\Users\sippa\Desktop\destination_folder_test\Photos\Panasonic GX85\2022\09_September\P2890961.JPG
2026-04-24 03:07:40  INFO      core.mover  DRY   C:\Users\sippa\Desktop\photo_test - Copy (2)\P2890962.JPG  =>  C:\Users\sippa\Desktop\destination_folder_test\Photos\Panasonic GX85\2022\09_September\P2890962.JPG
2026-04-24 03:07:40  INFO      core.mover  DRY   C:\Users\sippa\Desktop\photo_test - Copy (2)\P2890963.JPG  =>  C:\Users\sippa\Desktop\destination_folder_test\Photos\Panasonic GX85\2022\09_September\P2890963.JPG
2026-04-24 03:07:40  INFO      core.mover  DRY   C:\Users\sippa\Desktop\photo_test - Copy (2)\P3240020.JPG  =>  C:\Users\sippa\Desktop\destination_folder_test\Photos\Panasonic GX85\2023\04_April\P3240020.JPG
2026-04-24 03:07:40  INFO      core.mover  DRY   C:\Users\sippa\Desktop\photo_test - Copy (2)\P3240366.JPG  =>  C:\Users\sippa\Desktop\destination_folder_test\Photos\Panasonic GX85\2023\04_April\P3240366.JPG
2026-04-24 03:07:40  INFO      core.mover  DRY   C:\Users\sippa\Desktop\photo_test - Copy (2)\P3240716.JPG  =>  C:\Users\sippa\Desktop\destination_folder_test\Photos\Panasonic GX85\2023\04_April\P3240716.JPG
2026-04-24 03:07:40  INFO      core.mover  DRY   C:\Users\sippa\Desktop\photo_test - Copy (2)\P4120847.JPG  =>  C:\Users\sippa\Desktop\destination_folder_test\Photos\Panasonic GX85\2026\02_February\P4120847.JPG
2026-04-24 03:07:40  INFO      core.mover  DRY   C:\Users\sippa\Desktop\photo_test - Copy (2)\P4120848.JPG  =>  C:\Users\sippa\Desktop\destination_folder_test\Photos\Panasonic GX85\2026\02_February\P4120848.JPG
2026-04-24 03:07:40  INFO      core.mover  DRY   C:\Users\sippa\Desktop\photo_test - Copy (2)\P4120858.JPG  =>  C:\Users\sippa\Desktop\destination_folder_test\Photos\Panasonic GX85\2026\02_February\P4120858.JPG
2026-04-24 03:07:40  INFO      core.mover  DRY   C:\Users\sippa\Desktop\photo_test - Copy (2)\test_drum_nano.mp4  =>  C:\Users\sippa\Desktop\destination_folder_test\Videos\Unknown_Device\2021\07_July\test_drum_nano.mp4
2026-04-24 03:07:40  INFO      core.mover  DRY   C:\Users\sippa\Desktop\photo_test - Copy (2)\test_drum_nano_2.mp4  =>  C:\Users\sippa\Desktop\destination_folder_test\Videos\Unknown_Device\2021\07_July\test_drum_nano_2.mp4
2026-04-24 03:07:40  INFO      core.mover  DRY   C:\Users\sippa\Desktop\photo_test - Copy (2)\20221018 fence post\11218294-8ef0-481a-ae00-3fcc7e44b8c9.mp4  =>  C:\Users\sippa\Desktop\destination_folder_test\Videos\Unknown_Device\2022\10_October\11218294-8ef0-481a-ae00-3fcc7e44b8c9.mp4
2026-04-24 03:07:40  INFO      core.mover  DRY   C:\Users\sippa\Desktop\photo_test - Copy (2)\20221018 fence post\1220777.jpg  =>  C:\Users\sippa\Desktop\destination_folder_test\Photos\Unknown_Device\2022\10_October\1220777.jpg
2026-04-24 03:07:40  INFO      core.mover  DRY   C:\Users\sippa\Desktop\photo_test - Copy (2)\20221018 fence post\1222446.jpg  =>  C:\Users\sippa\Desktop\destination_folder_test\Photos\Unknown_Device\2022\10_October\1222446.jpg
2026-04-24 03:07:40  INFO      core.mover  DRY   C:\Users\sippa\Desktop\photo_test - Copy (2)\20221018 fence post\1_10.30.53.avi  =>  C:\Users\sippa\Desktop\destination_folder_test\Videos\Unknown_Device\2022\10_October\1_10.30.53.avi
2026-04-24 03:07:40  INFO      core.mover  DRY   C:\Users\sippa\Desktop\photo_test - Copy (2)\20221018 fence post\20260320_043549.jpg  =>  C:\Users\sippa\Desktop\destination_folder_test\Photos\Samsung Galaxy S25 Ultra\2026\03_March\20260320_043549.jpg
2026-04-24 03:07:40  INFO      core.mover  DRY   C:\Users\sippa\Desktop\photo_test - Copy (2)\20221018 fence post\20260320_043922.mp4  =>  C:\Users\sippa\Desktop\destination_folder_test\Videos\Android Camera\2026\03_March\20260320_043922.mp4
2026-04-24 03:07:40  INFO      core.mover  DRY   C:\Users\sippa\Desktop\photo_test - Copy (2)\20221018 fence post\20260320_045325.jpg  =>  C:\Users\sippa\Desktop\destination_folder_test\Photos\Samsung Galaxy S25 Ultra\2026\03_March\20260320_045325.jpg
2026-04-24 03:07:40  INFO      core.mover  DRY   C:\Users\sippa\Desktop\photo_test - Copy (2)\20221018 fence post\20260320_062706.jpg  =>  C:\Users\sippa\Desktop\destination_folder_test\Photos\Samsung Galaxy S25 Ultra\2026\03_March\20260320_062706.jpg
2026-04-24 03:07:40  INFO      core.mover  DRY   C:\Users\sippa\Desktop\photo_test - Copy (2)\20221018 fence post\20260320_063335.jpg  =>  C:\Users\sippa\Desktop\destination_folder_test\Photos\Samsung Galaxy S25 Ultra\2026\03_March\20260320_063335.jpg
2026-04-24 03:07:40  INFO      core.mover  DRY   C:\Users\sippa\Desktop\photo_test - Copy (2)\20221018 fence post\P2850539.JPG  =>  C:\Users\sippa\Desktop\destination_folder_test\Photos\Panasonic GX85\2022\09_September\P2850539.JPG
2026-04-24 03:07:40  INFO      core.mover  DRY   C:\Users\sippa\Desktop\photo_test - Copy (2)\20221018 fence post\P2910198.JPG  =>  C:\Users\sippa\Desktop\destination_folder_test\Photos\Panasonic GX85\2022\10_October\P2910198.JPG
2026-04-24 03:07:40  INFO      core.mover  DRY   C:\Users\sippa\Desktop\photo_test - Copy (2)\20221018 fence post\P2910199.JPG  =>  C:\Users\sippa\Desktop\destination_folder_test\Photos\Panasonic GX85\2022\10_October\P2910199.JPG
2026-04-24 03:07:40  INFO      core.mover  DRY   C:\Users\sippa\Desktop\photo_test - Copy (2)\20221018 fence post\P2940040.JPG  =>  C:\Users\sippa\Desktop\destination_folder_test\Photos\Panasonic GX85\2022\10_October\P2940040.JPG
2026-04-24 03:07:40  INFO      core.mover  DRY   C:\Users\sippa\Desktop\photo_test - Copy (2)\20221018 fence post\P2940069.JPG  =>  C:\Users\sippa\Desktop\destination_folder_test\Photos\Panasonic GX85\2022\10_October\P2940069.JPG
2026-04-24 03:07:40  INFO      core.mover  DRY   C:\Users\sippa\Desktop\photo_test - Copy (2)\20221018 fence post\P2940074.JPG  =>  C:\Users\sippa\Desktop\destination_folder_test\Photos\Panasonic GX85\2022\10_October\P2940074.JPG
2026-04-24 03:07:40  INFO      core.mover  DRY   C:\Users\sippa\Desktop\photo_test - Copy (2)\20221018 fence post\P2940113.JPG  =>  C:\Users\sippa\Desktop\destination_folder_test\Photos\Panasonic GX85\2022\10_October\P2940113.JPG
2026-04-24 03:07:40  INFO      core.mover  DRY   C:\Users\sippa\Desktop\photo_test - Copy (2)\20221018 fence post\P2940130.JPG  =>  C:\Users\sippa\Desktop\destination_folder_test\Photos\Panasonic GX85\2022\10_October\P2940130.JPG
2026-04-24 03:07:40  INFO      core.mover  DRY   C:\Users\sippa\Desktop\photo_test - Copy (2)\20221018 fence post\P2940404.JPG  =>  C:\Users\sippa\Desktop\destination_folder_test\Photos\Panasonic GX85\2022\10_October\P2940404.JPG
2026-04-24 03:07:40  INFO      core.mover  DRY   C:\Users\sippa\Desktop\photo_test - Copy (2)\20221018 fence post\P2940409.JPG  =>  C:\Users\sippa\Desktop\destination_folder_test\Photos\Panasonic GX85\2022\10_October\P2940409.JPG
2026-04-24 03:07:40  INFO      core.mover  DRY   C:\Users\sippa\Desktop\photo_test - Copy (2)\20221018 fence post\Untitled.mp4  =>  C:\Users\sippa\Desktop\destination_folder_test\Videos\Unknown_Device\2022\10_October\Untitled.mp4
2026-04-24 03:07:41  INFO      core.mover  DUPE  P2610449.MP4  (original: C:\Users\sippa\Desktop\photo_test - Copy (2)\P2610449.MP4)
2026-04-24 03:07:41  INFO      core.mover  DUPE  P2610457.JPG  (original: C:\Users\sippa\Desktop\photo_test - Copy (2)\P2610457.JPG)
2026-04-24 03:07:41  INFO      core.mover  DRY   C:\Users\sippa\Desktop\photo_test - Copy (2)\261_PANA\P2610467.JPG  =>  C:\Users\sippa\Desktop\destination_folder_test\Photos\Panasonic GX85\2022\05_May\P2610467.JPG
2026-04-24 03:07:41  INFO      core.mover  DUPE  P2610477.JPG  (original: C:\Users\sippa\Desktop\photo_test - Copy (2)\P2610477.JPG)
2026-04-24 03:07:41  INFO      core.mover  DRY   C:\Users\sippa\Desktop\photo_test - Copy (2)\261_PANA\P2610757.JPG  =>  C:\Users\sippa\Desktop\destination_folder_test\Photos\Panasonic GX85\2022\05_May\P2610757.JPG
2026-04-24 03:07:41  INFO      core.mover  DUPE  P2610763.JPG  (original: C:\Users\sippa\Desktop\photo_test - Copy (2)\P2610763.JPG)
2026-04-24 03:07:41  INFO      core.mover  DRY   C:\Users\sippa\Desktop\photo_test - Copy (2)\261_PANA\P2610764.JPG  =>  C:\Users\sippa\Desktop\destination_folder_test\Photos\Panasonic GX85\2022\05_May\P2610764.JPG
2026-04-24 03:07:41  INFO      core.mover  DRY   C:\Users\sippa\Desktop\photo_test - Copy (2)\261_PANA\P2610781.JPG  =>  C:\Users\sippa\Desktop\destination_folder_test\Photos\Panasonic GX85\2022\05_May\P2610781.JPG
2026-04-24 03:07:41  INFO      core.mover  DRY   C:\Users\sippa\Desktop\photo_test - Copy (2)\324_PANA\P3240001.MP4  =>  C:\Users\sippa\Desktop\destination_folder_test\Videos\Panasonic Lumix\2023\04_April\P3240001.MP4
2026-04-24 03:07:41  INFO      core.mover  DRY   C:\Users\sippa\Desktop\photo_test - Copy (2)\324_PANA\P3240015.JPG  =>  C:\Users\sippa\Desktop\destination_folder_test\Photos\Panasonic GX85\2023\04_April\P3240015.JPG
2026-04-24 03:07:41  INFO      core.mover  DUPE  P3240020.JPG  (original: C:\Users\sippa\Desktop\photo_test - Copy (2)\P3240020.JPG)
2026-04-24 03:07:41  INFO      core.mover  DRY   C:\Users\sippa\Desktop\photo_test - Copy (2)\324_PANA\P3240025.JPG  =>  C:\Users\sippa\Desktop\destination_folder_test\Photos\Panasonic GX85\2023\04_April\P3240025.JPG
2026-04-24 03:07:41  INFO      core.mover  DRY   C:\Users\sippa\Desktop\photo_test - Copy (2)\324_PANA\P3240026.JPG  =>  C:\Users\sippa\Desktop\destination_folder_test\Photos\Panasonic GX85\2023\04_April\P3240026.JPG
2026-04-24 03:07:41  INFO      core.mover  DRY   C:\Users\sippa\Desktop\photo_test - Copy (2)\324_PANA\P3240357.JPG  =>  C:\Users\sippa\Desktop\destination_folder_test\Photos\Panasonic GX85\2023\04_April\P3240357.JPG
2026-04-24 03:07:41  INFO      core.mover  DUPE  P3240366.JPG  (original: C:\Users\sippa\Desktop\photo_test - Copy (2)\P3240366.JPG)
2026-04-24 03:07:41  INFO      core.mover  DRY   C:\Users\sippa\Desktop\photo_test - Copy (2)\324_PANA\P3240715.JPG  =>  C:\Users\sippa\Desktop\destination_folder_test\Photos\Panasonic GX85\2023\04_April\P3240715.JPG
2026-04-24 03:07:41  INFO      core.mover  DUPE  P3240716.JPG  (original: C:\Users\sippa\Desktop\photo_test - Copy (2)\P3240716.JPG)
2026-04-24 03:07:41  INFO      core.mover  DRY   C:\Users\sippa\Desktop\photo_test - Copy (2)\324_PANA\P3240854.JPG  =>  C:\Users\sippa\Desktop\destination_folder_test\Photos\Panasonic GX85\2023\04_April\P3240854.JPG
2026-04-24 03:07:41  INFO      core.mover  DRY   C:\Users\sippa\Desktop\photo_test - Copy (2)\324_PANA\P3240856.JPG  =>  C:\Users\sippa\Desktop\destination_folder_test\Photos\Panasonic GX85\2023\04_April\P3240856.JPG
2026-04-24 03:07:41  INFO      core.mover  DRY   C:\Users\sippa\Desktop\photo_test - Copy (2)\407_PANA\P4070462.MP4  =>  C:\Users\sippa\Desktop\destination_folder_test\Videos\Panasonic Lumix\2025\11_November\P4070462.MP4
2026-04-24 03:07:41  INFO      core.mover  DRY   C:\Users\sippa\Desktop\photo_test - Copy (2)\407_PANA\P4070475.JPG  =>  C:\Users\sippa\Desktop\destination_folder_test\Photos\Panasonic GX85\2025\11_November\P4070475.JPG
2026-04-24 03:07:41  INFO      core.mover  DRY   C:\Users\sippa\Desktop\photo_test - Copy (2)\407_PANA\P4070485.JPG  =>  C:\Users\sippa\Desktop\destination_folder_test\Photos\Panasonic GX85\2025\11_November\P4070485.JPG
2026-04-24 03:07:41  INFO      core.mover  DRY   C:\Users\sippa\Desktop\photo_test - Copy (2)\407_PANA\P4070494.JPG  =>  C:\Users\sippa\Desktop\destination_folder_test\Photos\Panasonic GX85\2025\11_November\P4070494.JPG
2026-04-24 03:07:41  INFO      core.mover  DRY   C:\Users\sippa\Desktop\photo_test - Copy (2)\407_PANA\P4070495.JPG  =>  C:\Users\sippa\Desktop\destination_folder_test\Photos\Panasonic GX85\2025\11_November\P4070495.JPG
2026-04-24 03:07:41  INFO      core.mover  DRY   C:\Users\sippa\Desktop\photo_test - Copy (2)\407_PANA\P4070505.JPG  =>  C:\Users\sippa\Desktop\destination_folder_test\Photos\Panasonic GX85\2025\11_November\P4070505.JPG
2026-04-24 03:07:41  INFO      core.mover  DRY   C:\Users\sippa\Desktop\photo_test - Copy (2)\407_PANA\P4070506.JPG  =>  C:\Users\sippa\Desktop\destination_folder_test\Photos\Panasonic GX85\2025\11_November\P4070506.JPG
2026-04-24 03:07:41  INFO      core.mover  DRY   C:\Users\sippa\Desktop\photo_test - Copy (2)\407_PANA\P4070625.JPG  =>  C:\Users\sippa\Desktop\destination_folder_test\Photos\Panasonic GX85\2025\11_November\P4070625.JPG
2026-04-24 03:07:41  INFO      core.mover  DRY   C:\Users\sippa\Desktop\photo_test - Copy (2)\407_PANA\P4070627.JPG  =>  C:\Users\sippa\Desktop\destination_folder_test\Photos\Panasonic GX85\2025\11_November\P4070627.JPG
2026-04-24 03:07:41  INFO      core.mover  DRY   C:\Users\sippa\Desktop\photo_test - Copy (2)\407_PANA\P4070766.JPG  =>  C:\Users\sippa\Desktop\destination_folder_test\Photos\Panasonic GX85\2025\11_November\P4070766.JPG
2026-04-24 03:07:41  INFO      core.mover  DRY   C:\Users\sippa\Desktop\photo_test - Copy (2)\407_PANA\P4070768.JPG  =>  C:\Users\sippa\Desktop\destination_folder_test\Photos\Panasonic GX85\2025\11_November\P4070768.JPG
2026-04-24 03:07:41  INFO      core.mover  DRY   C:\Users\sippa\Desktop\photo_test - Copy (2)\Pyjamas\20250207_225006.jpg  =>  C:\Users\sippa\Desktop\destination_folder_test\Photos\Samsung Galaxy S25 Ultra\2025\02_February\20250207_225006.jpg
2026-04-24 03:07:42  INFO      core.mover  DRY   C:\Users\sippa\Desktop\photo_test - Copy (2)\Pyjamas\20250207_225137.jpg  =>  C:\Users\sippa\Desktop\destination_folder_test\Photos\Samsung Galaxy S25 Ultra\2025\02_February\20250207_225137.jpg
2026-04-24 03:07:42  INFO      core.mover  DRY   C:\Users\sippa\Desktop\photo_test - Copy (2)\Pyjamas\20250208_095907.jpg  =>  C:\Users\sippa\Desktop\destination_folder_test\Photos\Samsung Galaxy S25 Ultra\2025\02_February\20250208_095907.jpg
2026-04-24 03:07:42  INFO      core.mover  DRY   C:\Users\sippa\Desktop\photo_test - Copy (2)\Pyjamas\20250921_182407.jpg  =>  C:\Users\sippa\Desktop\destination_folder_test\Photos\Samsung Galaxy S25 Ultra\2025\09_September\20250921_182407.jpg
2026-04-24 03:07:42  INFO      core.mover  DRY   C:\Users\sippa\Desktop\photo_test - Copy (2)\Pyjamas\20250921_184235.jpg  =>  C:\Users\sippa\Desktop\destination_folder_test\Photos\Samsung Galaxy S25 Ultra\2025\09_September\20250921_184235.jpg
2026-04-24 03:07:42  INFO      core.mover  DRY   C:\Users\sippa\Desktop\photo_test - Copy (2)\Pyjamas\20250921_184242.jpg  =>  C:\Users\sippa\Desktop\destination_folder_test\Photos\Samsung Galaxy S25 Ultra\2025\09_September\20250921_184242.jpg
2026-04-24 03:07:42  INFO      core.mover  DRY   C:\Users\sippa\Desktop\photo_test - Copy (2)\Pyjamas\P2560373.JPG  =>  C:\Users\sippa\Desktop\destination_folder_test\Photos\Panasonic GX85\2022\02_February\P2560373.JPG
2026-04-24 03:07:42  INFO      core.mover  DRY   C:\Users\sippa\Desktop\photo_test - Copy (2)\Pyjamas\P2560374.JPG  =>  C:\Users\sippa\Desktop\destination_folder_test\Photos\Panasonic GX85\2022\02_February\P2560374.JPG
2026-04-24 03:07:42  INFO      core.mover  DUPE  P2560375.JPG  (original: C:\Users\sippa\Desktop\photo_test - Copy (2)\P2560375.JPG)
2026-04-24 03:07:42  INFO      core.mover  DUPE  P2560380.JPG  (original: C:\Users\sippa\Desktop\photo_test - Copy (2)\P2560380.JPG)
2026-04-24 03:07:42  INFO      core.mover  DRY   C:\Users\sippa\Desktop\photo_test - Copy (2)\Pyjamas\P2560382.JPG  =>  C:\Users\sippa\Desktop\destination_folder_test\Photos\Panasonic GX85\2022\02_February\P2560382.JPG
2026-04-24 03:07:42  INFO      core.mover  DRY   C:\Users\sippa\Desktop\photo_test - Copy (2)\Pyjamas\P2560383.JPG  =>  C:\Users\sippa\Desktop\destination_folder_test\Photos\Panasonic GX85\2022\02_February\P2560383.JPG
2026-04-24 03:07:42  INFO      core.mover  DRY   C:\Users\sippa\Desktop\photo_test - Copy (2)\Pyjamas\P2560393.JPG  =>  C:\Users\sippa\Desktop\destination_folder_test\Photos\Panasonic GX85\2022\02_February\P2560393.JPG
2026-04-24 03:07:42  INFO      core.mover  Done. moved=299 dupes=9 resumed=0 errors=0 elapsed=6.0s @ 51.3 files/s
2026-04-24 03:07:55  INFO      core.mover  DRY   C:\Users\sippa\Desktop\photo_test - Copy (2)\00003.MTS  =>  C:\Users\sippa\Desktop\destination_folder_test\Videos\Sony AVCHD\2019\08_August\00003.MTS
2026-04-24 03:07:55  INFO      core.mover  DRY   C:\Users\sippa\Desktop\photo_test - Copy (2)\00073.MTS  =>  C:\Users\sippa\Desktop\destination_folder_test\Videos\Sony AVCHD\2018\09_September\00073.MTS
2026-04-24 03:07:55  INFO      core.mover  DRY   C:\Users\sippa\Desktop\photo_test - Copy (2)\00074.MTS  =>  C:\Users\sippa\Desktop\destination_folder_test\Videos\Sony AVCHD\2018\09_September\00074.MTS
2026-04-24 03:07:55  INFO      core.mover  DRY   C:\Users\sippa\Desktop\photo_test - Copy (2)\00081.MTS  =>  C:\Users\sippa\Desktop\destination_folder_test\Videos\Sony AVCHD\2018\09_September\00081.MTS
2026-04-24 03:07:55  INFO      core.mover  DRY   C:\Users\sippa\Desktop\photo_test - Copy (2)\20151219_155545.jpg  =>  C:\Users\sippa\Desktop\destination_folder_test\Photos\Samsung Galaxy Note 4\2015\12_December\20151219_155545.jpg
2026-04-24 03:07:55  INFO      core.mover  DRY   C:\Users\sippa\Desktop\photo_test - Copy (2)\20160530_195932.jpg  =>  C:\Users\sippa\Desktop\destination_folder_test\Photos\Samsung Galaxy Note 4\2016\05_May\20160530_195932.jpg
2026-04-24 03:07:55  INFO      core.mover  DRY   C:\Users\sippa\Desktop\photo_test - Copy (2)\20180106_131509.jpg  =>  C:\Users\sippa\Desktop\destination_folder_test\Photos\Samsung Galaxy Note 8\2018\01_January\20180106_131509.jpg
2026-04-24 03:07:55  INFO      core.mover  DRY   C:\Users\sippa\Desktop\photo_test - Copy (2)\20180107_163817.jpg  =>  C:\Users\sippa\Desktop\destination_folder_test\Photos\Samsung Galaxy Note 8\2018\01_January\20180107_163817.jpg
2026-04-24 03:07:55  INFO      core.mover  DRY   C:\Users\sippa\Desktop\photo_test - Copy (2)\20180108_094914.jpg  =>  C:\Users\sippa\Desktop\destination_folder_test\Photos\Samsung Galaxy Note 8\2018\01_January\20180108_094914.jpg
2026-04-24 03:07:55  INFO      core.mover  DRY   C:\Users\sippa\Desktop\photo_test - Copy (2)\20180108_094916.jpg  =>  C:\Users\sippa\Desktop\destination_folder_test\Photos\Samsung Galaxy Note 8\2018\01_January\20180108_094916.jpg
2026-04-24 03:07:55  INFO      core.mover  DRY   C:\Users\sippa\Desktop\photo_test - Copy (2)\20180112_185251.jpg  =>  C:\Users\sippa\Desktop\destination_folder_test\Photos\Samsung Galaxy Note 8\2018\01_January\20180112_185251.jpg
2026-04-24 03:07:55  INFO      core.mover  DRY   C:\Users\sippa\Desktop\photo_test - Copy (2)\20180120_125333.jpg  =>  C:\Users\sippa\Desktop\destination_folder_test\Photos\Samsung Galaxy Note 8\2018\01_January\20180120_125333.jpg
2026-04-24 03:07:55  INFO      core.mover  DRY   C:\Users\sippa\Desktop\photo_test - Copy (2)\20180120_125336.jpg  =>  C:\Users\sippa\Desktop\destination_folder_test\Photos\Samsung Galaxy Note 8\2018\01_January\20180120_125336.jpg
2026-04-24 03:07:56  INFO      core.mover  DRY   C:\Users\sippa\Desktop\photo_test - Copy (2)\20200213_094515.mp4  =>  C:\Users\sippa\Desktop\destination_folder_test\Videos\Android Camera\2020\02_February\20200213_094515.mp4
2026-04-24 03:07:56  INFO      core.mover  DRY   C:\Users\sippa\Desktop\photo_test - Copy (2)\20200227_081540.mp4  =>  C:\Users\sippa\Desktop\destination_folder_test\Videos\Android Camera\2020\02_February\20200227_081540.mp4
2026-04-24 03:07:56  INFO      core.mover  DRY   C:\Users\sippa\Desktop\photo_test - Copy (2)\20200624_193426.mp4  =>  C:\Users\sippa\Desktop\destination_folder_test\Videos\Android Camera\2020\06_June\20200624_193426.mp4
2026-04-24 03:07:56  INFO      core.mover  DRY   C:\Users\sippa\Desktop\photo_test - Copy (2)\20230730_170149.jpg  =>  C:\Users\sippa\Desktop\destination_folder_test\Photos\Samsung Galaxy Note 8\2023\07_July\20230730_170149.jpg
2026-04-24 03:07:56  INFO      core.mover  DRY   C:\Users\sippa\Desktop\photo_test - Copy (2)\20230730_174024.jpg  =>  C:\Users\sippa\Desktop\destination_folder_test\Photos\Samsung Galaxy Note 8\2023\07_July\20230730_174024.jpg
2026-04-24 03:07:56  INFO      core.mover  DRY   C:\Users\sippa\Desktop\photo_test - Copy (2)\20230730_174030.jpg  =>  C:\Users\sippa\Desktop\destination_folder_test\Photos\Samsung Galaxy Note 8\2023\07_July\20230730_174030.jpg
2026-04-24 03:07:56  INFO      core.mover  DRY   C:\Users\sippa\Desktop\photo_test - Copy (2)\20230731_172322.mp4  =>  C:\Users\sippa\Desktop\destination_folder_test\Videos\Android Camera\2023\07_July\20230731_172322.mp4
2026-04-24 03:07:56  INFO      core.mover  DRY   C:\Users\sippa\Desktop\photo_test - Copy (2)\20260306_070840.jpg  =>  C:\Users\sippa\Desktop\destination_folder_test\Photos\Samsung Galaxy S25 Ultra\2026\03_March\20260306_070840.jpg
2026-04-24 03:07:56  INFO      core.mover  DRY   C:\Users\sippa\Desktop\photo_test - Copy (2)\20260306_070844.jpg  =>  C:\Users\sippa\Desktop\destination_folder_test\Photos\Samsung Galaxy S25 Ultra\2026\03_March\20260306_070844.jpg
2026-04-24 03:07:56  INFO      core.mover  DRY   C:\Users\sippa\Desktop\photo_test - Copy (2)\20260306_082037.jpg  =>  C:\Users\sippa\Desktop\destination_folder_test\Photos\Samsung Galaxy S25 Ultra\2026\03_March\20260306_082037.jpg
2026-04-24 03:07:56  INFO      core.mover  DRY   C:\Users\sippa\Desktop\photo_test - Copy (2)\20260306_082039.jpg  =>  C:\Users\sippa\Desktop\destination_folder_test\Photos\Samsung Galaxy S25 Ultra\2026\03_March\20260306_082039.jpg
2026-04-24 03:07:56  INFO      core.mover  DRY   C:\Users\sippa\Desktop\photo_test - Copy (2)\20260306_132126.jpg  =>  C:\Users\sippa\Desktop\destination_folder_test\Photos\Samsung Galaxy S25 Ultra\2026\03_March\20260306_132126.jpg
2026-04-24 03:07:56  INFO      core.mover  DRY   C:\Users\sippa\Desktop\photo_test - Copy (2)\20260306_132128.jpg  =>  C:\Users\sippa\Desktop\destination_folder_test\Photos\Samsung Galaxy S25 Ultra\2026\03_March\20260306_132128.jpg
2026-04-24 03:07:56  INFO      core.mover  DRY   C:\Users\sippa\Desktop\photo_test - Copy (2)\A7I07804.JPG  =>  C:\Users\sippa\Desktop\destination_folder_test\Photos\Sony A7 II\2022\12_December\A7I07804.JPG
2026-04-24 03:07:56  INFO      core.mover  DRY   C:\Users\sippa\Desktop\photo_test - Copy (2)\A7I07823.JPG  =>  C:\Users\sippa\Desktop\destination_folder_test\Photos\Sony A7 II\2022\12_December\A7I07823.JPG
2026-04-24 03:07:56  INFO      core.mover  DRY   C:\Users\sippa\Desktop\photo_test - Copy (2)\A7I07826.JPG  =>  C:\Users\sippa\Desktop\destination_folder_test\Photos\Sony A7 II\2022\12_December\A7I07826.JPG
2026-04-24 03:07:56  INFO      core.mover  DRY   C:\Users\sippa\Desktop\photo_test - Copy (2)\A7I07833.JPG  =>  C:\Users\sippa\Desktop\destination_folder_test\Photos\Sony A7 II\2022\12_December\A7I07833.JPG
2026-04-24 03:07:56  INFO      core.mover  DRY   C:\Users\sippa\Desktop\photo_test - Copy (2)\A7I07835.JPG  =>  C:\Users\sippa\Desktop\destination_folder_test\Photos\Sony A7 II\2022\12_December\A7I07835.JPG
2026-04-24 03:07:56  INFO      core.mover  DRY   C:\Users\sippa\Desktop\photo_test - Copy (2)\A7I07989.JPG  =>  C:\Users\sippa\Desktop\destination_folder_test\Photos\Sony A7 II\2022\12_December\A7I07989.JPG
2026-04-24 03:07:56  INFO      core.mover  DRY   C:\Users\sippa\Desktop\photo_test - Copy (2)\C0322.MP4  =>  C:\Users\sippa\Desktop\destination_folder_test\Videos\Panasonic Lumix\2020\09_September\C0322.MP4
2026-04-24 03:07:56  INFO      core.mover  DRY   C:\Users\sippa\Desktop\photo_test - Copy (2)\C0526.MP4  =>  C:\Users\sippa\Desktop\destination_folder_test\Videos\Panasonic Lumix\2020\12_December\C0526.MP4
2026-04-24 03:07:56  INFO      core.mover  DRY   C:\Users\sippa\Desktop\photo_test - Copy (2)\C1640.MP4  =>  C:\Users\sippa\Desktop\destination_folder_test\Videos\Panasonic Lumix\2022\10_October\C1640.MP4
2026-04-24 03:07:56  INFO      core.mover  DRY   C:\Users\sippa\Desktop\photo_test - Copy (2)\DJI_0890.JPG  =>  C:\Users\sippa\Desktop\destination_folder_test\Photos\DJI Spark\2020\12_December\DJI_0890.JPG
2026-04-24 03:07:56  INFO      core.mover  DRY   C:\Users\sippa\Desktop\photo_test - Copy (2)\DJI_0891.JPG  =>  C:\Users\sippa\Desktop\destination_folder_test\Photos\DJI Spark\2020\12_December\DJI_0891.JPG
2026-04-24 03:07:56  INFO      core.mover  DRY   C:\Users\sippa\Desktop\photo_test - Copy (2)\DJI_0892.JPG  =>  C:\Users\sippa\Desktop\destination_folder_test\Photos\DJI Spark\2020\12_December\DJI_0892.JPG
2026-04-24 03:07:56  INFO      core.mover  DRY   C:\Users\sippa\Desktop\photo_test - Copy (2)\DJI_0914.MP4  =>  C:\Users\sippa\Desktop\destination_folder_test\Videos\DJI Drone\2021\01_January\DJI_0914.MP4
2026-04-24 03:07:56  INFO      core.mover  DRY   C:\Users\sippa\Desktop\photo_test - Copy (2)\DJI_0959.JPG  =>  C:\Users\sippa\Desktop\destination_folder_test\Photos\DJI Spark\2023\01_January\DJI_0959.JPG
2026-04-24 03:07:56  INFO      core.mover  DRY   C:\Users\sippa\Desktop\photo_test - Copy (2)\DJI_1292.MP4  =>  C:\Users\sippa\Desktop\destination_folder_test\Videos\DJI Drone\2026\04_April\DJI_1292.MP4
2026-04-24 03:07:56  INFO      core.mover  DRY   C:\Users\sippa\Desktop\photo_test - Copy (2)\DJI_1295.JPG  =>  C:\Users\sippa\Desktop\destination_folder_test\Photos\DJI Spark\2026\04_April\DJI_1295.JPG
2026-04-24 03:07:56  INFO      core.mover  DRY   C:\Users\sippa\Desktop\photo_test - Copy (2)\DJI_1296.JPG  =>  C:\Users\sippa\Desktop\destination_folder_test\Photos\DJI Spark\2026\04_April\DJI_1296.JPG
2026-04-24 03:07:56  INFO      core.mover  DRY   C:\Users\sippa\Desktop\photo_test - Copy (2)\DSC02383.JPG  =>  C:\Users\sippa\Desktop\destination_folder_test\Photos\Sony FDR-AX33\2023\04_April\DSC02383.JPG
2026-04-24 03:07:56  INFO      core.mover  DRY   C:\Users\sippa\Desktop\photo_test - Copy (2)\DSC02403.JPG  =>  C:\Users\sippa\Desktop\destination_folder_test\Photos\Sony FDR-AX33\2023\04_April\DSC02403.JPG
2026-04-24 03:07:56  INFO      core.mover  DRY   C:\Users\sippa\Desktop\photo_test - Copy (2)\DSC02427.JPG  =>  C:\Users\sippa\Desktop\destination_folder_test\Photos\Sony FDR-AX33\2023\04_April\DSC02427.JPG
2026-04-24 03:07:56  INFO      core.mover  DRY   C:\Users\sippa\Desktop\photo_test - Copy (2)\DSC02447.JPG  =>  C:\Users\sippa\Desktop\destination_folder_test\Photos\Sony FDR-AX33\2023\04_April\DSC02447.JPG
2026-04-24 03:07:56  INFO      core.mover  DRY   C:\Users\sippa\Desktop\photo_test - Copy (2)\DSC02460.JPG  =>  C:\Users\sippa\Desktop\destination_folder_test\Photos\Sony FDR-AX33\2023\04_April\DSC02460.JPG
2026-04-24 03:07:56  INFO      core.mover  DRY   C:\Users\sippa\Desktop\photo_test - Copy (2)\DSC02462.JPG  =>  C:\Users\sippa\Desktop\destination_folder_test\Photos\Sony FDR-AX33\2023\04_April\DSC02462.JPG
2026-04-24 03:07:56  INFO      core.mover  DRY   C:\Users\sippa\Desktop\photo_test - Copy (2)\FB_IMG_1610886602794.jpg  =>  C:\Users\sippa\Desktop\destination_folder_test\Photos\Facebook\2021\01_January\FB_IMG_1610886602794.jpg
2026-04-24 03:07:56  INFO      core.mover  DRY   C:\Users\sippa\Desktop\photo_test - Copy (2)\FB_IMG_1610978846038.jpg  =>  C:\Users\sippa\Desktop\destination_folder_test\Photos\Facebook\2021\01_January\FB_IMG_1610978846038.jpg
2026-04-24 03:07:56  INFO      core.mover  DRY   C:\Users\sippa\Desktop\photo_test - Copy (2)\FB_IMG_1611486097513.jpg  =>  C:\Users\sippa\Desktop\destination_folder_test\Photos\Facebook\2021\01_January\FB_IMG_1611486097513.jpg
2026-04-24 03:07:56  INFO      core.mover  DRY   C:\Users\sippa\Desktop\photo_test - Copy (2)\FB_IMG_1611898136859.jpg  =>  C:\Users\sippa\Desktop\destination_folder_test\Photos\Facebook\2021\01_January\FB_IMG_1611898136859.jpg
2026-04-24 03:07:56  INFO      core.mover  DRY   C:\Users\sippa\Desktop\photo_test - Copy (2)\FB_IMG_1612071086257.jpg  =>  C:\Users\sippa\Desktop\destination_folder_test\Photos\Facebook\2021\01_January\FB_IMG_1612071086257.jpg
2026-04-24 03:07:56  INFO      core.mover  DRY   C:\Users\sippa\Desktop\photo_test - Copy (2)\FB_IMG_1613374817091.jpg  =>  C:\Users\sippa\Desktop\destination_folder_test\Photos\Facebook\2021\02_February\FB_IMG_1613374817091.jpg
2026-04-24 03:07:56  INFO      core.mover  DRY   C:\Users\sippa\Desktop\photo_test - Copy (2)\FB_IMG_1613999273542.jpg  =>  C:\Users\sippa\Desktop\destination_folder_test\Photos\Facebook\2021\02_February\FB_IMG_1613999273542.jpg
2026-04-24 03:07:56  INFO      core.mover  DRY   C:\Users\sippa\Desktop\photo_test - Copy (2)\FB_IMG_1614128489222.jpg  =>  C:\Users\sippa\Desktop\destination_folder_test\Photos\Facebook\2021\02_February\FB_IMG_1614128489222.jpg
2026-04-24 03:07:56  INFO      core.mover  DRY   C:\Users\sippa\Desktop\photo_test - Copy (2)\FB_IMG_1614495158485.jpg  =>  C:\Users\sippa\Desktop\destination_folder_test\Photos\Facebook\2021\02_February\FB_IMG_1614495158485.jpg
2026-04-24 03:07:56  INFO      core.mover  DRY   C:\Users\sippa\Desktop\photo_test - Copy (2)\FB_IMG_1614771485590.jpg  =>  C:\Users\sippa\Desktop\destination_folder_test\Photos\Facebook\2021\03_March\FB_IMG_1614771485590.jpg
2026-04-24 03:07:56  INFO      core.mover  DRY   C:\Users\sippa\Desktop\photo_test - Copy (2)\FB_IMG_1614776237701.jpg  =>  C:\Users\sippa\Desktop\destination_folder_test\Photos\Facebook\2021\03_March\FB_IMG_1614776237701.jpg
2026-04-24 03:07:56  INFO      core.mover  DRY   C:\Users\sippa\Desktop\photo_test - Copy (2)\FB_IMG_1614865539175.jpg  =>  C:\Users\sippa\Desktop\destination_folder_test\Photos\Facebook\2021\03_March\FB_IMG_1614865539175.jpg
2026-04-24 03:07:56  INFO      core.mover  DRY   C:\Users\sippa\Desktop\photo_test - Copy (2)\FB_IMG_1614915905520.jpg  =>  C:\Users\sippa\Desktop\destination_folder_test\Photos\Facebook\2021\03_March\FB_IMG_1614915905520.jpg
2026-04-24 03:07:56  INFO      core.mover  DRY   C:\Users\sippa\Desktop\photo_test - Copy (2)\FB_IMG_1615025595566.jpg  =>  C:\Users\sippa\Desktop\destination_folder_test\Photos\Facebook\2021\03_March\FB_IMG_1615025595566.jpg
2026-04-24 03:07:56  INFO      core.mover  DRY   C:\Users\sippa\Desktop\photo_test - Copy (2)\FB_IMG_1615514453996.jpg  =>  C:\Users\sippa\Desktop\destination_folder_test\Photos\Facebook\2021\03_March\FB_IMG_1615514453996.jpg
2026-04-24 03:07:56  INFO      core.mover  DRY   C:\Users\sippa\Desktop\photo_test - Copy (2)\FB_IMG_1615530520541.jpg  =>  C:\Users\sippa\Desktop\destination_folder_test\Photos\Facebook\2021\03_March\FB_IMG_1615530520541.jpg
2026-04-24 03:07:56  INFO      core.mover  DRY   C:\Users\sippa\Desktop\photo_test - Copy (2)\FB_IMG_1615530528077.jpg  =>  C:\Users\sippa\Desktop\destination_folder_test\Photos\Facebook\2021\03_March\FB_IMG_1615530528077.jpg
2026-04-24 03:07:56  INFO      core.mover  DRY   C:\Users\sippa\Desktop\photo_test - Copy (2)\FB_IMG_1615768292470.jpg  =>  C:\Users\sippa\Desktop\destination_folder_test\Photos\Facebook\2021\03_March\FB_IMG_1615768292470.jpg
2026-04-24 03:07:56  INFO      core.mover  DRY   C:\Users\sippa\Desktop\photo_test - Copy (2)\FB_IMG_1615768294845.jpg  =>  C:\Users\sippa\Desktop\destination_folder_test\Photos\Facebook\2021\03_March\FB_IMG_1615768294845.jpg
2026-04-24 03:07:56  INFO      core.mover  DRY   C:\Users\sippa\Desktop\photo_test - Copy (2)\FB_IMG_1615768296975.jpg  =>  C:\Users\sippa\Desktop\destination_folder_test\Photos\Facebook\2021\03_March\FB_IMG_1615768296975.jpg
2026-04-24 03:07:56  INFO      core.mover  DRY   C:\Users\sippa\Desktop\photo_test - Copy (2)\FB_IMG_1615768299212.jpg  =>  C:\Users\sippa\Desktop\destination_folder_test\Photos\Facebook\2021\03_March\FB_IMG_1615768299212.jpg
2026-04-24 03:07:56  INFO      core.mover  DRY   C:\Users\sippa\Desktop\photo_test - Copy (2)\FB_IMG_1615768301847.jpg  =>  C:\Users\sippa\Desktop\destination_folder_test\Photos\Facebook\2021\03_March\FB_IMG_1615768301847.jpg
2026-04-24 03:07:56  INFO      core.mover  DRY   C:\Users\sippa\Desktop\photo_test - Copy (2)\FB_IMG_1615768305498.jpg  =>  C:\Users\sippa\Desktop\destination_folder_test\Photos\Facebook\2021\03_March\FB_IMG_1615768305498.jpg
2026-04-24 03:07:56  INFO      core.mover  DRY   C:\Users\sippa\Desktop\photo_test - Copy (2)\FB_IMG_1616400261556.jpg  =>  C:\Users\sippa\Desktop\destination_folder_test\Photos\Facebook\2021\03_March\FB_IMG_1616400261556.jpg
2026-04-24 03:07:56  INFO      core.mover  DRY   C:\Users\sippa\Desktop\photo_test - Copy (2)\FB_IMG_1616588202981.jpg  =>  C:\Users\sippa\Desktop\destination_folder_test\Photos\Facebook\2021\03_March\FB_IMG_1616588202981.jpg
2026-04-24 03:07:56  INFO      core.mover  DRY   C:\Users\sippa\Desktop\photo_test - Copy (2)\FB_IMG_1616918172165.jpg  =>  C:\Users\sippa\Desktop\destination_folder_test\Photos\Facebook\2021\03_March\FB_IMG_1616918172165.jpg
2026-04-24 03:07:56  INFO      core.mover  DRY   C:\Users\sippa\Desktop\photo_test - Copy (2)\FB_IMG_1616918175756.jpg  =>  C:\Users\sippa\Desktop\destination_folder_test\Photos\Facebook\2021\03_March\FB_IMG_1616918175756.jpg
2026-04-24 03:07:56  INFO      core.mover  DRY   C:\Users\sippa\Desktop\photo_test - Copy (2)\FB_IMG_1618041578519.jpg  =>  C:\Users\sippa\Desktop\destination_folder_test\Photos\Facebook\2021\04_April\FB_IMG_1618041578519.jpg
2026-04-24 03:07:56  INFO      core.mover  DRY   C:\Users\sippa\Desktop\photo_test - Copy (2)\FB_IMG_1618456115721.jpg  =>  C:\Users\sippa\Desktop\destination_folder_test\Photos\Facebook\2021\04_April\FB_IMG_1618456115721.jpg
2026-04-24 03:07:56  INFO      core.mover  DRY   C:\Users\sippa\Desktop\photo_test - Copy (2)\FB_IMG_1618625350020.jpg  =>  C:\Users\sippa\Desktop\destination_folder_test\Photos\Facebook\2021\04_April\FB_IMG_1618625350020.jpg
2026-04-24 03:07:56  INFO      core.mover  DRY   C:\Users\sippa\Desktop\photo_test - Copy (2)\FB_IMG_1618625355355.jpg  =>  C:\Users\sippa\Desktop\destination_folder_test\Photos\Facebook\2021\04_April\FB_IMG_1618625355355.jpg
2026-04-24 03:07:56  INFO      core.mover  DRY   C:\Users\sippa\Desktop\photo_test - Copy (2)\FB_IMG_1618842604396.jpg  =>  C:\Users\sippa\Desktop\destination_folder_test\Photos\Facebook\2021\04_April\FB_IMG_1618842604396.jpg
2026-04-24 03:07:56  INFO      core.mover  DRY   C:\Users\sippa\Desktop\photo_test - Copy (2)\FB_IMG_1618899721741.jpg  =>  C:\Users\sippa\Desktop\destination_folder_test\Photos\Facebook\2021\04_April\FB_IMG_1618899721741.jpg
2026-04-24 03:07:56  INFO      core.mover  DRY   C:\Users\sippa\Desktop\photo_test - Copy (2)\FB_IMG_1619160306874.jpg  =>  C:\Users\sippa\Desktop\destination_folder_test\Photos\Facebook\2021\04_April\FB_IMG_1619160306874.jpg
2026-04-24 03:07:56  INFO      core.mover  DRY   C:\Users\sippa\Desktop\photo_test - Copy (2)\FB_IMG_1619160312469.jpg  =>  C:\Users\sippa\Desktop\destination_folder_test\Photos\Facebook\2021\04_April\FB_IMG_1619160312469.jpg
2026-04-24 03:07:56  INFO      core.mover  DRY   C:\Users\sippa\Desktop\photo_test - Copy (2)\FB_IMG_1619244251396.jpg  =>  C:\Users\sippa\Desktop\destination_folder_test\Photos\Facebook\2021\04_April\FB_IMG_1619244251396.jpg
2026-04-24 03:07:56  INFO      core.mover  DRY   C:\Users\sippa\Desktop\photo_test - Copy (2)\FB_IMG_1619361153010.jpg  =>  C:\Users\sippa\Desktop\destination_folder_test\Photos\Facebook\2021\04_April\FB_IMG_1619361153010.jpg
2026-04-24 03:07:56  INFO      core.mover  DRY   C:\Users\sippa\Desktop\photo_test - Copy (2)\FB_IMG_1619776600282.jpg  =>  C:\Users\sippa\Desktop\destination_folder_test\Photos\Facebook\2021\04_April\FB_IMG_1619776600282.jpg
2026-04-24 03:07:56  INFO      core.mover  DRY   C:\Users\sippa\Desktop\photo_test - Copy (2)\FB_IMG_1619930641041.jpg  =>  C:\Users\sippa\Desktop\destination_folder_test\Photos\Facebook\2021\05_May\FB_IMG_1619930641041.jpg
2026-04-24 03:07:56  INFO      core.mover  DRY   C:\Users\sippa\Desktop\photo_test - Copy (2)\FB_IMG_1619930660810.jpg  =>  C:\Users\sippa\Desktop\destination_folder_test\Photos\Facebook\2021\05_May\FB_IMG_1619930660810.jpg
2026-04-24 03:07:56  INFO      core.mover  DRY   C:\Users\sippa\Desktop\photo_test - Copy (2)\FB_IMG_1619930685988.jpg  =>  C:\Users\sippa\Desktop\destination_folder_test\Photos\Facebook\2021\05_May\FB_IMG_1619930685988.jpg
2026-04-24 03:07:56  INFO      core.mover  DRY   C:\Users\sippa\Desktop\photo_test - Copy (2)\FB_IMG_1619970194614.jpg  =>  C:\Users\sippa\Desktop\destination_folder_test\Photos\Facebook\2021\05_May\FB_IMG_1619970194614.jpg
2026-04-24 03:07:56  INFO      core.mover  DRY   C:\Users\sippa\Desktop\photo_test - Copy (2)\FB_IMG_1620050153735.jpg  =>  C:\Users\sippa\Desktop\destination_folder_test\Photos\Facebook\2021\05_May\FB_IMG_1620050153735.jpg
2026-04-24 03:07:56  INFO      core.mover  DRY   C:\Users\sippa\Desktop\photo_test - Copy (2)\FB_IMG_1620274269356.jpg  =>  C:\Users\sippa\Desktop\destination_folder_test\Photos\Facebook\2021\05_May\FB_IMG_1620274269356.jpg
2026-04-24 03:07:56  INFO      core.mover  DRY   C:\Users\sippa\Desktop\photo_test - Copy (2)\FB_IMG_1620282147781.jpg  =>  C:\Users\sippa\Desktop\destination_folder_test\Photos\Facebook\2021\05_May\FB_IMG_1620282147781.jpg
2026-04-24 03:07:56  INFO      core.mover  DRY   C:\Users\sippa\Desktop\photo_test - Copy (2)\FB_IMG_1620715456938.jpg  =>  C:\Users\sippa\Desktop\destination_folder_test\Photos\Facebook\2021\05_May\FB_IMG_1620715456938.jpg
2026-04-24 03:07:56  INFO      core.mover  DRY   C:\Users\sippa\Desktop\photo_test - Copy (2)\FB_IMG_1620787788997.jpg  =>  C:\Users\sippa\Desktop\destination_folder_test\Photos\Facebook\2021\05_May\FB_IMG_1620787788997.jpg
2026-04-24 03:07:56  INFO      core.mover  DRY   C:\Users\sippa\Desktop\photo_test - Copy (2)\FB_IMG_1620787803147.jpg  =>  C:\Users\sippa\Desktop\destination_folder_test\Photos\Facebook\2021\05_May\FB_IMG_1620787803147.jpg
2026-04-24 03:07:56  INFO      core.mover  DRY   C:\Users\sippa\Desktop\photo_test - Copy (2)\FB_IMG_1621136854904.jpg  =>  C:\Users\sippa\Desktop\destination_folder_test\Photos\Facebook\2021\05_May\FB_IMG_1621136854904.jpg
2026-04-24 03:07:56  INFO      core.mover  DRY   C:\Users\sippa\Desktop\photo_test - Copy (2)\FB_IMG_1621372923787.jpg  =>  C:\Users\sippa\Desktop\destination_folder_test\Photos\Facebook\2021\05_May\FB_IMG_1621372923787.jpg
2026-04-24 03:07:56  INFO      core.mover  DRY   C:\Users\sippa\Desktop\photo_test - Copy (2)\FB_IMG_1621561840556.jpg  =>  C:\Users\sippa\Desktop\destination_folder_test\Photos\Facebook\2021\05_May\FB_IMG_1621561840556.jpg
2026-04-24 03:07:56  INFO      core.mover  DRY   C:\Users\sippa\Desktop\photo_test - Copy (2)\FB_IMG_1621572203015.jpg  =>  C:\Users\sippa\Desktop\destination_folder_test\Photos\Facebook\2021\05_May\FB_IMG_1621572203015.jpg
2026-04-24 03:07:56  INFO      core.mover  DRY   C:\Users\sippa\Desktop\photo_test - Copy (2)\FB_IMG_1621655594649.jpg  =>  C:\Users\sippa\Desktop\destination_folder_test\Photos\Facebook\2021\05_May\FB_IMG_1621655594649.jpg
2026-04-24 03:07:56  INFO      core.mover  DRY   C:\Users\sippa\Desktop\photo_test - Copy (2)\FB_IMG_1621831348180.jpg  =>  C:\Users\sippa\Desktop\destination_folder_test\Photos\Facebook\2021\05_May\FB_IMG_1621831348180.jpg
2026-04-24 03:07:56  INFO      core.mover  DRY   C:\Users\sippa\Desktop\photo_test - Copy (2)\FB_IMG_1621848499759.jpg  =>  C:\Users\sippa\Desktop\destination_folder_test\Photos\Facebook\2021\05_May\FB_IMG_1621848499759.jpg
2026-04-24 03:07:56  INFO      core.mover  DRY   C:\Users\sippa\Desktop\photo_test - Copy (2)\FB_IMG_1622323782060.jpg  =>  C:\Users\sippa\Desktop\destination_folder_test\Photos\Facebook\2021\05_May\FB_IMG_1622323782060.jpg
2026-04-24 03:07:56  INFO      core.mover  DRY   C:\Users\sippa\Desktop\photo_test - Copy (2)\FB_IMG_1622325473985.jpg  =>  C:\Users\sippa\Desktop\destination_folder_test\Photos\Facebook\2021\05_May\FB_IMG_1622325473985.jpg
2026-04-24 03:07:56  INFO      core.mover  DRY   C:\Users\sippa\Desktop\photo_test - Copy (2)\FB_IMG_1622325644882.jpg  =>  C:\Users\sippa\Desktop\destination_folder_test\Photos\Facebook\2021\05_May\FB_IMG_1622325644882.jpg
2026-04-24 03:07:56  INFO      core.mover  DRY   C:\Users\sippa\Desktop\photo_test - Copy (2)\FB_IMG_1622325738403.jpg  =>  C:\Users\sippa\Desktop\destination_folder_test\Photos\Facebook\2021\05_May\FB_IMG_1622325738403.jpg
2026-04-24 03:07:56  INFO      core.mover  DRY   C:\Users\sippa\Desktop\photo_test - Copy (2)\FB_IMG_1622325841435.jpg  =>  C:\Users\sippa\Desktop\destination_folder_test\Photos\Facebook\2021\05_May\FB_IMG_1622325841435.jpg
2026-04-24 03:07:56  INFO      core.mover  DRY   C:\Users\sippa\Desktop\photo_test - Copy (2)\FB_IMG_1622373136478.jpg  =>  C:\Users\sippa\Desktop\destination_folder_test\Photos\Facebook\2021\05_May\FB_IMG_1622373136478.jpg
2026-04-24 03:07:56  INFO      core.mover  DRY   C:\Users\sippa\Desktop\photo_test - Copy (2)\FB_IMG_1622453947143.jpg  =>  C:\Users\sippa\Desktop\destination_folder_test\Photos\Facebook\2021\05_May\FB_IMG_1622453947143.jpg
2026-04-24 03:07:56  INFO      core.mover  DRY   C:\Users\sippa\Desktop\photo_test - Copy (2)\FB_IMG_1622467885452.jpg  =>  C:\Users\sippa\Desktop\destination_folder_test\Photos\Facebook\2021\05_May\FB_IMG_1622467885452.jpg
2026-04-24 03:07:56  INFO      core.mover  DRY   C:\Users\sippa\Desktop\photo_test - Copy (2)\FB_IMG_1622475212335.jpg  =>  C:\Users\sippa\Desktop\destination_folder_test\Photos\Facebook\2021\05_May\FB_IMG_1622475212335.jpg
2026-04-24 03:07:56  INFO      core.mover  DRY   C:\Users\sippa\Desktop\photo_test - Copy (2)\FB_IMG_1622479508198.jpg  =>  C:\Users\sippa\Desktop\destination_folder_test\Photos\Facebook\2021\05_May\FB_IMG_1622479508198.jpg
2026-04-24 03:07:56  INFO      core.mover  DRY   C:\Users\sippa\Desktop\photo_test - Copy (2)\FB_IMG_1622700007326.jpg  =>  C:\Users\sippa\Desktop\destination_folder_test\Photos\Facebook\2021\06_June\FB_IMG_1622700007326.jpg
2026-04-24 03:07:56  INFO      core.mover  DRY   C:\Users\sippa\Desktop\photo_test - Copy (2)\FB_IMG_1622796590372.jpg  =>  C:\Users\sippa\Desktop\destination_folder_test\Photos\Facebook\2021\06_June\FB_IMG_1622796590372.jpg
2026-04-24 03:07:56  INFO      core.mover  DRY   C:\Users\sippa\Desktop\photo_test - Copy (2)\FB_IMG_1622969411071.jpg  =>  C:\Users\sippa\Desktop\destination_folder_test\Photos\Facebook\2021\06_June\FB_IMG_1622969411071.jpg
2026-04-24 03:07:56  INFO      core.mover  DRY   C:\Users\sippa\Desktop\photo_test - Copy (2)\FB_IMG_1623162319868.jpg  =>  C:\Users\sippa\Desktop\destination_folder_test\Photos\Facebook\2021\06_June\FB_IMG_1623162319868.jpg
2026-04-24 03:07:56  INFO      core.mover  DRY   C:\Users\sippa\Desktop\photo_test - Copy (2)\FB_IMG_1623163565451.jpg  =>  C:\Users\sippa\Desktop\destination_folder_test\Photos\Facebook\2021\06_June\FB_IMG_1623163565451.jpg
2026-04-24 03:07:56  INFO      core.mover  DRY   C:\Users\sippa\Desktop\photo_test - Copy (2)\FB_IMG_1623495191744.jpg  =>  C:\Users\sippa\Desktop\destination_folder_test\Photos\Facebook\2021\06_June\FB_IMG_1623495191744.jpg
2026-04-24 03:07:56  INFO      core.mover  DRY   C:\Users\sippa\Desktop\photo_test - Copy (2)\FB_IMG_1623559632776.jpg  =>  C:\Users\sippa\Desktop\destination_folder_test\Photos\Facebook\2021\06_June\FB_IMG_1623559632776.jpg
2026-04-24 03:07:56  INFO      core.mover  DRY   C:\Users\sippa\Desktop\photo_test - Copy (2)\FB_IMG_1623635637586.jpg  =>  C:\Users\sippa\Desktop\destination_folder_test\Photos\Facebook\2021\06_June\FB_IMG_1623635637586.jpg
2026-04-24 03:07:56  INFO      core.mover  DRY   C:\Users\sippa\Desktop\photo_test - Copy (2)\FB_IMG_1623839764971.jpg  =>  C:\Users\sippa\Desktop\destination_folder_test\Photos\Facebook\2021\06_June\FB_IMG_1623839764971.jpg
2026-04-24 03:07:56  INFO      core.mover  DRY   C:\Users\sippa\Desktop\photo_test - Copy (2)\FB_IMG_1623839819157.jpg  =>  C:\Users\sippa\Desktop\destination_folder_test\Photos\Facebook\2021\06_June\FB_IMG_1623839819157.jpg
2026-04-24 03:07:56  INFO      core.mover  DRY   C:\Users\sippa\Desktop\photo_test - Copy (2)\FB_IMG_1623839838499.jpg  =>  C:\Users\sippa\Desktop\destination_folder_test\Photos\Facebook\2021\06_June\FB_IMG_1623839838499.jpg
2026-04-24 03:07:56  INFO      core.mover  DRY   C:\Users\sippa\Desktop\photo_test - Copy (2)\FB_IMG_1623839841647.jpg  =>  C:\Users\sippa\Desktop\destination_folder_test\Photos\Facebook\2021\06_June\FB_IMG_1623839841647.jpg
2026-04-24 03:07:56  INFO      core.mover  DRY   C:\Users\sippa\Desktop\photo_test - Copy (2)\FB_IMG_1623839844029.jpg  =>  C:\Users\sippa\Desktop\destination_folder_test\Photos\Facebook\2021\06_June\FB_IMG_1623839844029.jpg
2026-04-24 03:07:56  INFO      core.mover  DRY   C:\Users\sippa\Desktop\photo_test - Copy (2)\FB_IMG_1623849478314.jpg  =>  C:\Users\sippa\Desktop\destination_folder_test\Photos\Facebook\2021\06_June\FB_IMG_1623849478314.jpg
2026-04-24 03:07:56  INFO      core.mover  DRY   C:\Users\sippa\Desktop\photo_test - Copy (2)\FB_IMG_1624160483647.jpg  =>  C:\Users\sippa\Desktop\destination_folder_test\Photos\Facebook\2021\06_June\FB_IMG_1624160483647.jpg
2026-04-24 03:07:56  INFO      core.mover  DRY   C:\Users\sippa\Desktop\photo_test - Copy (2)\FB_IMG_1624160492923.jpg  =>  C:\Users\sippa\Desktop\destination_folder_test\Photos\Facebook\2021\06_June\FB_IMG_1624160492923.jpg
2026-04-24 03:07:56  INFO      core.mover  DRY   C:\Users\sippa\Desktop\photo_test - Copy (2)\FB_IMG_1624160527258.jpg  =>  C:\Users\sippa\Desktop\destination_folder_test\Photos\Facebook\2021\06_June\FB_IMG_1624160527258.jpg
2026-04-24 03:07:56  INFO      core.mover  DRY   C:\Users\sippa\Desktop\photo_test - Copy (2)\FB_IMG_1624160549465.jpg  =>  C:\Users\sippa\Desktop\destination_folder_test\Photos\Facebook\2021\06_June\FB_IMG_1624160549465.jpg
2026-04-24 03:07:56  INFO      core.mover  DRY   C:\Users\sippa\Desktop\photo_test - Copy (2)\FB_IMG_1624160569880.jpg  =>  C:\Users\sippa\Desktop\destination_folder_test\Photos\Facebook\2021\06_June\FB_IMG_1624160569880.jpg
2026-04-24 03:07:56  INFO      core.mover  DRY   C:\Users\sippa\Desktop\photo_test - Copy (2)\FB_IMG_1624160602014.jpg  =>  C:\Users\sippa\Desktop\destination_folder_test\Photos\Facebook\2021\06_June\FB_IMG_1624160602014.jpg
2026-04-24 03:07:56  INFO      core.mover  DRY   C:\Users\sippa\Desktop\photo_test - Copy (2)\FB_IMG_1624160630260.jpg  =>  C:\Users\sippa\Desktop\destination_folder_test\Photos\Facebook\2021\06_June\FB_IMG_1624160630260.jpg
2026-04-24 03:07:56  INFO      core.mover  DRY   C:\Users\sippa\Desktop\photo_test - Copy (2)\FB_IMG_1624535578732.jpg  =>  C:\Users\sippa\Desktop\destination_folder_test\Photos\Facebook\2021\06_June\FB_IMG_1624535578732.jpg
2026-04-24 03:07:56  INFO      core.mover  DRY   C:\Users\sippa\Desktop\photo_test - Copy (2)\FB_IMG_1624786704258.jpg  =>  C:\Users\sippa\Desktop\destination_folder_test\Photos\Facebook\2021\06_June\FB_IMG_1624786704258.jpg
2026-04-24 03:07:56  INFO      core.mover  DRY   C:\Users\sippa\Desktop\photo_test - Copy (2)\FB_IMG_1624790461520.jpg  =>  C:\Users\sippa\Desktop\destination_folder_test\Photos\Facebook\2021\06_June\FB_IMG_1624790461520.jpg
2026-04-24 03:07:56  INFO      core.mover  DRY   C:\Users\sippa\Desktop\photo_test - Copy (2)\FB_IMG_1625033732451.jpg  =>  C:\Users\sippa\Desktop\destination_folder_test\Photos\Facebook\2021\06_June\FB_IMG_1625033732451.jpg
2026-04-24 03:07:56  INFO      core.mover  DRY   C:\Users\sippa\Desktop\photo_test - Copy (2)\FB_IMG_1625321076759.jpg  =>  C:\Users\sippa\Desktop\destination_folder_test\Photos\Facebook\2021\07_July\FB_IMG_1625321076759.jpg
2026-04-24 03:07:56  INFO      core.mover  DRY   C:\Users\sippa\Desktop\photo_test - Copy (2)\FB_IMG_1625536762607.jpg  =>  C:\Users\sippa\Desktop\destination_folder_test\Photos\Facebook\2021\07_July\FB_IMG_1625536762607.jpg
2026-04-24 03:07:56  INFO      core.mover  DRY   C:\Users\sippa\Desktop\photo_test - Copy (2)\FB_IMG_1625544499558.jpg  =>  C:\Users\sippa\Desktop\destination_folder_test\Photos\Facebook\2021\07_July\FB_IMG_1625544499558.jpg
2026-04-24 03:07:56  INFO      core.mover  DRY   C:\Users\sippa\Desktop\photo_test - Copy (2)\FB_IMG_1625544562014.jpg  =>  C:\Users\sippa\Desktop\destination_folder_test\Photos\Facebook\2021\07_July\FB_IMG_1625544562014.jpg
2026-04-24 03:07:56  INFO      core.mover  DRY   C:\Users\sippa\Desktop\photo_test - Copy (2)\FB_IMG_1625544571220.jpg  =>  C:\Users\sippa\Desktop\destination_folder_test\Photos\Facebook\2021\07_July\FB_IMG_1625544571220.jpg
2026-04-24 03:07:56  INFO      core.mover  DRY   C:\Users\sippa\Desktop\photo_test - Copy (2)\FB_IMG_1625935802503.jpg  =>  C:\Users\sippa\Desktop\destination_folder_test\Photos\Facebook\2021\07_July\FB_IMG_1625935802503.jpg
2026-04-24 03:07:56  INFO      core.mover  DRY   C:\Users\sippa\Desktop\photo_test - Copy (2)\FB_IMG_1625935933720.jpg  =>  C:\Users\sippa\Desktop\destination_folder_test\Photos\Facebook\2021\07_July\FB_IMG_1625935933720.jpg
2026-04-24 03:07:56  INFO      core.mover  DRY   C:\Users\sippa\Desktop\photo_test - Copy (2)\FB_IMG_1626269564118.jpg  =>  C:\Users\sippa\Desktop\destination_folder_test\Photos\Facebook\2021\07_July\FB_IMG_1626269564118.jpg
2026-04-24 03:07:56  INFO      core.mover  DRY   C:\Users\sippa\Desktop\photo_test - Copy (2)\FB_IMG_1627001269969.jpg  =>  C:\Users\sippa\Desktop\destination_folder_test\Photos\Facebook\2021\07_July\FB_IMG_1627001269969.jpg
2026-04-24 03:07:56  INFO      core.mover  DRY   C:\Users\sippa\Desktop\photo_test - Copy (2)\FB_IMG_1627116435630.jpg  =>  C:\Users\sippa\Desktop\destination_folder_test\Photos\Facebook\2021\07_July\FB_IMG_1627116435630.jpg
2026-04-24 03:07:56  INFO      core.mover  DRY   C:\Users\sippa\Desktop\photo_test - Copy (2)\FB_IMG_1627188818970.jpg  =>  C:\Users\sippa\Desktop\destination_folder_test\Photos\Facebook\2021\07_July\FB_IMG_1627188818970.jpg
2026-04-24 03:07:56  INFO      core.mover  DRY   C:\Users\sippa\Desktop\photo_test - Copy (2)\FB_IMG_1627268756737.jpg  =>  C:\Users\sippa\Desktop\destination_folder_test\Photos\Facebook\2021\07_July\FB_IMG_1627268756737.jpg
2026-04-24 03:07:56  INFO      core.mover  DRY   C:\Users\sippa\Desktop\photo_test - Copy (2)\FB_IMG_1627817381582.jpg  =>  C:\Users\sippa\Desktop\destination_folder_test\Photos\Facebook\2021\08_August\FB_IMG_1627817381582.jpg
2026-04-24 03:07:56  INFO      core.mover  DRY   C:\Users\sippa\Desktop\photo_test - Copy (2)\FB_IMG_1628006103025.jpg  =>  C:\Users\sippa\Desktop\destination_folder_test\Photos\Facebook\2021\08_August\FB_IMG_1628006103025.jpg
2026-04-24 03:07:56  INFO      core.mover  DRY   C:\Users\sippa\Desktop\photo_test - Copy (2)\FB_IMG_1628006105692.jpg  =>  C:\Users\sippa\Desktop\destination_folder_test\Photos\Facebook\2021\08_August\FB_IMG_1628006105692.jpg
2026-04-24 03:07:56  INFO      core.mover  DRY   C:\Users\sippa\Desktop\photo_test - Copy (2)\FB_IMG_1628006108037.jpg  =>  C:\Users\sippa\Desktop\destination_folder_test\Photos\Facebook\2021\08_August\FB_IMG_1628006108037.jpg
2026-04-24 03:07:56  INFO      core.mover  DRY   C:\Users\sippa\Desktop\photo_test - Copy (2)\FB_IMG_1628528842615.jpg  =>  C:\Users\sippa\Desktop\destination_folder_test\Photos\Facebook\2021\08_August\FB_IMG_1628528842615.jpg
2026-04-24 03:07:56  INFO      core.mover  DRY   C:\Users\sippa\Desktop\photo_test - Copy (2)\FB_IMG_1628737607591.jpg  =>  C:\Users\sippa\Desktop\destination_folder_test\Photos\Facebook\2021\08_August\FB_IMG_1628737607591.jpg
2026-04-24 03:07:56  INFO      core.mover  DRY   C:\Users\sippa\Desktop\photo_test - Copy (2)\FB_IMG_1628816749698.jpg  =>  C:\Users\sippa\Desktop\destination_folder_test\Photos\Facebook\2021\08_August\FB_IMG_1628816749698.jpg
2026-04-24 03:07:56  INFO      core.mover  DRY   C:\Users\sippa\Desktop\photo_test - Copy (2)\FB_IMG_1628865732905.jpg  =>  C:\Users\sippa\Desktop\destination_folder_test\Photos\Facebook\2021\08_August\FB_IMG_1628865732905.jpg
2026-04-24 03:07:56  INFO      core.mover  DRY   C:\Users\sippa\Desktop\photo_test - Copy (2)\FB_IMG_1628868302500.jpg  =>  C:\Users\sippa\Desktop\destination_folder_test\Photos\Facebook\2021\08_August\FB_IMG_1628868302500.jpg
2026-04-24 03:07:56  INFO      core.mover  DRY   C:\Users\sippa\Desktop\photo_test - Copy (2)\FB_IMG_1628913750818.jpg  =>  C:\Users\sippa\Desktop\destination_folder_test\Photos\Facebook\2021\08_August\FB_IMG_1628913750818.jpg
2026-04-24 03:07:56  INFO      core.mover  DRY   C:\Users\sippa\Desktop\photo_test - Copy (2)\FB_IMG_1628917594131.jpg  =>  C:\Users\sippa\Desktop\destination_folder_test\Photos\Facebook\2021\08_August\FB_IMG_1628917594131.jpg
2026-04-24 03:07:56  INFO      core.mover  DRY   C:\Users\sippa\Desktop\photo_test - Copy (2)\FB_IMG_1628917596504.jpg  =>  C:\Users\sippa\Desktop\destination_folder_test\Photos\Facebook\2021\08_August\FB_IMG_1628917596504.jpg
2026-04-24 03:07:56  INFO      core.mover  DRY   C:\Users\sippa\Desktop\photo_test - Copy (2)\FB_IMG_1628917598590.jpg  =>  C:\Users\sippa\Desktop\destination_folder_test\Photos\Facebook\2021\08_August\FB_IMG_1628917598590.jpg
2026-04-24 03:07:56  INFO      core.mover  DRY   C:\Users\sippa\Desktop\photo_test - Copy (2)\FB_IMG_1628917600969.jpg  =>  C:\Users\sippa\Desktop\destination_folder_test\Photos\Facebook\2021\08_August\FB_IMG_1628917600969.jpg
2026-04-24 03:07:56  INFO      core.mover  DRY   C:\Users\sippa\Desktop\photo_test - Copy (2)\FB_IMG_1628917605042.jpg  =>  C:\Users\sippa\Desktop\destination_folder_test\Photos\Facebook\2021\08_August\FB_IMG_1628917605042.jpg
2026-04-24 03:07:56  INFO      core.mover  DRY   C:\Users\sippa\Desktop\photo_test - Copy (2)\FB_IMG_1628917607465.jpg  =>  C:\Users\sippa\Desktop\destination_folder_test\Photos\Facebook\2021\08_August\FB_IMG_1628917607465.jpg
2026-04-24 03:07:56  INFO      core.mover  DRY   C:\Users\sippa\Desktop\photo_test - Copy (2)\FB_IMG_1628985112639.jpg  =>  C:\Users\sippa\Desktop\destination_folder_test\Photos\Facebook\2021\08_August\FB_IMG_1628985112639.jpg
2026-04-24 03:07:56  INFO      core.mover  DRY   C:\Users\sippa\Desktop\photo_test - Copy (2)\FB_IMG_1629611227433.jpg  =>  C:\Users\sippa\Desktop\destination_folder_test\Photos\Facebook\2021\08_August\FB_IMG_1629611227433.jpg
2026-04-24 03:07:56  INFO      core.mover  DRY   C:\Users\sippa\Desktop\photo_test - Copy (2)\FB_IMG_1630376017799.jpg  =>  C:\Users\sippa\Desktop\destination_folder_test\Photos\Facebook\2021\08_August\FB_IMG_1630376017799.jpg
2026-04-24 03:07:56  INFO      core.mover  DRY   C:\Users\sippa\Desktop\photo_test - Copy (2)\FB_IMG_1630378338646.jpg  =>  C:\Users\sippa\Desktop\destination_folder_test\Photos\Facebook\2021\08_August\FB_IMG_1630378338646.jpg
2026-04-24 03:07:56  INFO      core.mover  DRY   C:\Users\sippa\Desktop\photo_test - Copy (2)\FB_IMG_1631425192265.jpg  =>  C:\Users\sippa\Desktop\destination_folder_test\Photos\Facebook\2021\09_September\FB_IMG_1631425192265.jpg
2026-04-24 03:07:56  INFO      core.mover  DRY   C:\Users\sippa\Desktop\photo_test - Copy (2)\FB_IMG_1631906302246.jpg  =>  C:\Users\sippa\Desktop\destination_folder_test\Photos\Facebook\2021\09_September\FB_IMG_1631906302246.jpg
2026-04-24 03:07:56  INFO      core.mover  DRY   C:\Users\sippa\Desktop\photo_test - Copy (2)\FB_IMG_1632441262440.jpg  =>  C:\Users\sippa\Desktop\destination_folder_test\Photos\Facebook\2021\09_September\FB_IMG_1632441262440.jpg
2026-04-24 03:07:56  INFO      core.mover  DRY   C:\Users\sippa\Desktop\photo_test - Copy (2)\FB_IMG_1632754910486.jpg  =>  C:\Users\sippa\Desktop\destination_folder_test\Photos\Facebook\2021\09_September\FB_IMG_1632754910486.jpg
2026-04-24 03:07:56  INFO      core.mover  DRY   C:\Users\sippa\Desktop\photo_test - Copy (2)\FB_IMG_1633418644449.jpg  =>  C:\Users\sippa\Desktop\destination_folder_test\Photos\Facebook\2021\10_October\FB_IMG_1633418644449.jpg
2026-04-24 03:07:56  INFO      core.mover  DRY   C:\Users\sippa\Desktop\photo_test - Copy (2)\FB_IMG_1634438935238.jpg  =>  C:\Users\sippa\Desktop\destination_folder_test\Photos\Facebook\2021\10_October\FB_IMG_1634438935238.jpg
2026-04-24 03:07:56  INFO      core.mover  DRY   C:\Users\sippa\Desktop\photo_test - Copy (2)\FB_IMG_1635790918796.jpg  =>  C:\Users\sippa\Desktop\destination_folder_test\Photos\Facebook\2021\11_November\FB_IMG_1635790918796.jpg
2026-04-24 03:07:56  INFO      core.mover  DRY   C:\Users\sippa\Desktop\photo_test - Copy (2)\FB_IMG_1635790994295.jpg  =>  C:\Users\sippa\Desktop\destination_folder_test\Photos\Facebook\2021\11_November\FB_IMG_1635790994295.jpg
2026-04-24 03:07:56  INFO      core.mover  DRY   C:\Users\sippa\Desktop\photo_test - Copy (2)\FB_IMG_1636647491309.jpg  =>  C:\Users\sippa\Desktop\destination_folder_test\Photos\Facebook\2021\11_November\FB_IMG_1636647491309.jpg
2026-04-24 03:07:56  INFO      core.mover  DRY   C:\Users\sippa\Desktop\photo_test - Copy (2)\FB_IMG_1637159150973.jpg  =>  C:\Users\sippa\Desktop\destination_folder_test\Photos\Facebook\2021\11_November\FB_IMG_1637159150973.jpg
2026-04-24 03:07:56  INFO      core.mover  DRY   C:\Users\sippa\Desktop\photo_test - Copy (2)\FB_IMG_1637159435061.jpg  =>  C:\Users\sippa\Desktop\destination_folder_test\Photos\Facebook\2021\11_November\FB_IMG_1637159435061.jpg
2026-04-24 03:07:56  INFO      core.mover  DRY   C:\Users\sippa\Desktop\photo_test - Copy (2)\FB_IMG_1637231262467.jpg  =>  C:\Users\sippa\Desktop\destination_folder_test\Photos\Facebook\2021\11_November\FB_IMG_1637231262467.jpg
2026-04-24 03:07:56  INFO      core.mover  DRY   C:\Users\sippa\Desktop\photo_test - Copy (2)\FB_IMG_1637504906304.jpg  =>  C:\Users\sippa\Desktop\destination_folder_test\Photos\Facebook\2021\11_November\FB_IMG_1637504906304.jpg
2026-04-24 03:07:56  INFO      core.mover  DRY   C:\Users\sippa\Desktop\photo_test - Copy (2)\FB_IMG_1637980180374.jpg  =>  C:\Users\sippa\Desktop\destination_folder_test\Photos\Facebook\2021\11_November\FB_IMG_1637980180374.jpg
2026-04-24 03:07:56  INFO      core.mover  DRY   C:\Users\sippa\Desktop\photo_test - Copy (2)\FB_IMG_1638679965982.jpg  =>  C:\Users\sippa\Desktop\destination_folder_test\Photos\Facebook\2021\12_December\FB_IMG_1638679965982.jpg
2026-04-24 03:07:56  INFO      core.mover  DRY   C:\Users\sippa\Desktop\photo_test - Copy (2)\FB_IMG_1640288252972.jpg  =>  C:\Users\sippa\Desktop\destination_folder_test\Photos\Facebook\2021\12_December\FB_IMG_1640288252972.jpg
2026-04-24 03:07:56  INFO      core.mover  DRY   C:\Users\sippa\Desktop\photo_test - Copy (2)\FB_IMG_1640514991849.jpg  =>  C:\Users\sippa\Desktop\destination_folder_test\Photos\Facebook\2021\12_December\FB_IMG_1640514991849.jpg
2026-04-24 03:07:56  INFO      core.mover  DRY   C:\Users\sippa\Desktop\photo_test - Copy (2)\FB_IMG_1640855263846.jpg  =>  C:\Users\sippa\Desktop\destination_folder_test\Photos\Facebook\2021\12_December\FB_IMG_1640855263846.jpg
2026-04-24 03:07:56  INFO      core.mover  DRY   C:\Users\sippa\Desktop\photo_test - Copy (2)\FB_IMG_1641445517930.jpg  =>  C:\Users\sippa\Desktop\destination_folder_test\Photos\Facebook\2022\01_January\FB_IMG_1641445517930.jpg
2026-04-24 03:07:56  INFO      core.mover  DRY   C:\Users\sippa\Desktop\photo_test - Copy (2)\FB_IMG_1641704151198.jpg  =>  C:\Users\sippa\Desktop\destination_folder_test\Photos\Facebook\2022\01_January\FB_IMG_1641704151198.jpg
2026-04-24 03:07:56  INFO      core.mover  DRY   C:\Users\sippa\Desktop\photo_test - Copy (2)\FB_IMG_1642410969667.jpg  =>  C:\Users\sippa\Desktop\destination_folder_test\Photos\Facebook\2022\01_January\FB_IMG_1642410969667.jpg
2026-04-24 03:07:56  INFO      core.mover  DRY   C:\Users\sippa\Desktop\photo_test - Copy (2)\FB_IMG_1643434438784.jpg  =>  C:\Users\sippa\Desktop\destination_folder_test\Photos\Facebook\2022\01_January\FB_IMG_1643434438784.jpg
2026-04-24 03:07:56  INFO      core.mover  DRY   C:\Users\sippa\Desktop\photo_test - Copy (2)\FB_IMG_1643816542993.jpg  =>  C:\Users\sippa\Desktop\destination_folder_test\Photos\Facebook\2022\02_February\FB_IMG_1643816542993.jpg
2026-04-24 03:07:56  INFO      core.mover  DRY   C:\Users\sippa\Desktop\photo_test - Copy (2)\FB_IMG_1644695531344.jpg  =>  C:\Users\sippa\Desktop\destination_folder_test\Photos\Facebook\2022\02_February\FB_IMG_1644695531344.jpg
2026-04-24 03:07:56  INFO      core.mover  DRY   C:\Users\sippa\Desktop\photo_test - Copy (2)\FB_IMG_1645109439095.jpg  =>  C:\Users\sippa\Desktop\destination_folder_test\Photos\Facebook\2022\02_February\FB_IMG_1645109439095.jpg
2026-04-24 03:07:56  INFO      core.mover  DRY   C:\Users\sippa\Desktop\photo_test - Copy (2)\FB_IMG_1645716310134.jpg  =>  C:\Users\sippa\Desktop\destination_folder_test\Photos\Facebook\2022\02_February\FB_IMG_1645716310134.jpg
2026-04-24 03:07:56  INFO      core.mover  DRY   C:\Users\sippa\Desktop\photo_test - Copy (2)\FB_IMG_1647058817455.jpg  =>  C:\Users\sippa\Desktop\destination_folder_test\Photos\Facebook\2022\03_March\FB_IMG_1647058817455.jpg
2026-04-24 03:07:56  INFO      core.mover  DRY   C:\Users\sippa\Desktop\photo_test - Copy (2)\FB_IMG_1647085804573.jpg  =>  C:\Users\sippa\Desktop\destination_folder_test\Photos\Facebook\2022\03_March\FB_IMG_1647085804573.jpg
2026-04-24 03:07:56  INFO      core.mover  DRY   C:\Users\sippa\Desktop\photo_test - Copy (2)\FB_IMG_1647745933134.jpg  =>  C:\Users\sippa\Desktop\destination_folder_test\Photos\Facebook\2022\03_March\FB_IMG_1647745933134.jpg
2026-04-24 03:07:56  INFO      core.mover  DRY   C:\Users\sippa\Desktop\photo_test - Copy (2)\FB_IMG_1648009914551.jpg  =>  C:\Users\sippa\Desktop\destination_folder_test\Photos\Facebook\2022\03_March\FB_IMG_1648009914551.jpg
2026-04-24 03:07:56  INFO      core.mover  DRY   C:\Users\sippa\Desktop\photo_test - Copy (2)\FB_IMG_1648009936992.jpg  =>  C:\Users\sippa\Desktop\destination_folder_test\Photos\Facebook\2022\03_March\FB_IMG_1648009936992.jpg
2026-04-24 03:07:56  INFO      core.mover  DRY   C:\Users\sippa\Desktop\photo_test - Copy (2)\FB_IMG_1648444275397.jpg  =>  C:\Users\sippa\Desktop\destination_folder_test\Photos\Facebook\2022\03_March\FB_IMG_1648444275397.jpg
2026-04-24 03:07:56  INFO      core.mover  DRY   C:\Users\sippa\Desktop\photo_test - Copy (2)\FB_IMG_1648444296132.jpg  =>  C:\Users\sippa\Desktop\destination_folder_test\Photos\Facebook\2022\03_March\FB_IMG_1648444296132.jpg
2026-04-24 03:07:56  INFO      core.mover  DRY   C:\Users\sippa\Desktop\photo_test - Copy (2)\FB_IMG_1649934609426.jpg  =>  C:\Users\sippa\Desktop\destination_folder_test\Photos\Facebook\2022\04_April\FB_IMG_1649934609426.jpg
2026-04-24 03:07:56  INFO      core.mover  DRY   C:\Users\sippa\Desktop\photo_test - Copy (2)\FB_IMG_1650216661518.jpg  =>  C:\Users\sippa\Desktop\destination_folder_test\Photos\Facebook\2022\04_April\FB_IMG_1650216661518.jpg
2026-04-24 03:07:56  INFO      core.mover  DRY   C:\Users\sippa\Desktop\photo_test - Copy (2)\FB_IMG_1650468429353.jpg  =>  C:\Users\sippa\Desktop\destination_folder_test\Photos\Facebook\2022\04_April\FB_IMG_1650468429353.jpg
2026-04-24 03:07:56  INFO      core.mover  DRY   C:\Users\sippa\Desktop\photo_test - Copy (2)\IMG_3698.JPG  =>  C:\Users\sippa\Desktop\destination_folder_test\Photos\Canon EOS RP\2025\04_April\IMG_3698.JPG
2026-04-24 03:07:56  INFO      core.mover  DRY   C:\Users\sippa\Desktop\photo_test - Copy (2)\IMG_3740.JPG  =>  C:\Users\sippa\Desktop\destination_folder_test\Photos\Canon EOS RP\2025\04_April\IMG_3740.JPG
2026-04-24 03:07:56  INFO      core.mover  DRY   C:\Users\sippa\Desktop\photo_test - Copy (2)\IMG_3741.JPG  =>  C:\Users\sippa\Desktop\destination_folder_test\Photos\Canon EOS RP\2025\04_April\IMG_3741.JPG
2026-04-24 03:07:56  INFO      core.mover  DRY   C:\Users\sippa\Desktop\photo_test - Copy (2)\IMG_3750.JPG  =>  C:\Users\sippa\Desktop\destination_folder_test\Photos\Canon EOS RP\2025\04_April\IMG_3750.JPG
2026-04-24 03:07:56  INFO      core.mover  DRY   C:\Users\sippa\Desktop\photo_test - Copy (2)\IMG_3751.JPG  =>  C:\Users\sippa\Desktop\destination_folder_test\Photos\Canon EOS RP\2025\04_April\IMG_3751.JPG
2026-04-24 03:07:56  INFO      core.mover  DRY   C:\Users\sippa\Desktop\photo_test - Copy (2)\IMG_3759.JPG  =>  C:\Users\sippa\Desktop\destination_folder_test\Photos\Canon EOS RP\2025\04_April\IMG_3759.JPG
2026-04-24 03:07:56  INFO      core.mover  DRY   C:\Users\sippa\Desktop\photo_test - Copy (2)\IMG_3760.JPG  =>  C:\Users\sippa\Desktop\destination_folder_test\Photos\Canon EOS RP\2025\04_April\IMG_3760.JPG
2026-04-24 03:07:56  INFO      core.mover  DRY   C:\Users\sippa\Desktop\photo_test - Copy (2)\IMG_3849.JPG  =>  C:\Users\sippa\Desktop\destination_folder_test\Photos\Canon EOS RP\2025\04_April\IMG_3849.JPG
2026-04-24 03:07:56  INFO      core.mover  DRY   C:\Users\sippa\Desktop\photo_test - Copy (2)\IMG_6410_0.jpg  =>  C:\Users\sippa\Desktop\destination_folder_test\Photos\Canon EOS RP\2026\02_February\IMG_6410_0.jpg
2026-04-24 03:07:56  INFO      core.mover  DRY   C:\Users\sippa\Desktop\photo_test - Copy (2)\IMG_6411_0.jpg  =>  C:\Users\sippa\Desktop\destination_folder_test\Photos\Canon EOS RP\2026\02_February\IMG_6411_0.jpg
2026-04-24 03:07:56  INFO      core.mover  DRY   C:\Users\sippa\Desktop\photo_test - Copy (2)\IMG_6412_0.jpg  =>  C:\Users\sippa\Desktop\destination_folder_test\Photos\Canon EOS RP\2026\02_February\IMG_6412_0.jpg
2026-04-24 03:07:56  INFO      core.mover  DRY   C:\Users\sippa\Desktop\photo_test - Copy (2)\IMG_6414_0.jpg  =>  C:\Users\sippa\Desktop\destination_folder_test\Photos\Canon EOS RP\2026\02_February\IMG_6414_0.jpg
2026-04-24 03:07:56  INFO      core.mover  DRY   C:\Users\sippa\Desktop\photo_test - Copy (2)\IMG_6429_0.jpg  =>  C:\Users\sippa\Desktop\destination_folder_test\Photos\Canon EOS RP\2026\02_February\IMG_6429_0.jpg
2026-04-24 03:07:56  INFO      core.mover  DRY   C:\Users\sippa\Desktop\photo_test - Copy (2)\Jumping_Race_2017-07-28T123453+0000_E485DC.jpg  =>  C:\Users\sippa\Desktop\destination_folder_test\Photos\Parrot Jumping Race\2017\07_July\Jumping_Race_2017-07-28T123453+0000_E485DC.jpg
2026-04-24 03:07:56  INFO      core.mover  DRY   C:\Users\sippa\Desktop\photo_test - Copy (2)\Jumping_Race_2017-07-28T123548+0000_DD4B51.jpg  =>  C:\Users\sippa\Desktop\destination_folder_test\Photos\Parrot Jumping Race\2017\07_July\Jumping_Race_2017-07-28T123548+0000_DD4B51.jpg
2026-04-24 03:07:56  INFO      core.mover  DRY   C:\Users\sippa\Desktop\photo_test - Copy (2)\Jumping_Race_2017-07-28T123621+0000_C2F6AB.jpg  =>  C:\Users\sippa\Desktop\destination_folder_test\Photos\Parrot Jumping Race\2017\07_July\Jumping_Race_2017-07-28T123621+0000_C2F6AB.jpg
2026-04-24 03:07:56  INFO      core.mover  DRY   C:\Users\sippa\Desktop\photo_test - Copy (2)\Jumping_Race_2017-08-20T155617+0000_69B95B.jpg  =>  C:\Users\sippa\Desktop\destination_folder_test\Photos\Parrot Jumping Race\2017\08_August\Jumping_Race_2017-08-20T155617+0000_69B95B.jpg
2026-04-24 03:07:56  INFO      core.mover  DRY   C:\Users\sippa\Desktop\photo_test - Copy (2)\P2400145.JPG  =>  C:\Users\sippa\Desktop\destination_folder_test\Photos\Panasonic GX85\2021\03_March\P2400145.JPG
2026-04-24 03:07:56  INFO      core.mover  DRY   C:\Users\sippa\Desktop\photo_test - Copy (2)\P2440732.JPG  =>  C:\Users\sippa\Desktop\destination_folder_test\Photos\Panasonic GX85\2021\06_June\P2440732.JPG
2026-04-24 03:07:56  INFO      core.mover  DRY   C:\Users\sippa\Desktop\photo_test - Copy (2)\P2440733.JPG  =>  C:\Users\sippa\Desktop\destination_folder_test\Photos\Panasonic GX85\2021\06_June\P2440733.JPG
2026-04-24 03:07:56  INFO      core.mover  DRY   C:\Users\sippa\Desktop\photo_test - Copy (2)\P2480116.JPG  =>  C:\Users\sippa\Desktop\destination_folder_test\Photos\Panasonic GX85\2021\07_July\P2480116.JPG
2026-04-24 03:07:56  INFO      core.mover  DRY   C:\Users\sippa\Desktop\photo_test - Copy (2)\P2560375.JPG  =>  C:\Users\sippa\Desktop\destination_folder_test\Photos\Panasonic GX85\2022\02_February\P2560375.JPG
2026-04-24 03:07:56  INFO      core.mover  DRY   C:\Users\sippa\Desktop\photo_test - Copy (2)\P2560380.JPG  =>  C:\Users\sippa\Desktop\destination_folder_test\Photos\Panasonic GX85\2022\02_February\P2560380.JPG
2026-04-24 03:07:56  INFO      core.mover  DRY   C:\Users\sippa\Desktop\photo_test - Copy (2)\P2610449.MP4  =>  C:\Users\sippa\Desktop\destination_folder_test\Videos\Panasonic Lumix\2022\05_May\P2610449.MP4
2026-04-24 03:07:56  INFO      core.mover  DRY   C:\Users\sippa\Desktop\photo_test - Copy (2)\P2610457.JPG  =>  C:\Users\sippa\Desktop\destination_folder_test\Photos\Panasonic GX85\2022\05_May\P2610457.JPG
2026-04-24 03:07:56  INFO      core.mover  DRY   C:\Users\sippa\Desktop\photo_test - Copy (2)\P2610477.JPG  =>  C:\Users\sippa\Desktop\destination_folder_test\Photos\Panasonic GX85\2022\05_May\P2610477.JPG
2026-04-24 03:07:56  INFO      core.mover  DRY   C:\Users\sippa\Desktop\photo_test - Copy (2)\P2610763.JPG  =>  C:\Users\sippa\Desktop\destination_folder_test\Photos\Panasonic GX85\2022\05_May\P2610763.JPG
2026-04-24 03:07:56  INFO      core.mover  DRY   C:\Users\sippa\Desktop\photo_test - Copy (2)\P2890961.JPG  =>  C:\Users\sippa\Desktop\destination_folder_test\Photos\Panasonic GX85\2022\09_September\P2890961.JPG
2026-04-24 03:07:56  INFO      core.mover  DRY   C:\Users\sippa\Desktop\photo_test - Copy (2)\P2890962.JPG  =>  C:\Users\sippa\Desktop\destination_folder_test\Photos\Panasonic GX85\2022\09_September\P2890962.JPG
2026-04-24 03:07:56  INFO      core.mover  DRY   C:\Users\sippa\Desktop\photo_test - Copy (2)\P2890963.JPG  =>  C:\Users\sippa\Desktop\destination_folder_test\Photos\Panasonic GX85\2022\09_September\P2890963.JPG
2026-04-24 03:07:56  INFO      core.mover  DRY   C:\Users\sippa\Desktop\photo_test - Copy (2)\P3240020.JPG  =>  C:\Users\sippa\Desktop\destination_folder_test\Photos\Panasonic GX85\2023\04_April\P3240020.JPG
2026-04-24 03:07:56  INFO      core.mover  DRY   C:\Users\sippa\Desktop\photo_test - Copy (2)\P3240366.JPG  =>  C:\Users\sippa\Desktop\destination_folder_test\Photos\Panasonic GX85\2023\04_April\P3240366.JPG
2026-04-24 03:07:56  INFO      core.mover  DRY   C:\Users\sippa\Desktop\photo_test - Copy (2)\P3240716.JPG  =>  C:\Users\sippa\Desktop\destination_folder_test\Photos\Panasonic GX85\2023\04_April\P3240716.JPG
2026-04-24 03:07:56  INFO      core.mover  DRY   C:\Users\sippa\Desktop\photo_test - Copy (2)\P4120847.JPG  =>  C:\Users\sippa\Desktop\destination_folder_test\Photos\Panasonic GX85\2026\02_February\P4120847.JPG
2026-04-24 03:07:56  INFO      core.mover  DRY   C:\Users\sippa\Desktop\photo_test - Copy (2)\P4120848.JPG  =>  C:\Users\sippa\Desktop\destination_folder_test\Photos\Panasonic GX85\2026\02_February\P4120848.JPG
2026-04-24 03:07:56  INFO      core.mover  DRY   C:\Users\sippa\Desktop\photo_test - Copy (2)\P4120858.JPG  =>  C:\Users\sippa\Desktop\destination_folder_test\Photos\Panasonic GX85\2026\02_February\P4120858.JPG
2026-04-24 03:07:56  INFO      core.mover  DRY   C:\Users\sippa\Desktop\photo_test - Copy (2)\test_drum_nano.mp4  =>  C:\Users\sippa\Desktop\destination_folder_test\Videos\Unknown_Device\2021\07_July\test_drum_nano.mp4
2026-04-24 03:07:57  INFO      core.mover  DRY   C:\Users\sippa\Desktop\photo_test - Copy (2)\test_drum_nano_2.mp4  =>  C:\Users\sippa\Desktop\destination_folder_test\Videos\Unknown_Device\2021\07_July\test_drum_nano_2.mp4
2026-04-24 03:07:57  INFO      core.mover  DRY   C:\Users\sippa\Desktop\photo_test - Copy (2)\20221018 fence post\11218294-8ef0-481a-ae00-3fcc7e44b8c9.mp4  =>  C:\Users\sippa\Desktop\destination_folder_test\Videos\Unknown_Device\2022\10_October\11218294-8ef0-481a-ae00-3fcc7e44b8c9.mp4
2026-04-24 03:07:57  INFO      core.mover  DRY   C:\Users\sippa\Desktop\photo_test - Copy (2)\20221018 fence post\1220777.jpg  =>  C:\Users\sippa\Desktop\destination_folder_test\Photos\Unknown_Device\2022\10_October\1220777.jpg
2026-04-24 03:07:57  INFO      core.mover  DRY   C:\Users\sippa\Desktop\photo_test - Copy (2)\20221018 fence post\1222446.jpg  =>  C:\Users\sippa\Desktop\destination_folder_test\Photos\Unknown_Device\2022\10_October\1222446.jpg
2026-04-24 03:07:57  INFO      core.mover  DRY   C:\Users\sippa\Desktop\photo_test - Copy (2)\20221018 fence post\1_10.30.53.avi  =>  C:\Users\sippa\Desktop\destination_folder_test\Videos\Unknown_Device\2022\10_October\1_10.30.53.avi
2026-04-24 03:07:57  INFO      core.mover  DRY   C:\Users\sippa\Desktop\photo_test - Copy (2)\20221018 fence post\20260320_043549.jpg  =>  C:\Users\sippa\Desktop\destination_folder_test\Photos\Samsung Galaxy S25 Ultra\2026\03_March\20260320_043549.jpg
2026-04-24 03:07:57  INFO      core.mover  DRY   C:\Users\sippa\Desktop\photo_test - Copy (2)\20221018 fence post\20260320_043922.mp4  =>  C:\Users\sippa\Desktop\destination_folder_test\Videos\Android Camera\2026\03_March\20260320_043922.mp4
2026-04-24 03:07:57  INFO      core.mover  DRY   C:\Users\sippa\Desktop\photo_test - Copy (2)\20221018 fence post\20260320_045325.jpg  =>  C:\Users\sippa\Desktop\destination_folder_test\Photos\Samsung Galaxy S25 Ultra\2026\03_March\20260320_045325.jpg
2026-04-24 03:07:57  INFO      core.mover  DRY   C:\Users\sippa\Desktop\photo_test - Copy (2)\20221018 fence post\20260320_062706.jpg  =>  C:\Users\sippa\Desktop\destination_folder_test\Photos\Samsung Galaxy S25 Ultra\2026\03_March\20260320_062706.jpg
2026-04-24 03:07:57  INFO      core.mover  DRY   C:\Users\sippa\Desktop\photo_test - Copy (2)\20221018 fence post\20260320_063335.jpg  =>  C:\Users\sippa\Desktop\destination_folder_test\Photos\Samsung Galaxy S25 Ultra\2026\03_March\20260320_063335.jpg
2026-04-24 03:07:57  INFO      core.mover  DRY   C:\Users\sippa\Desktop\photo_test - Copy (2)\20221018 fence post\P2850539.JPG  =>  C:\Users\sippa\Desktop\destination_folder_test\Photos\Panasonic GX85\2022\09_September\P2850539.JPG
2026-04-24 03:07:57  INFO      core.mover  DRY   C:\Users\sippa\Desktop\photo_test - Copy (2)\20221018 fence post\P2910198.JPG  =>  C:\Users\sippa\Desktop\destination_folder_test\Photos\Panasonic GX85\2022\10_October\P2910198.JPG
2026-04-24 03:07:57  INFO      core.mover  DRY   C:\Users\sippa\Desktop\photo_test - Copy (2)\20221018 fence post\P2910199.JPG  =>  C:\Users\sippa\Desktop\destination_folder_test\Photos\Panasonic GX85\2022\10_October\P2910199.JPG
2026-04-24 03:07:57  INFO      core.mover  DRY   C:\Users\sippa\Desktop\photo_test - Copy (2)\20221018 fence post\P2940040.JPG  =>  C:\Users\sippa\Desktop\destination_folder_test\Photos\Panasonic GX85\2022\10_October\P2940040.JPG
2026-04-24 03:07:57  INFO      core.mover  DRY   C:\Users\sippa\Desktop\photo_test - Copy (2)\20221018 fence post\P2940069.JPG  =>  C:\Users\sippa\Desktop\destination_folder_test\Photos\Panasonic GX85\2022\10_October\P2940069.JPG
2026-04-24 03:07:57  INFO      core.mover  DRY   C:\Users\sippa\Desktop\photo_test - Copy (2)\20221018 fence post\P2940074.JPG  =>  C:\Users\sippa\Desktop\destination_folder_test\Photos\Panasonic GX85\2022\10_October\P2940074.JPG
2026-04-24 03:07:57  INFO      core.mover  DRY   C:\Users\sippa\Desktop\photo_test - Copy (2)\20221018 fence post\P2940113.JPG  =>  C:\Users\sippa\Desktop\destination_folder_test\Photos\Panasonic GX85\2022\10_October\P2940113.JPG
2026-04-24 03:07:57  INFO      core.mover  DRY   C:\Users\sippa\Desktop\photo_test - Copy (2)\20221018 fence post\P2940130.JPG  =>  C:\Users\sippa\Desktop\destination_folder_test\Photos\Panasonic GX85\2022\10_October\P2940130.JPG
2026-04-24 03:07:57  INFO      core.mover  DRY   C:\Users\sippa\Desktop\photo_test - Copy (2)\20221018 fence post\P2940404.JPG  =>  C:\Users\sippa\Desktop\destination_folder_test\Photos\Panasonic GX85\2022\10_October\P2940404.JPG
2026-04-24 03:07:57  INFO      core.mover  DRY   C:\Users\sippa\Desktop\photo_test - Copy (2)\20221018 fence post\P2940409.JPG  =>  C:\Users\sippa\Desktop\destination_folder_test\Photos\Panasonic GX85\2022\10_October\P2940409.JPG
2026-04-24 03:07:57  INFO      core.mover  DRY   C:\Users\sippa\Desktop\photo_test - Copy (2)\20221018 fence post\Untitled.mp4  =>  C:\Users\sippa\Desktop\destination_folder_test\Videos\Unknown_Device\2022\10_October\Untitled.mp4
2026-04-24 03:07:57  INFO      core.mover  DRY   C:\Users\sippa\Desktop\photo_test - Copy (2)\261_PANA\P2610467.JPG  =>  C:\Users\sippa\Desktop\destination_folder_test\Photos\Panasonic GX85\2022\05_May\P2610467.JPG
2026-04-24 03:07:57  INFO      core.mover  DRY   C:\Users\sippa\Desktop\photo_test - Copy (2)\261_PANA\P2610757.JPG  =>  C:\Users\sippa\Desktop\destination_folder_test\Photos\Panasonic GX85\2022\05_May\P2610757.JPG
2026-04-24 03:07:57  INFO      core.mover  DRY   C:\Users\sippa\Desktop\photo_test - Copy (2)\261_PANA\P2610764.JPG  =>  C:\Users\sippa\Desktop\destination_folder_test\Photos\Panasonic GX85\2022\05_May\P2610764.JPG
2026-04-24 03:07:57  INFO      core.mover  DRY   C:\Users\sippa\Desktop\photo_test - Copy (2)\261_PANA\P2610781.JPG  =>  C:\Users\sippa\Desktop\destination_folder_test\Photos\Panasonic GX85\2022\05_May\P2610781.JPG
2026-04-24 03:07:57  INFO      core.mover  DRY   C:\Users\sippa\Desktop\photo_test - Copy (2)\324_PANA\P3240001.MP4  =>  C:\Users\sippa\Desktop\destination_folder_test\Videos\Panasonic Lumix\2023\04_April\P3240001.MP4
2026-04-24 03:07:57  INFO      core.mover  DRY   C:\Users\sippa\Desktop\photo_test - Copy (2)\324_PANA\P3240015.JPG  =>  C:\Users\sippa\Desktop\destination_folder_test\Photos\Panasonic GX85\2023\04_April\P3240015.JPG
2026-04-24 03:07:57  INFO      core.mover  DRY   C:\Users\sippa\Desktop\photo_test - Copy (2)\324_PANA\P3240025.JPG  =>  C:\Users\sippa\Desktop\destination_folder_test\Photos\Panasonic GX85\2023\04_April\P3240025.JPG
2026-04-24 03:07:57  INFO      core.mover  DRY   C:\Users\sippa\Desktop\photo_test - Copy (2)\324_PANA\P3240026.JPG  =>  C:\Users\sippa\Desktop\destination_folder_test\Photos\Panasonic GX85\2023\04_April\P3240026.JPG
2026-04-24 03:07:57  INFO      core.mover  DRY   C:\Users\sippa\Desktop\photo_test - Copy (2)\324_PANA\P3240357.JPG  =>  C:\Users\sippa\Desktop\destination_folder_test\Photos\Panasonic GX85\2023\04_April\P3240357.JPG
2026-04-24 03:07:57  INFO      core.mover  DRY   C:\Users\sippa\Desktop\photo_test - Copy (2)\324_PANA\P3240715.JPG  =>  C:\Users\sippa\Desktop\destination_folder_test\Photos\Panasonic GX85\2023\04_April\P3240715.JPG
2026-04-24 03:07:57  INFO      core.mover  DRY   C:\Users\sippa\Desktop\photo_test - Copy (2)\324_PANA\P3240854.JPG  =>  C:\Users\sippa\Desktop\destination_folder_test\Photos\Panasonic GX85\2023\04_April\P3240854.JPG
2026-04-24 03:07:57  INFO      core.mover  DRY   C:\Users\sippa\Desktop\photo_test - Copy (2)\324_PANA\P3240856.JPG  =>  C:\Users\sippa\Desktop\destination_folder_test\Photos\Panasonic GX85\2023\04_April\P3240856.JPG
2026-04-24 03:07:57  INFO      core.mover  DRY   C:\Users\sippa\Desktop\photo_test - Copy (2)\407_PANA\P4070462.MP4  =>  C:\Users\sippa\Desktop\destination_folder_test\Videos\Panasonic Lumix\2025\11_November\P4070462.MP4
2026-04-24 03:07:57  INFO      core.mover  DRY   C:\Users\sippa\Desktop\photo_test - Copy (2)\407_PANA\P4070475.JPG  =>  C:\Users\sippa\Desktop\destination_folder_test\Photos\Panasonic GX85\2025\11_November\P4070475.JPG
2026-04-24 03:07:57  INFO      core.mover  DRY   C:\Users\sippa\Desktop\photo_test - Copy (2)\407_PANA\P4070485.JPG  =>  C:\Users\sippa\Desktop\destination_folder_test\Photos\Panasonic GX85\2025\11_November\P4070485.JPG
2026-04-24 03:07:57  INFO      core.mover  DRY   C:\Users\sippa\Desktop\photo_test - Copy (2)\407_PANA\P4070494.JPG  =>  C:\Users\sippa\Desktop\destination_folder_test\Photos\Panasonic GX85\2025\11_November\P4070494.JPG
2026-04-24 03:07:57  INFO      core.mover  DRY   C:\Users\sippa\Desktop\photo_test - Copy (2)\407_PANA\P4070495.JPG  =>  C:\Users\sippa\Desktop\destination_folder_test\Photos\Panasonic GX85\2025\11_November\P4070495.JPG
2026-04-24 03:07:57  INFO      core.mover  DRY   C:\Users\sippa\Desktop\photo_test - Copy (2)\407_PANA\P4070505.JPG  =>  C:\Users\sippa\Desktop\destination_folder_test\Photos\Panasonic GX85\2025\11_November\P4070505.JPG
2026-04-24 03:07:57  INFO      core.mover  DRY   C:\Users\sippa\Desktop\photo_test - Copy (2)\407_PANA\P4070506.JPG  =>  C:\Users\sippa\Desktop\destination_folder_test\Photos\Panasonic GX85\2025\11_November\P4070506.JPG
2026-04-24 03:07:57  INFO      core.mover  DRY   C:\Users\sippa\Desktop\photo_test - Copy (2)\407_PANA\P4070625.JPG  =>  C:\Users\sippa\Desktop\destination_folder_test\Photos\Panasonic GX85\2025\11_November\P4070625.JPG
2026-04-24 03:07:57  INFO      core.mover  DRY   C:\Users\sippa\Desktop\photo_test - Copy (2)\407_PANA\P4070627.JPG  =>  C:\Users\sippa\Desktop\destination_folder_test\Photos\Panasonic GX85\2025\11_November\P4070627.JPG
2026-04-24 03:07:57  INFO      core.mover  DRY   C:\Users\sippa\Desktop\photo_test - Copy (2)\407_PANA\P4070766.JPG  =>  C:\Users\sippa\Desktop\destination_folder_test\Photos\Panasonic GX85\2025\11_November\P4070766.JPG
2026-04-24 03:07:57  INFO      core.mover  DRY   C:\Users\sippa\Desktop\photo_test - Copy (2)\407_PANA\P4070768.JPG  =>  C:\Users\sippa\Desktop\destination_folder_test\Photos\Panasonic GX85\2025\11_November\P4070768.JPG
2026-04-24 03:07:57  INFO      core.mover  DRY   C:\Users\sippa\Desktop\photo_test - Copy (2)\Pyjamas\20250207_225006.jpg  =>  C:\Users\sippa\Desktop\destination_folder_test\Photos\Samsung Galaxy S25 Ultra\2025\02_February\20250207_225006.jpg
2026-04-24 03:07:57  INFO      core.mover  DRY   C:\Users\sippa\Desktop\photo_test - Copy (2)\Pyjamas\20250207_225137.jpg  =>  C:\Users\sippa\Desktop\destination_folder_test\Photos\Samsung Galaxy S25 Ultra\2025\02_February\20250207_225137.jpg
2026-04-24 03:07:57  INFO      core.mover  DRY   C:\Users\sippa\Desktop\photo_test - Copy (2)\Pyjamas\20250208_095907.jpg  =>  C:\Users\sippa\Desktop\destination_folder_test\Photos\Samsung Galaxy S25 Ultra\2025\02_February\20250208_095907.jpg
2026-04-24 03:07:57  INFO      core.mover  DRY   C:\Users\sippa\Desktop\photo_test - Copy (2)\Pyjamas\20250921_182407.jpg  =>  C:\Users\sippa\Desktop\destination_folder_test\Photos\Samsung Galaxy S25 Ultra\2025\09_September\20250921_182407.jpg
2026-04-24 03:07:57  INFO      core.mover  DRY   C:\Users\sippa\Desktop\photo_test - Copy (2)\Pyjamas\20250921_184235.jpg  =>  C:\Users\sippa\Desktop\destination_folder_test\Photos\Samsung Galaxy S25 Ultra\2025\09_September\20250921_184235.jpg
2026-04-24 03:07:57  INFO      core.mover  DRY   C:\Users\sippa\Desktop\photo_test - Copy (2)\Pyjamas\20250921_184242.jpg  =>  C:\Users\sippa\Desktop\destination_folder_test\Photos\Samsung Galaxy S25 Ultra\2025\09_September\20250921_184242.jpg
2026-04-24 03:07:57  INFO      core.mover  DRY   C:\Users\sippa\Desktop\photo_test - Copy (2)\Pyjamas\P2560373.JPG  =>  C:\Users\sippa\Desktop\destination_folder_test\Photos\Panasonic GX85\2022\02_February\P2560373.JPG
2026-04-24 03:07:57  INFO      core.mover  DRY   C:\Users\sippa\Desktop\photo_test - Copy (2)\Pyjamas\P2560374.JPG  =>  C:\Users\sippa\Desktop\destination_folder_test\Photos\Panasonic GX85\2022\02_February\P2560374.JPG
2026-04-24 03:07:57  INFO      core.mover  DRY   C:\Users\sippa\Desktop\photo_test - Copy (2)\Pyjamas\P2560382.JPG  =>  C:\Users\sippa\Desktop\destination_folder_test\Photos\Panasonic GX85\2022\02_February\P2560382.JPG
2026-04-24 03:07:57  INFO      core.mover  DRY   C:\Users\sippa\Desktop\photo_test - Copy (2)\Pyjamas\P2560383.JPG  =>  C:\Users\sippa\Desktop\destination_folder_test\Photos\Panasonic GX85\2022\02_February\P2560383.JPG
2026-04-24 03:07:57  INFO      core.mover  DRY   C:\Users\sippa\Desktop\photo_test - Copy (2)\Pyjamas\P2560393.JPG  =>  C:\Users\sippa\Desktop\destination_folder_test\Photos\Panasonic GX85\2022\02_February\P2560393.JPG
2026-04-24 03:07:57  INFO      core.mover  Done. moved=299 dupes=0 resumed=9 errors=0 elapsed=2.4s @ 126.3 files/s
2026-04-24 03:09:45  INFO      core.mover  MOVE  C:\Users\sippa\Desktop\photo_test - Copy (2)\00003.MTS  =>  C:\Users\sippa\Desktop\destination_folder_test\Videos\Sony AVCHD\2019\08_August\00003.MTS
2026-04-24 03:09:45  INFO      core.mover  MOVE  C:\Users\sippa\Desktop\photo_test - Copy (2)\00073.MTS  =>  C:\Users\sippa\Desktop\destination_folder_test\Videos\Sony AVCHD\2018\09_September\00073.MTS
2026-04-24 03:09:45  INFO      core.mover  MOVE  C:\Users\sippa\Desktop\photo_test - Copy (2)\00074.MTS  =>  C:\Users\sippa\Desktop\destination_folder_test\Videos\Sony AVCHD\2018\09_September\00074.MTS
2026-04-24 03:09:45  INFO      core.mover  MOVE  C:\Users\sippa\Desktop\photo_test - Copy (2)\00081.MTS  =>  C:\Users\sippa\Desktop\destination_folder_test\Videos\Sony AVCHD\2018\09_September\00081.MTS
2026-04-24 03:09:45  INFO      core.mover  MOVE  C:\Users\sippa\Desktop\photo_test - Copy (2)\20151219_155545.jpg  =>  C:\Users\sippa\Desktop\destination_folder_test\Photos\Samsung Galaxy Note 4\2015\12_December\20151219_155545.jpg
2026-04-24 03:09:45  INFO      core.mover  MOVE  C:\Users\sippa\Desktop\photo_test - Copy (2)\20160530_195932.jpg  =>  C:\Users\sippa\Desktop\destination_folder_test\Photos\Samsung Galaxy Note 4\2016\05_May\20160530_195932.jpg
2026-04-24 03:09:45  INFO      core.mover  MOVE  C:\Users\sippa\Desktop\photo_test - Copy (2)\20180106_131509.jpg  =>  C:\Users\sippa\Desktop\destination_folder_test\Photos\Samsung Galaxy Note 8\2018\01_January\20180106_131509.jpg
2026-04-24 03:09:45  INFO      core.mover  MOVE  C:\Users\sippa\Desktop\photo_test - Copy (2)\20180107_163817.jpg  =>  C:\Users\sippa\Desktop\destination_folder_test\Photos\Samsung Galaxy Note 8\2018\01_January\20180107_163817.jpg
2026-04-24 03:09:45  INFO      core.mover  MOVE  C:\Users\sippa\Desktop\photo_test - Copy (2)\20180108_094914.jpg  =>  C:\Users\sippa\Desktop\destination_folder_test\Photos\Samsung Galaxy Note 8\2018\01_January\20180108_094914.jpg
2026-04-24 03:09:45  INFO      core.mover  MOVE  C:\Users\sippa\Desktop\photo_test - Copy (2)\20180108_094916.jpg  =>  C:\Users\sippa\Desktop\destination_folder_test\Photos\Samsung Galaxy Note 8\2018\01_January\20180108_094916.jpg
2026-04-24 03:09:45  INFO      core.mover  MOVE  C:\Users\sippa\Desktop\photo_test - Copy (2)\20180112_185251.jpg  =>  C:\Users\sippa\Desktop\destination_folder_test\Photos\Samsung Galaxy Note 8\2018\01_January\20180112_185251.jpg
2026-04-24 03:09:45  INFO      core.mover  MOVE  C:\Users\sippa\Desktop\photo_test - Copy (2)\20180120_125333.jpg  =>  C:\Users\sippa\Desktop\destination_folder_test\Photos\Samsung Galaxy Note 8\2018\01_January\20180120_125333.jpg
2026-04-24 03:09:45  INFO      core.mover  MOVE  C:\Users\sippa\Desktop\photo_test - Copy (2)\20180120_125336.jpg  =>  C:\Users\sippa\Desktop\destination_folder_test\Photos\Samsung Galaxy Note 8\2018\01_January\20180120_125336.jpg
2026-04-24 03:09:45  INFO      core.mover  MOVE  C:\Users\sippa\Desktop\photo_test - Copy (2)\20200213_094515.mp4  =>  C:\Users\sippa\Desktop\destination_folder_test\Videos\Android Camera\2020\02_February\20200213_094515.mp4
2026-04-24 03:09:45  INFO      core.mover  MOVE  C:\Users\sippa\Desktop\photo_test - Copy (2)\20200227_081540.mp4  =>  C:\Users\sippa\Desktop\destination_folder_test\Videos\Android Camera\2020\02_February\20200227_081540.mp4
2026-04-24 03:09:45  INFO      core.mover  MOVE  C:\Users\sippa\Desktop\photo_test - Copy (2)\20200624_193426.mp4  =>  C:\Users\sippa\Desktop\destination_folder_test\Videos\Android Camera\2020\06_June\20200624_193426.mp4
2026-04-24 03:09:45  INFO      core.mover  MOVE  C:\Users\sippa\Desktop\photo_test - Copy (2)\20230730_170149.jpg  =>  C:\Users\sippa\Desktop\destination_folder_test\Photos\Samsung Galaxy Note 8\2023\07_July\20230730_170149.jpg
2026-04-24 03:09:45  INFO      core.mover  MOVE  C:\Users\sippa\Desktop\photo_test - Copy (2)\20230730_174024.jpg  =>  C:\Users\sippa\Desktop\destination_folder_test\Photos\Samsung Galaxy Note 8\2023\07_July\20230730_174024.jpg
2026-04-24 03:09:45  INFO      core.mover  MOVE  C:\Users\sippa\Desktop\photo_test - Copy (2)\20230730_174030.jpg  =>  C:\Users\sippa\Desktop\destination_folder_test\Photos\Samsung Galaxy Note 8\2023\07_July\20230730_174030.jpg
2026-04-24 03:09:45  INFO      core.mover  MOVE  C:\Users\sippa\Desktop\photo_test - Copy (2)\20230731_172322.mp4  =>  C:\Users\sippa\Desktop\destination_folder_test\Videos\Android Camera\2023\07_July\20230731_172322.mp4
2026-04-24 03:09:45  INFO      core.mover  MOVE  C:\Users\sippa\Desktop\photo_test - Copy (2)\20260306_070840.jpg  =>  C:\Users\sippa\Desktop\destination_folder_test\Photos\Samsung Galaxy S25 Ultra\2026\03_March\20260306_070840.jpg
2026-04-24 03:09:45  INFO      core.mover  MOVE  C:\Users\sippa\Desktop\photo_test - Copy (2)\20260306_070844.jpg  =>  C:\Users\sippa\Desktop\destination_folder_test\Photos\Samsung Galaxy S25 Ultra\2026\03_March\20260306_070844.jpg
2026-04-24 03:09:45  INFO      core.mover  MOVE  C:\Users\sippa\Desktop\photo_test - Copy (2)\20260306_082037.jpg  =>  C:\Users\sippa\Desktop\destination_folder_test\Photos\Samsung Galaxy S25 Ultra\2026\03_March\20260306_082037.jpg
2026-04-24 03:09:45  INFO      core.mover  MOVE  C:\Users\sippa\Desktop\photo_test - Copy (2)\20260306_082039.jpg  =>  C:\Users\sippa\Desktop\destination_folder_test\Photos\Samsung Galaxy S25 Ultra\2026\03_March\20260306_082039.jpg
2026-04-24 03:09:45  INFO      core.mover  MOVE  C:\Users\sippa\Desktop\photo_test - Copy (2)\20260306_132126.jpg  =>  C:\Users\sippa\Desktop\destination_folder_test\Photos\Samsung Galaxy S25 Ultra\2026\03_March\20260306_132126.jpg
2026-04-24 03:09:45  INFO      core.mover  MOVE  C:\Users\sippa\Desktop\photo_test - Copy (2)\20260306_132128.jpg  =>  C:\Users\sippa\Desktop\destination_folder_test\Photos\Samsung Galaxy S25 Ultra\2026\03_March\20260306_132128.jpg
2026-04-24 03:09:45  INFO      core.mover  MOVE  C:\Users\sippa\Desktop\photo_test - Copy (2)\A7I07804.JPG  =>  C:\Users\sippa\Desktop\destination_folder_test\Photos\Sony A7 II\2022\12_December\A7I07804.JPG
2026-04-24 03:09:45  INFO      core.mover  MOVE  C:\Users\sippa\Desktop\photo_test - Copy (2)\A7I07823.JPG  =>  C:\Users\sippa\Desktop\destination_folder_test\Photos\Sony A7 II\2022\12_December\A7I07823.JPG
2026-04-24 03:09:45  INFO      core.mover  MOVE  C:\Users\sippa\Desktop\photo_test - Copy (2)\A7I07826.JPG  =>  C:\Users\sippa\Desktop\destination_folder_test\Photos\Sony A7 II\2022\12_December\A7I07826.JPG
2026-04-24 03:09:46  INFO      core.mover  MOVE  C:\Users\sippa\Desktop\photo_test - Copy (2)\A7I07833.JPG  =>  C:\Users\sippa\Desktop\destination_folder_test\Photos\Sony A7 II\2022\12_December\A7I07833.JPG
2026-04-24 03:09:46  INFO      core.mover  MOVE  C:\Users\sippa\Desktop\photo_test - Copy (2)\A7I07835.JPG  =>  C:\Users\sippa\Desktop\destination_folder_test\Photos\Sony A7 II\2022\12_December\A7I07835.JPG
2026-04-24 03:09:46  INFO      core.mover  MOVE  C:\Users\sippa\Desktop\photo_test - Copy (2)\A7I07989.JPG  =>  C:\Users\sippa\Desktop\destination_folder_test\Photos\Sony A7 II\2022\12_December\A7I07989.JPG
2026-04-24 03:09:46  INFO      core.mover  MOVE  C:\Users\sippa\Desktop\photo_test - Copy (2)\C0322.MP4  =>  C:\Users\sippa\Desktop\destination_folder_test\Videos\Panasonic Lumix\2020\09_September\C0322.MP4
2026-04-24 03:09:46  INFO      core.mover  MOVE  C:\Users\sippa\Desktop\photo_test - Copy (2)\C0526.MP4  =>  C:\Users\sippa\Desktop\destination_folder_test\Videos\Panasonic Lumix\2020\12_December\C0526.MP4
2026-04-24 03:09:46  INFO      core.mover  MOVE  C:\Users\sippa\Desktop\photo_test - Copy (2)\C1640.MP4  =>  C:\Users\sippa\Desktop\destination_folder_test\Videos\Panasonic Lumix\2022\10_October\C1640.MP4
2026-04-24 03:09:46  INFO      core.mover  MOVE  C:\Users\sippa\Desktop\photo_test - Copy (2)\DJI_0890.JPG  =>  C:\Users\sippa\Desktop\destination_folder_test\Photos\DJI Spark\2020\12_December\DJI_0890.JPG
2026-04-24 03:09:46  INFO      core.mover  MOVE  C:\Users\sippa\Desktop\photo_test - Copy (2)\DJI_0891.JPG  =>  C:\Users\sippa\Desktop\destination_folder_test\Photos\DJI Spark\2020\12_December\DJI_0891.JPG
2026-04-24 03:09:46  INFO      core.mover  MOVE  C:\Users\sippa\Desktop\photo_test - Copy (2)\DJI_0892.JPG  =>  C:\Users\sippa\Desktop\destination_folder_test\Photos\DJI Spark\2020\12_December\DJI_0892.JPG
2026-04-24 03:09:46  INFO      core.mover  MOVE  C:\Users\sippa\Desktop\photo_test - Copy (2)\DJI_0914.MP4  =>  C:\Users\sippa\Desktop\destination_folder_test\Videos\DJI Drone\2021\01_January\DJI_0914.MP4
2026-04-24 03:09:46  INFO      core.mover  MOVE  C:\Users\sippa\Desktop\photo_test - Copy (2)\DJI_0959.JPG  =>  C:\Users\sippa\Desktop\destination_folder_test\Photos\DJI Spark\2023\01_January\DJI_0959.JPG
2026-04-24 03:09:46  INFO      core.mover  MOVE  C:\Users\sippa\Desktop\photo_test - Copy (2)\DJI_1292.MP4  =>  C:\Users\sippa\Desktop\destination_folder_test\Videos\DJI Drone\2026\04_April\DJI_1292.MP4
2026-04-24 03:09:46  INFO      core.mover  MOVE  C:\Users\sippa\Desktop\photo_test - Copy (2)\DJI_1295.JPG  =>  C:\Users\sippa\Desktop\destination_folder_test\Photos\DJI Spark\2026\04_April\DJI_1295.JPG
2026-04-24 03:09:46  INFO      core.mover  MOVE  C:\Users\sippa\Desktop\photo_test - Copy (2)\DJI_1296.JPG  =>  C:\Users\sippa\Desktop\destination_folder_test\Photos\DJI Spark\2026\04_April\DJI_1296.JPG
2026-04-24 03:09:46  INFO      core.mover  MOVE  C:\Users\sippa\Desktop\photo_test - Copy (2)\DSC02383.JPG  =>  C:\Users\sippa\Desktop\destination_folder_test\Photos\Sony FDR-AX33\2023\04_April\DSC02383.JPG
2026-04-24 03:09:46  INFO      core.mover  MOVE  C:\Users\sippa\Desktop\photo_test - Copy (2)\DSC02403.JPG  =>  C:\Users\sippa\Desktop\destination_folder_test\Photos\Sony FDR-AX33\2023\04_April\DSC02403.JPG
2026-04-24 03:09:46  INFO      core.mover  MOVE  C:\Users\sippa\Desktop\photo_test - Copy (2)\DSC02427.JPG  =>  C:\Users\sippa\Desktop\destination_folder_test\Photos\Sony FDR-AX33\2023\04_April\DSC02427.JPG
2026-04-24 03:09:46  INFO      core.mover  MOVE  C:\Users\sippa\Desktop\photo_test - Copy (2)\DSC02447.JPG  =>  C:\Users\sippa\Desktop\destination_folder_test\Photos\Sony FDR-AX33\2023\04_April\DSC02447.JPG
2026-04-24 03:09:46  INFO      core.mover  MOVE  C:\Users\sippa\Desktop\photo_test - Copy (2)\DSC02460.JPG  =>  C:\Users\sippa\Desktop\destination_folder_test\Photos\Sony FDR-AX33\2023\04_April\DSC02460.JPG
2026-04-24 03:09:46  INFO      core.mover  MOVE  C:\Users\sippa\Desktop\photo_test - Copy (2)\DSC02462.JPG  =>  C:\Users\sippa\Desktop\destination_folder_test\Photos\Sony FDR-AX33\2023\04_April\DSC02462.JPG
2026-04-24 03:09:46  INFO      core.mover  MOVE  C:\Users\sippa\Desktop\photo_test - Copy (2)\FB_IMG_1610886602794.jpg  =>  C:\Users\sippa\Desktop\destination_folder_test\Photos\Facebook\2021\01_January\FB_IMG_1610886602794.jpg
2026-04-24 03:09:47  INFO      core.mover  MOVE  C:\Users\sippa\Desktop\photo_test - Copy (2)\FB_IMG_1610978846038.jpg  =>  C:\Users\sippa\Desktop\destination_folder_test\Photos\Facebook\2021\01_January\FB_IMG_1610978846038.jpg
2026-04-24 03:09:47  INFO      core.mover  MOVE  C:\Users\sippa\Desktop\photo_test - Copy (2)\FB_IMG_1611486097513.jpg  =>  C:\Users\sippa\Desktop\destination_folder_test\Photos\Facebook\2021\01_January\FB_IMG_1611486097513.jpg
2026-04-24 03:09:47  INFO      core.mover  MOVE  C:\Users\sippa\Desktop\photo_test - Copy (2)\FB_IMG_1611898136859.jpg  =>  C:\Users\sippa\Desktop\destination_folder_test\Photos\Facebook\2021\01_January\FB_IMG_1611898136859.jpg
2026-04-24 03:09:47  INFO      core.mover  MOVE  C:\Users\sippa\Desktop\photo_test - Copy (2)\FB_IMG_1612071086257.jpg  =>  C:\Users\sippa\Desktop\destination_folder_test\Photos\Facebook\2021\01_January\FB_IMG_1612071086257.jpg
2026-04-24 03:09:47  INFO      core.mover  MOVE  C:\Users\sippa\Desktop\photo_test - Copy (2)\FB_IMG_1613374817091.jpg  =>  C:\Users\sippa\Desktop\destination_folder_test\Photos\Facebook\2021\02_February\FB_IMG_1613374817091.jpg
2026-04-24 03:09:47  INFO      core.mover  MOVE  C:\Users\sippa\Desktop\photo_test - Copy (2)\FB_IMG_1613999273542.jpg  =>  C:\Users\sippa\Desktop\destination_folder_test\Photos\Facebook\2021\02_February\FB_IMG_1613999273542.jpg
2026-04-24 03:09:47  INFO      core.mover  MOVE  C:\Users\sippa\Desktop\photo_test - Copy (2)\FB_IMG_1614128489222.jpg  =>  C:\Users\sippa\Desktop\destination_folder_test\Photos\Facebook\2021\02_February\FB_IMG_1614128489222.jpg
2026-04-24 03:09:47  INFO      core.mover  MOVE  C:\Users\sippa\Desktop\photo_test - Copy (2)\FB_IMG_1614495158485.jpg  =>  C:\Users\sippa\Desktop\destination_folder_test\Photos\Facebook\2021\02_February\FB_IMG_1614495158485.jpg
2026-04-24 03:09:47  INFO      core.mover  MOVE  C:\Users\sippa\Desktop\photo_test - Copy (2)\FB_IMG_1614771485590.jpg  =>  C:\Users\sippa\Desktop\destination_folder_test\Photos\Facebook\2021\03_March\FB_IMG_1614771485590.jpg
2026-04-24 03:09:47  INFO      core.mover  MOVE  C:\Users\sippa\Desktop\photo_test - Copy (2)\FB_IMG_1614776237701.jpg  =>  C:\Users\sippa\Desktop\destination_folder_test\Photos\Facebook\2021\03_March\FB_IMG_1614776237701.jpg
2026-04-24 03:09:47  INFO      core.mover  MOVE  C:\Users\sippa\Desktop\photo_test - Copy (2)\FB_IMG_1614865539175.jpg  =>  C:\Users\sippa\Desktop\destination_folder_test\Photos\Facebook\2021\03_March\FB_IMG_1614865539175.jpg
2026-04-24 03:09:47  INFO      core.mover  MOVE  C:\Users\sippa\Desktop\photo_test - Copy (2)\FB_IMG_1614915905520.jpg  =>  C:\Users\sippa\Desktop\destination_folder_test\Photos\Facebook\2021\03_March\FB_IMG_1614915905520.jpg
2026-04-24 03:09:47  INFO      core.mover  MOVE  C:\Users\sippa\Desktop\photo_test - Copy (2)\FB_IMG_1615025595566.jpg  =>  C:\Users\sippa\Desktop\destination_folder_test\Photos\Facebook\2021\03_March\FB_IMG_1615025595566.jpg
2026-04-24 03:09:47  INFO      core.mover  MOVE  C:\Users\sippa\Desktop\photo_test - Copy (2)\FB_IMG_1615514453996.jpg  =>  C:\Users\sippa\Desktop\destination_folder_test\Photos\Facebook\2021\03_March\FB_IMG_1615514453996.jpg
2026-04-24 03:09:47  INFO      core.mover  MOVE  C:\Users\sippa\Desktop\photo_test - Copy (2)\FB_IMG_1615530520541.jpg  =>  C:\Users\sippa\Desktop\destination_folder_test\Photos\Facebook\2021\03_March\FB_IMG_1615530520541.jpg
2026-04-24 03:09:47  INFO      core.mover  MOVE  C:\Users\sippa\Desktop\photo_test - Copy (2)\FB_IMG_1615530528077.jpg  =>  C:\Users\sippa\Desktop\destination_folder_test\Photos\Facebook\2021\03_March\FB_IMG_1615530528077.jpg
2026-04-24 03:09:47  INFO      core.mover  MOVE  C:\Users\sippa\Desktop\photo_test - Copy (2)\FB_IMG_1615768292470.jpg  =>  C:\Users\sippa\Desktop\destination_folder_test\Photos\Facebook\2021\03_March\FB_IMG_1615768292470.jpg
2026-04-24 03:09:47  INFO      core.mover  MOVE  C:\Users\sippa\Desktop\photo_test - Copy (2)\FB_IMG_1615768294845.jpg  =>  C:\Users\sippa\Desktop\destination_folder_test\Photos\Facebook\2021\03_March\FB_IMG_1615768294845.jpg
2026-04-24 03:09:47  INFO      core.mover  MOVE  C:\Users\sippa\Desktop\photo_test - Copy (2)\FB_IMG_1615768296975.jpg  =>  C:\Users\sippa\Desktop\destination_folder_test\Photos\Facebook\2021\03_March\FB_IMG_1615768296975.jpg
2026-04-24 03:09:47  INFO      core.mover  MOVE  C:\Users\sippa\Desktop\photo_test - Copy (2)\FB_IMG_1615768299212.jpg  =>  C:\Users\sippa\Desktop\destination_folder_test\Photos\Facebook\2021\03_March\FB_IMG_1615768299212.jpg
2026-04-24 03:09:47  INFO      core.mover  MOVE  C:\Users\sippa\Desktop\photo_test - Copy (2)\FB_IMG_1615768301847.jpg  =>  C:\Users\sippa\Desktop\destination_folder_test\Photos\Facebook\2021\03_March\FB_IMG_1615768301847.jpg
2026-04-24 03:09:47  INFO      core.mover  MOVE  C:\Users\sippa\Desktop\photo_test - Copy (2)\FB_IMG_1615768305498.jpg  =>  C:\Users\sippa\Desktop\destination_folder_test\Photos\Facebook\2021\03_March\FB_IMG_1615768305498.jpg
2026-04-24 03:09:47  INFO      core.mover  MOVE  C:\Users\sippa\Desktop\photo_test - Copy (2)\FB_IMG_1616400261556.jpg  =>  C:\Users\sippa\Desktop\destination_folder_test\Photos\Facebook\2021\03_March\FB_IMG_1616400261556.jpg
2026-04-24 03:09:47  INFO      core.mover  MOVE  C:\Users\sippa\Desktop\photo_test - Copy (2)\FB_IMG_1616588202981.jpg  =>  C:\Users\sippa\Desktop\destination_folder_test\Photos\Facebook\2021\03_March\FB_IMG_1616588202981.jpg
2026-04-24 03:09:47  INFO      core.mover  MOVE  C:\Users\sippa\Desktop\photo_test - Copy (2)\FB_IMG_1616918172165.jpg  =>  C:\Users\sippa\Desktop\destination_folder_test\Photos\Facebook\2021\03_March\FB_IMG_1616918172165.jpg
2026-04-24 03:09:47  INFO      core.mover  MOVE  C:\Users\sippa\Desktop\photo_test - Copy (2)\FB_IMG_1616918175756.jpg  =>  C:\Users\sippa\Desktop\destination_folder_test\Photos\Facebook\2021\03_March\FB_IMG_1616918175756.jpg
2026-04-24 03:09:47  INFO      core.mover  MOVE  C:\Users\sippa\Desktop\photo_test - Copy (2)\FB_IMG_1618041578519.jpg  =>  C:\Users\sippa\Desktop\destination_folder_test\Photos\Facebook\2021\04_April\FB_IMG_1618041578519.jpg
2026-04-24 03:09:47  INFO      core.mover  MOVE  C:\Users\sippa\Desktop\photo_test - Copy (2)\FB_IMG_1618456115721.jpg  =>  C:\Users\sippa\Desktop\destination_folder_test\Photos\Facebook\2021\04_April\FB_IMG_1618456115721.jpg
2026-04-24 03:09:47  INFO      core.mover  MOVE  C:\Users\sippa\Desktop\photo_test - Copy (2)\FB_IMG_1618625350020.jpg  =>  C:\Users\sippa\Desktop\destination_folder_test\Photos\Facebook\2021\04_April\FB_IMG_1618625350020.jpg
2026-04-24 03:09:47  INFO      core.mover  MOVE  C:\Users\sippa\Desktop\photo_test - Copy (2)\FB_IMG_1618625355355.jpg  =>  C:\Users\sippa\Desktop\destination_folder_test\Photos\Facebook\2021\04_April\FB_IMG_1618625355355.jpg
2026-04-24 03:09:47  INFO      core.mover  MOVE  C:\Users\sippa\Desktop\photo_test - Copy (2)\FB_IMG_1618842604396.jpg  =>  C:\Users\sippa\Desktop\destination_folder_test\Photos\Facebook\2021\04_April\FB_IMG_1618842604396.jpg
2026-04-24 03:09:47  INFO      core.mover  MOVE  C:\Users\sippa\Desktop\photo_test - Copy (2)\FB_IMG_1618899721741.jpg  =>  C:\Users\sippa\Desktop\destination_folder_test\Photos\Facebook\2021\04_April\FB_IMG_1618899721741.jpg
2026-04-24 03:09:47  INFO      core.mover  MOVE  C:\Users\sippa\Desktop\photo_test - Copy (2)\FB_IMG_1619160306874.jpg  =>  C:\Users\sippa\Desktop\destination_folder_test\Photos\Facebook\2021\04_April\FB_IMG_1619160306874.jpg
2026-04-24 03:09:47  INFO      core.mover  MOVE  C:\Users\sippa\Desktop\photo_test - Copy (2)\FB_IMG_1619160312469.jpg  =>  C:\Users\sippa\Desktop\destination_folder_test\Photos\Facebook\2021\04_April\FB_IMG_1619160312469.jpg
2026-04-24 03:09:47  INFO      core.mover  MOVE  C:\Users\sippa\Desktop\photo_test - Copy (2)\FB_IMG_1619244251396.jpg  =>  C:\Users\sippa\Desktop\destination_folder_test\Photos\Facebook\2021\04_April\FB_IMG_1619244251396.jpg
2026-04-24 03:09:47  INFO      core.mover  MOVE  C:\Users\sippa\Desktop\photo_test - Copy (2)\FB_IMG_1619361153010.jpg  =>  C:\Users\sippa\Desktop\destination_folder_test\Photos\Facebook\2021\04_April\FB_IMG_1619361153010.jpg
2026-04-24 03:09:47  INFO      core.mover  MOVE  C:\Users\sippa\Desktop\photo_test - Copy (2)\FB_IMG_1619776600282.jpg  =>  C:\Users\sippa\Desktop\destination_folder_test\Photos\Facebook\2021\04_April\FB_IMG_1619776600282.jpg
2026-04-24 03:09:47  INFO      core.mover  MOVE  C:\Users\sippa\Desktop\photo_test - Copy (2)\FB_IMG_1619930641041.jpg  =>  C:\Users\sippa\Desktop\destination_folder_test\Photos\Facebook\2021\05_May\FB_IMG_1619930641041.jpg
2026-04-24 03:09:47  INFO      core.mover  MOVE  C:\Users\sippa\Desktop\photo_test - Copy (2)\FB_IMG_1619930660810.jpg  =>  C:\Users\sippa\Desktop\destination_folder_test\Photos\Facebook\2021\05_May\FB_IMG_1619930660810.jpg
2026-04-24 03:09:47  INFO      core.mover  MOVE  C:\Users\sippa\Desktop\photo_test - Copy (2)\FB_IMG_1619930685988.jpg  =>  C:\Users\sippa\Desktop\destination_folder_test\Photos\Facebook\2021\05_May\FB_IMG_1619930685988.jpg
2026-04-24 03:09:47  INFO      core.mover  MOVE  C:\Users\sippa\Desktop\photo_test - Copy (2)\FB_IMG_1619970194614.jpg  =>  C:\Users\sippa\Desktop\destination_folder_test\Photos\Facebook\2021\05_May\FB_IMG_1619970194614.jpg
2026-04-24 03:09:47  INFO      core.mover  MOVE  C:\Users\sippa\Desktop\photo_test - Copy (2)\FB_IMG_1620050153735.jpg  =>  C:\Users\sippa\Desktop\destination_folder_test\Photos\Facebook\2021\05_May\FB_IMG_1620050153735.jpg
2026-04-24 03:09:47  INFO      core.mover  MOVE  C:\Users\sippa\Desktop\photo_test - Copy (2)\FB_IMG_1620274269356.jpg  =>  C:\Users\sippa\Desktop\destination_folder_test\Photos\Facebook\2021\05_May\FB_IMG_1620274269356.jpg
2026-04-24 03:09:47  INFO      core.mover  MOVE  C:\Users\sippa\Desktop\photo_test - Copy (2)\FB_IMG_1620282147781.jpg  =>  C:\Users\sippa\Desktop\destination_folder_test\Photos\Facebook\2021\05_May\FB_IMG_1620282147781.jpg
2026-04-24 03:09:47  INFO      core.mover  MOVE  C:\Users\sippa\Desktop\photo_test - Copy (2)\FB_IMG_1620715456938.jpg  =>  C:\Users\sippa\Desktop\destination_folder_test\Photos\Facebook\2021\05_May\FB_IMG_1620715456938.jpg
2026-04-24 03:09:47  INFO      core.mover  MOVE  C:\Users\sippa\Desktop\photo_test - Copy (2)\FB_IMG_1620787788997.jpg  =>  C:\Users\sippa\Desktop\destination_folder_test\Photos\Facebook\2021\05_May\FB_IMG_1620787788997.jpg
2026-04-24 03:09:47  INFO      core.mover  MOVE  C:\Users\sippa\Desktop\photo_test - Copy (2)\FB_IMG_1620787803147.jpg  =>  C:\Users\sippa\Desktop\destination_folder_test\Photos\Facebook\2021\05_May\FB_IMG_1620787803147.jpg
2026-04-24 03:09:47  INFO      core.mover  MOVE  C:\Users\sippa\Desktop\photo_test - Copy (2)\FB_IMG_1621136854904.jpg  =>  C:\Users\sippa\Desktop\destination_folder_test\Photos\Facebook\2021\05_May\FB_IMG_1621136854904.jpg
2026-04-24 03:09:47  INFO      core.mover  MOVE  C:\Users\sippa\Desktop\photo_test - Copy (2)\FB_IMG_1621372923787.jpg  =>  C:\Users\sippa\Desktop\destination_folder_test\Photos\Facebook\2021\05_May\FB_IMG_1621372923787.jpg
2026-04-24 03:09:47  INFO      core.mover  MOVE  C:\Users\sippa\Desktop\photo_test - Copy (2)\FB_IMG_1621561840556.jpg  =>  C:\Users\sippa\Desktop\destination_folder_test\Photos\Facebook\2021\05_May\FB_IMG_1621561840556.jpg
2026-04-24 03:09:47  INFO      core.mover  MOVE  C:\Users\sippa\Desktop\photo_test - Copy (2)\FB_IMG_1621572203015.jpg  =>  C:\Users\sippa\Desktop\destination_folder_test\Photos\Facebook\2021\05_May\FB_IMG_1621572203015.jpg
2026-04-24 03:09:47  INFO      core.mover  MOVE  C:\Users\sippa\Desktop\photo_test - Copy (2)\FB_IMG_1621655594649.jpg  =>  C:\Users\sippa\Desktop\destination_folder_test\Photos\Facebook\2021\05_May\FB_IMG_1621655594649.jpg
2026-04-24 03:09:47  INFO      core.mover  MOVE  C:\Users\sippa\Desktop\photo_test - Copy (2)\FB_IMG_1621831348180.jpg  =>  C:\Users\sippa\Desktop\destination_folder_test\Photos\Facebook\2021\05_May\FB_IMG_1621831348180.jpg
2026-04-24 03:09:47  INFO      core.mover  MOVE  C:\Users\sippa\Desktop\photo_test - Copy (2)\FB_IMG_1621848499759.jpg  =>  C:\Users\sippa\Desktop\destination_folder_test\Photos\Facebook\2021\05_May\FB_IMG_1621848499759.jpg
2026-04-24 03:09:47  INFO      core.mover  MOVE  C:\Users\sippa\Desktop\photo_test - Copy (2)\FB_IMG_1622323782060.jpg  =>  C:\Users\sippa\Desktop\destination_folder_test\Photos\Facebook\2021\05_May\FB_IMG_1622323782060.jpg
2026-04-24 03:09:47  INFO      core.mover  MOVE  C:\Users\sippa\Desktop\photo_test - Copy (2)\FB_IMG_1622325473985.jpg  =>  C:\Users\sippa\Desktop\destination_folder_test\Photos\Facebook\2021\05_May\FB_IMG_1622325473985.jpg
2026-04-24 03:09:47  INFO      core.mover  MOVE  C:\Users\sippa\Desktop\photo_test - Copy (2)\FB_IMG_1622325644882.jpg  =>  C:\Users\sippa\Desktop\destination_folder_test\Photos\Facebook\2021\05_May\FB_IMG_1622325644882.jpg
2026-04-24 03:09:47  INFO      core.mover  MOVE  C:\Users\sippa\Desktop\photo_test - Copy (2)\FB_IMG_1622325738403.jpg  =>  C:\Users\sippa\Desktop\destination_folder_test\Photos\Facebook\2021\05_May\FB_IMG_1622325738403.jpg
2026-04-24 03:09:47  INFO      core.mover  MOVE  C:\Users\sippa\Desktop\photo_test - Copy (2)\FB_IMG_1622325841435.jpg  =>  C:\Users\sippa\Desktop\destination_folder_test\Photos\Facebook\2021\05_May\FB_IMG_1622325841435.jpg
2026-04-24 03:09:47  INFO      core.mover  MOVE  C:\Users\sippa\Desktop\photo_test - Copy (2)\FB_IMG_1622373136478.jpg  =>  C:\Users\sippa\Desktop\destination_folder_test\Photos\Facebook\2021\05_May\FB_IMG_1622373136478.jpg
2026-04-24 03:09:47  INFO      core.mover  MOVE  C:\Users\sippa\Desktop\photo_test - Copy (2)\FB_IMG_1622453947143.jpg  =>  C:\Users\sippa\Desktop\destination_folder_test\Photos\Facebook\2021\05_May\FB_IMG_1622453947143.jpg
2026-04-24 03:09:47  INFO      core.mover  MOVE  C:\Users\sippa\Desktop\photo_test - Copy (2)\FB_IMG_1622467885452.jpg  =>  C:\Users\sippa\Desktop\destination_folder_test\Photos\Facebook\2021\05_May\FB_IMG_1622467885452.jpg
2026-04-24 03:09:47  INFO      core.mover  MOVE  C:\Users\sippa\Desktop\photo_test - Copy (2)\FB_IMG_1622475212335.jpg  =>  C:\Users\sippa\Desktop\destination_folder_test\Photos\Facebook\2021\05_May\FB_IMG_1622475212335.jpg
2026-04-24 03:09:47  INFO      core.mover  MOVE  C:\Users\sippa\Desktop\photo_test - Copy (2)\FB_IMG_1622479508198.jpg  =>  C:\Users\sippa\Desktop\destination_folder_test\Photos\Facebook\2021\05_May\FB_IMG_1622479508198.jpg
2026-04-24 03:09:47  INFO      core.mover  MOVE  C:\Users\sippa\Desktop\photo_test - Copy (2)\FB_IMG_1622700007326.jpg  =>  C:\Users\sippa\Desktop\destination_folder_test\Photos\Facebook\2021\06_June\FB_IMG_1622700007326.jpg
2026-04-24 03:09:47  INFO      core.mover  MOVE  C:\Users\sippa\Desktop\photo_test - Copy (2)\FB_IMG_1622796590372.jpg  =>  C:\Users\sippa\Desktop\destination_folder_test\Photos\Facebook\2021\06_June\FB_IMG_1622796590372.jpg
2026-04-24 03:09:47  INFO      core.mover  MOVE  C:\Users\sippa\Desktop\photo_test - Copy (2)\FB_IMG_1622969411071.jpg  =>  C:\Users\sippa\Desktop\destination_folder_test\Photos\Facebook\2021\06_June\FB_IMG_1622969411071.jpg
2026-04-24 03:09:47  INFO      core.mover  MOVE  C:\Users\sippa\Desktop\photo_test - Copy (2)\FB_IMG_1623162319868.jpg  =>  C:\Users\sippa\Desktop\destination_folder_test\Photos\Facebook\2021\06_June\FB_IMG_1623162319868.jpg
2026-04-24 03:09:47  INFO      core.mover  MOVE  C:\Users\sippa\Desktop\photo_test - Copy (2)\FB_IMG_1623163565451.jpg  =>  C:\Users\sippa\Desktop\destination_folder_test\Photos\Facebook\2021\06_June\FB_IMG_1623163565451.jpg
2026-04-24 03:09:47  INFO      core.mover  MOVE  C:\Users\sippa\Desktop\photo_test - Copy (2)\FB_IMG_1623495191744.jpg  =>  C:\Users\sippa\Desktop\destination_folder_test\Photos\Facebook\2021\06_June\FB_IMG_1623495191744.jpg
2026-04-24 03:09:47  INFO      core.mover  MOVE  C:\Users\sippa\Desktop\photo_test - Copy (2)\FB_IMG_1623559632776.jpg  =>  C:\Users\sippa\Desktop\destination_folder_test\Photos\Facebook\2021\06_June\FB_IMG_1623559632776.jpg
2026-04-24 03:09:47  INFO      core.mover  MOVE  C:\Users\sippa\Desktop\photo_test - Copy (2)\FB_IMG_1623635637586.jpg  =>  C:\Users\sippa\Desktop\destination_folder_test\Photos\Facebook\2021\06_June\FB_IMG_1623635637586.jpg
2026-04-24 03:09:47  INFO      core.mover  MOVE  C:\Users\sippa\Desktop\photo_test - Copy (2)\FB_IMG_1623839764971.jpg  =>  C:\Users\sippa\Desktop\destination_folder_test\Photos\Facebook\2021\06_June\FB_IMG_1623839764971.jpg
2026-04-24 03:09:47  INFO      core.mover  MOVE  C:\Users\sippa\Desktop\photo_test - Copy (2)\FB_IMG_1623839819157.jpg  =>  C:\Users\sippa\Desktop\destination_folder_test\Photos\Facebook\2021\06_June\FB_IMG_1623839819157.jpg
2026-04-24 03:09:47  INFO      core.mover  MOVE  C:\Users\sippa\Desktop\photo_test - Copy (2)\FB_IMG_1623839838499.jpg  =>  C:\Users\sippa\Desktop\destination_folder_test\Photos\Facebook\2021\06_June\FB_IMG_1623839838499.jpg
2026-04-24 03:09:47  INFO      core.mover  MOVE  C:\Users\sippa\Desktop\photo_test - Copy (2)\FB_IMG_1623839841647.jpg  =>  C:\Users\sippa\Desktop\destination_folder_test\Photos\Facebook\2021\06_June\FB_IMG_1623839841647.jpg
2026-04-24 03:09:47  INFO      core.mover  MOVE  C:\Users\sippa\Desktop\photo_test - Copy (2)\FB_IMG_1623839844029.jpg  =>  C:\Users\sippa\Desktop\destination_folder_test\Photos\Facebook\2021\06_June\FB_IMG_1623839844029.jpg
2026-04-24 03:09:47  INFO      core.mover  MOVE  C:\Users\sippa\Desktop\photo_test - Copy (2)\FB_IMG_1623849478314.jpg  =>  C:\Users\sippa\Desktop\destination_folder_test\Photos\Facebook\2021\06_June\FB_IMG_1623849478314.jpg
2026-04-24 03:09:47  INFO      core.mover  MOVE  C:\Users\sippa\Desktop\photo_test - Copy (2)\FB_IMG_1624160483647.jpg  =>  C:\Users\sippa\Desktop\destination_folder_test\Photos\Facebook\2021\06_June\FB_IMG_1624160483647.jpg
2026-04-24 03:09:47  INFO      core.mover  MOVE  C:\Users\sippa\Desktop\photo_test - Copy (2)\FB_IMG_1624160492923.jpg  =>  C:\Users\sippa\Desktop\destination_folder_test\Photos\Facebook\2021\06_June\FB_IMG_1624160492923.jpg
2026-04-24 03:09:47  INFO      core.mover  MOVE  C:\Users\sippa\Desktop\photo_test - Copy (2)\FB_IMG_1624160527258.jpg  =>  C:\Users\sippa\Desktop\destination_folder_test\Photos\Facebook\2021\06_June\FB_IMG_1624160527258.jpg
2026-04-24 03:09:47  INFO      core.mover  MOVE  C:\Users\sippa\Desktop\photo_test - Copy (2)\FB_IMG_1624160549465.jpg  =>  C:\Users\sippa\Desktop\destination_folder_test\Photos\Facebook\2021\06_June\FB_IMG_1624160549465.jpg
2026-04-24 03:09:47  INFO      core.mover  MOVE  C:\Users\sippa\Desktop\photo_test - Copy (2)\FB_IMG_1624160569880.jpg  =>  C:\Users\sippa\Desktop\destination_folder_test\Photos\Facebook\2021\06_June\FB_IMG_1624160569880.jpg
2026-04-24 03:09:47  INFO      core.mover  MOVE  C:\Users\sippa\Desktop\photo_test - Copy (2)\FB_IMG_1624160602014.jpg  =>  C:\Users\sippa\Desktop\destination_folder_test\Photos\Facebook\2021\06_June\FB_IMG_1624160602014.jpg
2026-04-24 03:09:47  INFO      core.mover  MOVE  C:\Users\sippa\Desktop\photo_test - Copy (2)\FB_IMG_1624160630260.jpg  =>  C:\Users\sippa\Desktop\destination_folder_test\Photos\Facebook\2021\06_June\FB_IMG_1624160630260.jpg
2026-04-24 03:09:47  INFO      core.mover  MOVE  C:\Users\sippa\Desktop\photo_test - Copy (2)\FB_IMG_1624535578732.jpg  =>  C:\Users\sippa\Desktop\destination_folder_test\Photos\Facebook\2021\06_June\FB_IMG_1624535578732.jpg
2026-04-24 03:09:47  INFO      core.mover  MOVE  C:\Users\sippa\Desktop\photo_test - Copy (2)\FB_IMG_1624786704258.jpg  =>  C:\Users\sippa\Desktop\destination_folder_test\Photos\Facebook\2021\06_June\FB_IMG_1624786704258.jpg
2026-04-24 03:09:47  INFO      core.mover  MOVE  C:\Users\sippa\Desktop\photo_test - Copy (2)\FB_IMG_1624790461520.jpg  =>  C:\Users\sippa\Desktop\destination_folder_test\Photos\Facebook\2021\06_June\FB_IMG_1624790461520.jpg
2026-04-24 03:09:47  INFO      core.mover  MOVE  C:\Users\sippa\Desktop\photo_test - Copy (2)\FB_IMG_1625033732451.jpg  =>  C:\Users\sippa\Desktop\destination_folder_test\Photos\Facebook\2021\06_June\FB_IMG_1625033732451.jpg
2026-04-24 03:09:47  INFO      core.mover  MOVE  C:\Users\sippa\Desktop\photo_test - Copy (2)\FB_IMG_1625321076759.jpg  =>  C:\Users\sippa\Desktop\destination_folder_test\Photos\Facebook\2021\07_July\FB_IMG_1625321076759.jpg
2026-04-24 03:09:47  INFO      core.mover  MOVE  C:\Users\sippa\Desktop\photo_test - Copy (2)\FB_IMG_1625536762607.jpg  =>  C:\Users\sippa\Desktop\destination_folder_test\Photos\Facebook\2021\07_July\FB_IMG_1625536762607.jpg
2026-04-24 03:09:47  INFO      core.mover  MOVE  C:\Users\sippa\Desktop\photo_test - Copy (2)\FB_IMG_1625544499558.jpg  =>  C:\Users\sippa\Desktop\destination_folder_test\Photos\Facebook\2021\07_July\FB_IMG_1625544499558.jpg
2026-04-24 03:09:47  INFO      core.mover  MOVE  C:\Users\sippa\Desktop\photo_test - Copy (2)\FB_IMG_1625544562014.jpg  =>  C:\Users\sippa\Desktop\destination_folder_test\Photos\Facebook\2021\07_July\FB_IMG_1625544562014.jpg
2026-04-24 03:09:47  INFO      core.mover  MOVE  C:\Users\sippa\Desktop\photo_test - Copy (2)\FB_IMG_1625544571220.jpg  =>  C:\Users\sippa\Desktop\destination_folder_test\Photos\Facebook\2021\07_July\FB_IMG_1625544571220.jpg
2026-04-24 03:09:47  INFO      core.mover  MOVE  C:\Users\sippa\Desktop\photo_test - Copy (2)\FB_IMG_1625935802503.jpg  =>  C:\Users\sippa\Desktop\destination_folder_test\Photos\Facebook\2021\07_July\FB_IMG_1625935802503.jpg
2026-04-24 03:09:47  INFO      core.mover  MOVE  C:\Users\sippa\Desktop\photo_test - Copy (2)\FB_IMG_1625935933720.jpg  =>  C:\Users\sippa\Desktop\destination_folder_test\Photos\Facebook\2021\07_July\FB_IMG_1625935933720.jpg
2026-04-24 03:09:47  INFO      core.mover  MOVE  C:\Users\sippa\Desktop\photo_test - Copy (2)\FB_IMG_1626269564118.jpg  =>  C:\Users\sippa\Desktop\destination_folder_test\Photos\Facebook\2021\07_July\FB_IMG_1626269564118.jpg
2026-04-24 03:09:47  INFO      core.mover  MOVE  C:\Users\sippa\Desktop\photo_test - Copy (2)\FB_IMG_1627001269969.jpg  =>  C:\Users\sippa\Desktop\destination_folder_test\Photos\Facebook\2021\07_July\FB_IMG_1627001269969.jpg
2026-04-24 03:09:47  INFO      core.mover  MOVE  C:\Users\sippa\Desktop\photo_test - Copy (2)\FB_IMG_1627116435630.jpg  =>  C:\Users\sippa\Desktop\destination_folder_test\Photos\Facebook\2021\07_July\FB_IMG_1627116435630.jpg
2026-04-24 03:09:47  INFO      core.mover  MOVE  C:\Users\sippa\Desktop\photo_test - Copy (2)\FB_IMG_1627188818970.jpg  =>  C:\Users\sippa\Desktop\destination_folder_test\Photos\Facebook\2021\07_July\FB_IMG_1627188818970.jpg
2026-04-24 03:09:47  INFO      core.mover  MOVE  C:\Users\sippa\Desktop\photo_test - Copy (2)\FB_IMG_1627268756737.jpg  =>  C:\Users\sippa\Desktop\destination_folder_test\Photos\Facebook\2021\07_July\FB_IMG_1627268756737.jpg
2026-04-24 03:09:47  INFO      core.mover  MOVE  C:\Users\sippa\Desktop\photo_test - Copy (2)\FB_IMG_1627817381582.jpg  =>  C:\Users\sippa\Desktop\destination_folder_test\Photos\Facebook\2021\08_August\FB_IMG_1627817381582.jpg
2026-04-24 03:09:47  INFO      core.mover  MOVE  C:\Users\sippa\Desktop\photo_test - Copy (2)\FB_IMG_1628006103025.jpg  =>  C:\Users\sippa\Desktop\destination_folder_test\Photos\Facebook\2021\08_August\FB_IMG_1628006103025.jpg
2026-04-24 03:09:47  INFO      core.mover  MOVE  C:\Users\sippa\Desktop\photo_test - Copy (2)\FB_IMG_1628006105692.jpg  =>  C:\Users\sippa\Desktop\destination_folder_test\Photos\Facebook\2021\08_August\FB_IMG_1628006105692.jpg
2026-04-24 03:09:47  INFO      core.mover  MOVE  C:\Users\sippa\Desktop\photo_test - Copy (2)\FB_IMG_1628006108037.jpg  =>  C:\Users\sippa\Desktop\destination_folder_test\Photos\Facebook\2021\08_August\FB_IMG_1628006108037.jpg
2026-04-24 03:09:47  INFO      core.mover  MOVE  C:\Users\sippa\Desktop\photo_test - Copy (2)\FB_IMG_1628528842615.jpg  =>  C:\Users\sippa\Desktop\destination_folder_test\Photos\Facebook\2021\08_August\FB_IMG_1628528842615.jpg
2026-04-24 03:09:47  INFO      core.mover  MOVE  C:\Users\sippa\Desktop\photo_test - Copy (2)\FB_IMG_1628737607591.jpg  =>  C:\Users\sippa\Desktop\destination_folder_test\Photos\Facebook\2021\08_August\FB_IMG_1628737607591.jpg
2026-04-24 03:09:47  INFO      core.mover  MOVE  C:\Users\sippa\Desktop\photo_test - Copy (2)\FB_IMG_1628816749698.jpg  =>  C:\Users\sippa\Desktop\destination_folder_test\Photos\Facebook\2021\08_August\FB_IMG_1628816749698.jpg
2026-04-24 03:09:47  INFO      core.mover  MOVE  C:\Users\sippa\Desktop\photo_test - Copy (2)\FB_IMG_1628865732905.jpg  =>  C:\Users\sippa\Desktop\destination_folder_test\Photos\Facebook\2021\08_August\FB_IMG_1628865732905.jpg
2026-04-24 03:09:47  INFO      core.mover  MOVE  C:\Users\sippa\Desktop\photo_test - Copy (2)\FB_IMG_1628868302500.jpg  =>  C:\Users\sippa\Desktop\destination_folder_test\Photos\Facebook\2021\08_August\FB_IMG_1628868302500.jpg
2026-04-24 03:09:47  INFO      core.mover  MOVE  C:\Users\sippa\Desktop\photo_test - Copy (2)\FB_IMG_1628913750818.jpg  =>  C:\Users\sippa\Desktop\destination_folder_test\Photos\Facebook\2021\08_August\FB_IMG_1628913750818.jpg
2026-04-24 03:09:47  INFO      core.mover  MOVE  C:\Users\sippa\Desktop\photo_test - Copy (2)\FB_IMG_1628917594131.jpg  =>  C:\Users\sippa\Desktop\destination_folder_test\Photos\Facebook\2021\08_August\FB_IMG_1628917594131.jpg
2026-04-24 03:09:47  INFO      core.mover  MOVE  C:\Users\sippa\Desktop\photo_test - Copy (2)\FB_IMG_1628917596504.jpg  =>  C:\Users\sippa\Desktop\destination_folder_test\Photos\Facebook\2021\08_August\FB_IMG_1628917596504.jpg
2026-04-24 03:09:47  INFO      core.mover  MOVE  C:\Users\sippa\Desktop\photo_test - Copy (2)\FB_IMG_1628917598590.jpg  =>  C:\Users\sippa\Desktop\destination_folder_test\Photos\Facebook\2021\08_August\FB_IMG_1628917598590.jpg
2026-04-24 03:09:47  INFO      core.mover  MOVE  C:\Users\sippa\Desktop\photo_test - Copy (2)\FB_IMG_1628917600969.jpg  =>  C:\Users\sippa\Desktop\destination_folder_test\Photos\Facebook\2021\08_August\FB_IMG_1628917600969.jpg
2026-04-24 03:09:47  INFO      core.mover  MOVE  C:\Users\sippa\Desktop\photo_test - Copy (2)\FB_IMG_1628917605042.jpg  =>  C:\Users\sippa\Desktop\destination_folder_test\Photos\Facebook\2021\08_August\FB_IMG_1628917605042.jpg
2026-04-24 03:09:47  INFO      core.mover  MOVE  C:\Users\sippa\Desktop\photo_test - Copy (2)\FB_IMG_1628917607465.jpg  =>  C:\Users\sippa\Desktop\destination_folder_test\Photos\Facebook\2021\08_August\FB_IMG_1628917607465.jpg
2026-04-24 03:09:47  INFO      core.mover  MOVE  C:\Users\sippa\Desktop\photo_test - Copy (2)\FB_IMG_1628985112639.jpg  =>  C:\Users\sippa\Desktop\destination_folder_test\Photos\Facebook\2021\08_August\FB_IMG_1628985112639.jpg
2026-04-24 03:09:47  INFO      core.mover  MOVE  C:\Users\sippa\Desktop\photo_test - Copy (2)\FB_IMG_1629611227433.jpg  =>  C:\Users\sippa\Desktop\destination_folder_test\Photos\Facebook\2021\08_August\FB_IMG_1629611227433.jpg
2026-04-24 03:09:47  INFO      core.mover  MOVE  C:\Users\sippa\Desktop\photo_test - Copy (2)\FB_IMG_1630376017799.jpg  =>  C:\Users\sippa\Desktop\destination_folder_test\Photos\Facebook\2021\08_August\FB_IMG_1630376017799.jpg
2026-04-24 03:09:47  INFO      core.mover  MOVE  C:\Users\sippa\Desktop\photo_test - Copy (2)\FB_IMG_1630378338646.jpg  =>  C:\Users\sippa\Desktop\destination_folder_test\Photos\Facebook\2021\08_August\FB_IMG_1630378338646.jpg
2026-04-24 03:09:47  INFO      core.mover  MOVE  C:\Users\sippa\Desktop\photo_test - Copy (2)\FB_IMG_1631425192265.jpg  =>  C:\Users\sippa\Desktop\destination_folder_test\Photos\Facebook\2021\09_September\FB_IMG_1631425192265.jpg
2026-04-24 03:09:47  INFO      core.mover  MOVE  C:\Users\sippa\Desktop\photo_test - Copy (2)\FB_IMG_1631906302246.jpg  =>  C:\Users\sippa\Desktop\destination_folder_test\Photos\Facebook\2021\09_September\FB_IMG_1631906302246.jpg
2026-04-24 03:09:47  INFO      core.mover  MOVE  C:\Users\sippa\Desktop\photo_test - Copy (2)\FB_IMG_1632441262440.jpg  =>  C:\Users\sippa\Desktop\destination_folder_test\Photos\Facebook\2021\09_September\FB_IMG_1632441262440.jpg
2026-04-24 03:09:47  INFO      core.mover  MOVE  C:\Users\sippa\Desktop\photo_test - Copy (2)\FB_IMG_1632754910486.jpg  =>  C:\Users\sippa\Desktop\destination_folder_test\Photos\Facebook\2021\09_September\FB_IMG_1632754910486.jpg
2026-04-24 03:09:47  INFO      core.mover  MOVE  C:\Users\sippa\Desktop\photo_test - Copy (2)\FB_IMG_1633418644449.jpg  =>  C:\Users\sippa\Desktop\destination_folder_test\Photos\Facebook\2021\10_October\FB_IMG_1633418644449.jpg
2026-04-24 03:09:47  INFO      core.mover  MOVE  C:\Users\sippa\Desktop\photo_test - Copy (2)\FB_IMG_1634438935238.jpg  =>  C:\Users\sippa\Desktop\destination_folder_test\Photos\Facebook\2021\10_October\FB_IMG_1634438935238.jpg
2026-04-24 03:09:47  INFO      core.mover  MOVE  C:\Users\sippa\Desktop\photo_test - Copy (2)\FB_IMG_1635790918796.jpg  =>  C:\Users\sippa\Desktop\destination_folder_test\Photos\Facebook\2021\11_November\FB_IMG_1635790918796.jpg
2026-04-24 03:09:48  INFO      core.mover  MOVE  C:\Users\sippa\Desktop\photo_test - Copy (2)\FB_IMG_1635790994295.jpg  =>  C:\Users\sippa\Desktop\destination_folder_test\Photos\Facebook\2021\11_November\FB_IMG_1635790994295.jpg
2026-04-24 03:09:48  INFO      core.mover  MOVE  C:\Users\sippa\Desktop\photo_test - Copy (2)\FB_IMG_1636647491309.jpg  =>  C:\Users\sippa\Desktop\destination_folder_test\Photos\Facebook\2021\11_November\FB_IMG_1636647491309.jpg
2026-04-24 03:09:48  INFO      core.mover  MOVE  C:\Users\sippa\Desktop\photo_test - Copy (2)\FB_IMG_1637159150973.jpg  =>  C:\Users\sippa\Desktop\destination_folder_test\Photos\Facebook\2021\11_November\FB_IMG_1637159150973.jpg
2026-04-24 03:09:48  INFO      core.mover  MOVE  C:\Users\sippa\Desktop\photo_test - Copy (2)\FB_IMG_1637159435061.jpg  =>  C:\Users\sippa\Desktop\destination_folder_test\Photos\Facebook\2021\11_November\FB_IMG_1637159435061.jpg
2026-04-24 03:09:48  INFO      core.mover  MOVE  C:\Users\sippa\Desktop\photo_test - Copy (2)\FB_IMG_1637231262467.jpg  =>  C:\Users\sippa\Desktop\destination_folder_test\Photos\Facebook\2021\11_November\FB_IMG_1637231262467.jpg
2026-04-24 03:09:48  INFO      core.mover  MOVE  C:\Users\sippa\Desktop\photo_test - Copy (2)\FB_IMG_1637504906304.jpg  =>  C:\Users\sippa\Desktop\destination_folder_test\Photos\Facebook\2021\11_November\FB_IMG_1637504906304.jpg
2026-04-24 03:09:48  INFO      core.mover  MOVE  C:\Users\sippa\Desktop\photo_test - Copy (2)\FB_IMG_1637980180374.jpg  =>  C:\Users\sippa\Desktop\destination_folder_test\Photos\Facebook\2021\11_November\FB_IMG_1637980180374.jpg
2026-04-24 03:09:48  INFO      core.mover  MOVE  C:\Users\sippa\Desktop\photo_test - Copy (2)\FB_IMG_1638679965982.jpg  =>  C:\Users\sippa\Desktop\destination_folder_test\Photos\Facebook\2021\12_December\FB_IMG_1638679965982.jpg
2026-04-24 03:09:48  INFO      core.mover  MOVE  C:\Users\sippa\Desktop\photo_test - Copy (2)\FB_IMG_1640288252972.jpg  =>  C:\Users\sippa\Desktop\destination_folder_test\Photos\Facebook\2021\12_December\FB_IMG_1640288252972.jpg
2026-04-24 03:09:48  INFO      core.mover  MOVE  C:\Users\sippa\Desktop\photo_test - Copy (2)\FB_IMG_1640514991849.jpg  =>  C:\Users\sippa\Desktop\destination_folder_test\Photos\Facebook\2021\12_December\FB_IMG_1640514991849.jpg
2026-04-24 03:09:48  INFO      core.mover  MOVE  C:\Users\sippa\Desktop\photo_test - Copy (2)\FB_IMG_1640855263846.jpg  =>  C:\Users\sippa\Desktop\destination_folder_test\Photos\Facebook\2021\12_December\FB_IMG_1640855263846.jpg
2026-04-24 03:09:48  INFO      core.mover  MOVE  C:\Users\sippa\Desktop\photo_test - Copy (2)\FB_IMG_1641445517930.jpg  =>  C:\Users\sippa\Desktop\destination_folder_test\Photos\Facebook\2022\01_January\FB_IMG_1641445517930.jpg
2026-04-24 03:09:48  INFO      core.mover  MOVE  C:\Users\sippa\Desktop\photo_test - Copy (2)\FB_IMG_1641704151198.jpg  =>  C:\Users\sippa\Desktop\destination_folder_test\Photos\Facebook\2022\01_January\FB_IMG_1641704151198.jpg
2026-04-24 03:09:48  INFO      core.mover  MOVE  C:\Users\sippa\Desktop\photo_test - Copy (2)\FB_IMG_1642410969667.jpg  =>  C:\Users\sippa\Desktop\destination_folder_test\Photos\Facebook\2022\01_January\FB_IMG_1642410969667.jpg
2026-04-24 03:09:48  INFO      core.mover  MOVE  C:\Users\sippa\Desktop\photo_test - Copy (2)\FB_IMG_1643434438784.jpg  =>  C:\Users\sippa\Desktop\destination_folder_test\Photos\Facebook\2022\01_January\FB_IMG_1643434438784.jpg
2026-04-24 03:09:48  INFO      core.mover  MOVE  C:\Users\sippa\Desktop\photo_test - Copy (2)\FB_IMG_1643816542993.jpg  =>  C:\Users\sippa\Desktop\destination_folder_test\Photos\Facebook\2022\02_February\FB_IMG_1643816542993.jpg
2026-04-24 03:09:48  INFO      core.mover  MOVE  C:\Users\sippa\Desktop\photo_test - Copy (2)\FB_IMG_1644695531344.jpg  =>  C:\Users\sippa\Desktop\destination_folder_test\Photos\Facebook\2022\02_February\FB_IMG_1644695531344.jpg
2026-04-24 03:09:48  INFO      core.mover  MOVE  C:\Users\sippa\Desktop\photo_test - Copy (2)\FB_IMG_1645109439095.jpg  =>  C:\Users\sippa\Desktop\destination_folder_test\Photos\Facebook\2022\02_February\FB_IMG_1645109439095.jpg
2026-04-24 03:09:48  INFO      core.mover  MOVE  C:\Users\sippa\Desktop\photo_test - Copy (2)\FB_IMG_1645716310134.jpg  =>  C:\Users\sippa\Desktop\destination_folder_test\Photos\Facebook\2022\02_February\FB_IMG_1645716310134.jpg
2026-04-24 03:09:48  INFO      core.mover  MOVE  C:\Users\sippa\Desktop\photo_test - Copy (2)\FB_IMG_1647058817455.jpg  =>  C:\Users\sippa\Desktop\destination_folder_test\Photos\Facebook\2022\03_March\FB_IMG_1647058817455.jpg
2026-04-24 03:09:48  INFO      core.mover  MOVE  C:\Users\sippa\Desktop\photo_test - Copy (2)\FB_IMG_1647085804573.jpg  =>  C:\Users\sippa\Desktop\destination_folder_test\Photos\Facebook\2022\03_March\FB_IMG_1647085804573.jpg
2026-04-24 03:09:48  INFO      core.mover  MOVE  C:\Users\sippa\Desktop\photo_test - Copy (2)\FB_IMG_1647745933134.jpg  =>  C:\Users\sippa\Desktop\destination_folder_test\Photos\Facebook\2022\03_March\FB_IMG_1647745933134.jpg
2026-04-24 03:09:48  INFO      core.mover  MOVE  C:\Users\sippa\Desktop\photo_test - Copy (2)\FB_IMG_1648009914551.jpg  =>  C:\Users\sippa\Desktop\destination_folder_test\Photos\Facebook\2022\03_March\FB_IMG_1648009914551.jpg
2026-04-24 03:09:48  INFO      core.mover  MOVE  C:\Users\sippa\Desktop\photo_test - Copy (2)\FB_IMG_1648009936992.jpg  =>  C:\Users\sippa\Desktop\destination_folder_test\Photos\Facebook\2022\03_March\FB_IMG_1648009936992.jpg
2026-04-24 03:09:48  INFO      core.mover  MOVE  C:\Users\sippa\Desktop\photo_test - Copy (2)\FB_IMG_1648444275397.jpg  =>  C:\Users\sippa\Desktop\destination_folder_test\Photos\Facebook\2022\03_March\FB_IMG_1648444275397.jpg
2026-04-24 03:09:48  INFO      core.mover  MOVE  C:\Users\sippa\Desktop\photo_test - Copy (2)\FB_IMG_1648444296132.jpg  =>  C:\Users\sippa\Desktop\destination_folder_test\Photos\Facebook\2022\03_March\FB_IMG_1648444296132.jpg
2026-04-24 03:09:48  INFO      core.mover  MOVE  C:\Users\sippa\Desktop\photo_test - Copy (2)\FB_IMG_1649934609426.jpg  =>  C:\Users\sippa\Desktop\destination_folder_test\Photos\Facebook\2022\04_April\FB_IMG_1649934609426.jpg
2026-04-24 03:09:48  INFO      core.mover  MOVE  C:\Users\sippa\Desktop\photo_test - Copy (2)\FB_IMG_1650216661518.jpg  =>  C:\Users\sippa\Desktop\destination_folder_test\Photos\Facebook\2022\04_April\FB_IMG_1650216661518.jpg
2026-04-24 03:09:48  INFO      core.mover  MOVE  C:\Users\sippa\Desktop\photo_test - Copy (2)\FB_IMG_1650468429353.jpg  =>  C:\Users\sippa\Desktop\destination_folder_test\Photos\Facebook\2022\04_April\FB_IMG_1650468429353.jpg
2026-04-24 03:09:48  INFO      core.mover  MOVE  C:\Users\sippa\Desktop\photo_test - Copy (2)\IMG_3698.JPG  =>  C:\Users\sippa\Desktop\destination_folder_test\Photos\Canon EOS RP\2025\04_April\IMG_3698.JPG
2026-04-24 03:09:48  INFO      core.mover  MOVE  C:\Users\sippa\Desktop\photo_test - Copy (2)\IMG_3740.JPG  =>  C:\Users\sippa\Desktop\destination_folder_test\Photos\Canon EOS RP\2025\04_April\IMG_3740.JPG
2026-04-24 03:09:48  INFO      core.mover  MOVE  C:\Users\sippa\Desktop\photo_test - Copy (2)\IMG_3741.JPG  =>  C:\Users\sippa\Desktop\destination_folder_test\Photos\Canon EOS RP\2025\04_April\IMG_3741.JPG
2026-04-24 03:09:48  INFO      core.mover  MOVE  C:\Users\sippa\Desktop\photo_test - Copy (2)\IMG_3750.JPG  =>  C:\Users\sippa\Desktop\destination_folder_test\Photos\Canon EOS RP\2025\04_April\IMG_3750.JPG
2026-04-24 03:09:48  INFO      core.mover  MOVE  C:\Users\sippa\Desktop\photo_test - Copy (2)\IMG_3751.JPG  =>  C:\Users\sippa\Desktop\destination_folder_test\Photos\Canon EOS RP\2025\04_April\IMG_3751.JPG
2026-04-24 03:09:48  INFO      core.mover  MOVE  C:\Users\sippa\Desktop\photo_test - Copy (2)\IMG_3759.JPG  =>  C:\Users\sippa\Desktop\destination_folder_test\Photos\Canon EOS RP\2025\04_April\IMG_3759.JPG
2026-04-24 03:09:48  INFO      core.mover  MOVE  C:\Users\sippa\Desktop\photo_test - Copy (2)\IMG_3760.JPG  =>  C:\Users\sippa\Desktop\destination_folder_test\Photos\Canon EOS RP\2025\04_April\IMG_3760.JPG
2026-04-24 03:09:48  INFO      core.mover  MOVE  C:\Users\sippa\Desktop\photo_test - Copy (2)\IMG_3849.JPG  =>  C:\Users\sippa\Desktop\destination_folder_test\Photos\Canon EOS RP\2025\04_April\IMG_3849.JPG
2026-04-24 03:09:48  INFO      core.mover  MOVE  C:\Users\sippa\Desktop\photo_test - Copy (2)\IMG_6410_0.jpg  =>  C:\Users\sippa\Desktop\destination_folder_test\Photos\Canon EOS RP\2026\02_February\IMG_6410_0.jpg
2026-04-24 03:09:48  INFO      core.mover  MOVE  C:\Users\sippa\Desktop\photo_test - Copy (2)\IMG_6411_0.jpg  =>  C:\Users\sippa\Desktop\destination_folder_test\Photos\Canon EOS RP\2026\02_February\IMG_6411_0.jpg
2026-04-24 03:09:48  INFO      core.mover  MOVE  C:\Users\sippa\Desktop\photo_test - Copy (2)\IMG_6412_0.jpg  =>  C:\Users\sippa\Desktop\destination_folder_test\Photos\Canon EOS RP\2026\02_February\IMG_6412_0.jpg
2026-04-24 03:09:48  INFO      core.mover  MOVE  C:\Users\sippa\Desktop\photo_test - Copy (2)\IMG_6414_0.jpg  =>  C:\Users\sippa\Desktop\destination_folder_test\Photos\Canon EOS RP\2026\02_February\IMG_6414_0.jpg
2026-04-24 03:09:48  INFO      core.mover  MOVE  C:\Users\sippa\Desktop\photo_test - Copy (2)\IMG_6429_0.jpg  =>  C:\Users\sippa\Desktop\destination_folder_test\Photos\Canon EOS RP\2026\02_February\IMG_6429_0.jpg
2026-04-24 03:09:48  INFO      core.mover  MOVE  C:\Users\sippa\Desktop\photo_test - Copy (2)\Jumping_Race_2017-07-28T123453+0000_E485DC.jpg  =>  C:\Users\sippa\Desktop\destination_folder_test\Photos\Parrot Jumping Race\2017\07_July\Jumping_Race_2017-07-28T123453+0000_E485DC.jpg
2026-04-24 03:09:48  INFO      core.mover  MOVE  C:\Users\sippa\Desktop\photo_test - Copy (2)\Jumping_Race_2017-07-28T123548+0000_DD4B51.jpg  =>  C:\Users\sippa\Desktop\destination_folder_test\Photos\Parrot Jumping Race\2017\07_July\Jumping_Race_2017-07-28T123548+0000_DD4B51.jpg
2026-04-24 03:09:48  INFO      core.mover  MOVE  C:\Users\sippa\Desktop\photo_test - Copy (2)\Jumping_Race_2017-07-28T123621+0000_C2F6AB.jpg  =>  C:\Users\sippa\Desktop\destination_folder_test\Photos\Parrot Jumping Race\2017\07_July\Jumping_Race_2017-07-28T123621+0000_C2F6AB.jpg
2026-04-24 03:09:48  INFO      core.mover  MOVE  C:\Users\sippa\Desktop\photo_test - Copy (2)\Jumping_Race_2017-08-20T155617+0000_69B95B.jpg  =>  C:\Users\sippa\Desktop\destination_folder_test\Photos\Parrot Jumping Race\2017\08_August\Jumping_Race_2017-08-20T155617+0000_69B95B.jpg
2026-04-24 03:09:48  INFO      core.mover  MOVE  C:\Users\sippa\Desktop\photo_test - Copy (2)\P2400145.JPG  =>  C:\Users\sippa\Desktop\destination_folder_test\Photos\Panasonic GX85\2021\03_March\P2400145.JPG
2026-04-24 03:09:48  INFO      core.mover  MOVE  C:\Users\sippa\Desktop\photo_test - Copy (2)\P2440732.JPG  =>  C:\Users\sippa\Desktop\destination_folder_test\Photos\Panasonic GX85\2021\06_June\P2440732.JPG
2026-04-24 03:09:48  INFO      core.mover  MOVE  C:\Users\sippa\Desktop\photo_test - Copy (2)\P2440733.JPG  =>  C:\Users\sippa\Desktop\destination_folder_test\Photos\Panasonic GX85\2021\06_June\P2440733.JPG
2026-04-24 03:09:48  INFO      core.mover  MOVE  C:\Users\sippa\Desktop\photo_test - Copy (2)\P2480116.JPG  =>  C:\Users\sippa\Desktop\destination_folder_test\Photos\Panasonic GX85\2021\07_July\P2480116.JPG
2026-04-24 03:09:48  INFO      core.mover  MOVE  C:\Users\sippa\Desktop\photo_test - Copy (2)\P2560375.JPG  =>  C:\Users\sippa\Desktop\destination_folder_test\Photos\Panasonic GX85\2022\02_February\P2560375.JPG
2026-04-24 03:09:48  INFO      core.mover  MOVE  C:\Users\sippa\Desktop\photo_test - Copy (2)\P2560380.JPG  =>  C:\Users\sippa\Desktop\destination_folder_test\Photos\Panasonic GX85\2022\02_February\P2560380.JPG
2026-04-24 03:09:48  INFO      core.mover  MOVE  C:\Users\sippa\Desktop\photo_test - Copy (2)\P2610449.MP4  =>  C:\Users\sippa\Desktop\destination_folder_test\Videos\Panasonic Lumix\2022\05_May\P2610449.MP4
2026-04-24 03:09:48  INFO      core.mover  MOVE  C:\Users\sippa\Desktop\photo_test - Copy (2)\P2610457.JPG  =>  C:\Users\sippa\Desktop\destination_folder_test\Photos\Panasonic GX85\2022\05_May\P2610457.JPG
2026-04-24 03:09:48  INFO      core.mover  MOVE  C:\Users\sippa\Desktop\photo_test - Copy (2)\P2610477.JPG  =>  C:\Users\sippa\Desktop\destination_folder_test\Photos\Panasonic GX85\2022\05_May\P2610477.JPG
2026-04-24 03:09:48  INFO      core.mover  MOVE  C:\Users\sippa\Desktop\photo_test - Copy (2)\P2610763.JPG  =>  C:\Users\sippa\Desktop\destination_folder_test\Photos\Panasonic GX85\2022\05_May\P2610763.JPG
2026-04-24 03:09:48  INFO      core.mover  MOVE  C:\Users\sippa\Desktop\photo_test - Copy (2)\P2890961.JPG  =>  C:\Users\sippa\Desktop\destination_folder_test\Photos\Panasonic GX85\2022\09_September\P2890961.JPG
2026-04-24 03:09:48  INFO      core.mover  MOVE  C:\Users\sippa\Desktop\photo_test - Copy (2)\P2890962.JPG  =>  C:\Users\sippa\Desktop\destination_folder_test\Photos\Panasonic GX85\2022\09_September\P2890962.JPG
2026-04-24 03:09:48  INFO      core.mover  MOVE  C:\Users\sippa\Desktop\photo_test - Copy (2)\P2890963.JPG  =>  C:\Users\sippa\Desktop\destination_folder_test\Photos\Panasonic GX85\2022\09_September\P2890963.JPG
2026-04-24 03:09:48  INFO      core.mover  MOVE  C:\Users\sippa\Desktop\photo_test - Copy (2)\P3240020.JPG  =>  C:\Users\sippa\Desktop\destination_folder_test\Photos\Panasonic GX85\2023\04_April\P3240020.JPG
2026-04-24 03:09:48  INFO      core.mover  MOVE  C:\Users\sippa\Desktop\photo_test - Copy (2)\P3240366.JPG  =>  C:\Users\sippa\Desktop\destination_folder_test\Photos\Panasonic GX85\2023\04_April\P3240366.JPG
2026-04-24 03:09:48  INFO      core.mover  MOVE  C:\Users\sippa\Desktop\photo_test - Copy (2)\P3240716.JPG  =>  C:\Users\sippa\Desktop\destination_folder_test\Photos\Panasonic GX85\2023\04_April\P3240716.JPG
2026-04-24 03:09:48  INFO      core.mover  MOVE  C:\Users\sippa\Desktop\photo_test - Copy (2)\P4120847.JPG  =>  C:\Users\sippa\Desktop\destination_folder_test\Photos\Panasonic GX85\2026\02_February\P4120847.JPG
2026-04-24 03:09:48  INFO      core.mover  MOVE  C:\Users\sippa\Desktop\photo_test - Copy (2)\P4120848.JPG  =>  C:\Users\sippa\Desktop\destination_folder_test\Photos\Panasonic GX85\2026\02_February\P4120848.JPG
2026-04-24 03:09:48  INFO      core.mover  MOVE  C:\Users\sippa\Desktop\photo_test - Copy (2)\P4120858.JPG  =>  C:\Users\sippa\Desktop\destination_folder_test\Photos\Panasonic GX85\2026\02_February\P4120858.JPG
2026-04-24 03:09:48  INFO      core.mover  MOVE  C:\Users\sippa\Desktop\photo_test - Copy (2)\test_drum_nano.mp4  =>  C:\Users\sippa\Desktop\destination_folder_test\Videos\Unknown_Device\2021\07_July\test_drum_nano.mp4
2026-04-24 03:09:48  INFO      core.mover  MOVE  C:\Users\sippa\Desktop\photo_test - Copy (2)\test_drum_nano_2.mp4  =>  C:\Users\sippa\Desktop\destination_folder_test\Videos\Unknown_Device\2021\07_July\test_drum_nano_2.mp4
2026-04-24 03:09:48  INFO      core.mover  MOVE  C:\Users\sippa\Desktop\photo_test - Copy (2)\20221018 fence post\11218294-8ef0-481a-ae00-3fcc7e44b8c9.mp4  =>  C:\Users\sippa\Desktop\destination_folder_test\Videos\Unknown_Device\2022\10_October\11218294-8ef0-481a-ae00-3fcc7e44b8c9.mp4
2026-04-24 03:09:48  INFO      core.mover  MOVE  C:\Users\sippa\Desktop\photo_test - Copy (2)\20221018 fence post\1220777.jpg  =>  C:\Users\sippa\Desktop\destination_folder_test\Photos\Unknown_Device\2022\10_October\1220777.jpg
2026-04-24 03:09:48  INFO      core.mover  MOVE  C:\Users\sippa\Desktop\photo_test - Copy (2)\20221018 fence post\1222446.jpg  =>  C:\Users\sippa\Desktop\destination_folder_test\Photos\Unknown_Device\2022\10_October\1222446.jpg
2026-04-24 03:09:48  INFO      core.mover  MOVE  C:\Users\sippa\Desktop\photo_test - Copy (2)\20221018 fence post\1_10.30.53.avi  =>  C:\Users\sippa\Desktop\destination_folder_test\Videos\Unknown_Device\2022\10_October\1_10.30.53.avi
2026-04-24 03:09:49  INFO      core.mover  MOVE  C:\Users\sippa\Desktop\photo_test - Copy (2)\20221018 fence post\20260320_043549.jpg  =>  C:\Users\sippa\Desktop\destination_folder_test\Photos\Samsung Galaxy S25 Ultra\2026\03_March\20260320_043549.jpg
2026-04-24 03:09:49  INFO      core.mover  MOVE  C:\Users\sippa\Desktop\photo_test - Copy (2)\20221018 fence post\20260320_043922.mp4  =>  C:\Users\sippa\Desktop\destination_folder_test\Videos\Android Camera\2026\03_March\20260320_043922.mp4
2026-04-24 03:09:49  INFO      core.mover  MOVE  C:\Users\sippa\Desktop\photo_test - Copy (2)\20221018 fence post\20260320_045325.jpg  =>  C:\Users\sippa\Desktop\destination_folder_test\Photos\Samsung Galaxy S25 Ultra\2026\03_March\20260320_045325.jpg
2026-04-24 03:09:49  INFO      core.mover  MOVE  C:\Users\sippa\Desktop\photo_test - Copy (2)\20221018 fence post\20260320_062706.jpg  =>  C:\Users\sippa\Desktop\destination_folder_test\Photos\Samsung Galaxy S25 Ultra\2026\03_March\20260320_062706.jpg
2026-04-24 03:09:49  INFO      core.mover  MOVE  C:\Users\sippa\Desktop\photo_test - Copy (2)\20221018 fence post\20260320_063335.jpg  =>  C:\Users\sippa\Desktop\destination_folder_test\Photos\Samsung Galaxy S25 Ultra\2026\03_March\20260320_063335.jpg
2026-04-24 03:09:49  INFO      core.mover  MOVE  C:\Users\sippa\Desktop\photo_test - Copy (2)\20221018 fence post\P2850539.JPG  =>  C:\Users\sippa\Desktop\destination_folder_test\Photos\Panasonic GX85\2022\09_September\P2850539.JPG
2026-04-24 03:09:49  INFO      core.mover  MOVE  C:\Users\sippa\Desktop\photo_test - Copy (2)\20221018 fence post\P2910198.JPG  =>  C:\Users\sippa\Desktop\destination_folder_test\Photos\Panasonic GX85\2022\10_October\P2910198.JPG
2026-04-24 03:09:49  INFO      core.mover  MOVE  C:\Users\sippa\Desktop\photo_test - Copy (2)\20221018 fence post\P2910199.JPG  =>  C:\Users\sippa\Desktop\destination_folder_test\Photos\Panasonic GX85\2022\10_October\P2910199.JPG
2026-04-24 03:09:49  INFO      core.mover  MOVE  C:\Users\sippa\Desktop\photo_test - Copy (2)\20221018 fence post\P2940040.JPG  =>  C:\Users\sippa\Desktop\destination_folder_test\Photos\Panasonic GX85\2022\10_October\P2940040.JPG
2026-04-24 03:09:49  INFO      core.mover  MOVE  C:\Users\sippa\Desktop\photo_test - Copy (2)\20221018 fence post\P2940069.JPG  =>  C:\Users\sippa\Desktop\destination_folder_test\Photos\Panasonic GX85\2022\10_October\P2940069.JPG
2026-04-24 03:09:49  INFO      core.mover  MOVE  C:\Users\sippa\Desktop\photo_test - Copy (2)\20221018 fence post\P2940074.JPG  =>  C:\Users\sippa\Desktop\destination_folder_test\Photos\Panasonic GX85\2022\10_October\P2940074.JPG
2026-04-24 03:09:49  INFO      core.mover  MOVE  C:\Users\sippa\Desktop\photo_test - Copy (2)\20221018 fence post\P2940113.JPG  =>  C:\Users\sippa\Desktop\destination_folder_test\Photos\Panasonic GX85\2022\10_October\P2940113.JPG
2026-04-24 03:09:49  INFO      core.mover  MOVE  C:\Users\sippa\Desktop\photo_test - Copy (2)\20221018 fence post\P2940130.JPG  =>  C:\Users\sippa\Desktop\destination_folder_test\Photos\Panasonic GX85\2022\10_October\P2940130.JPG
2026-04-24 03:09:49  INFO      core.mover  MOVE  C:\Users\sippa\Desktop\photo_test - Copy (2)\20221018 fence post\P2940404.JPG  =>  C:\Users\sippa\Desktop\destination_folder_test\Photos\Panasonic GX85\2022\10_October\P2940404.JPG
2026-04-24 03:09:49  INFO      core.mover  MOVE  C:\Users\sippa\Desktop\photo_test - Copy (2)\20221018 fence post\P2940409.JPG  =>  C:\Users\sippa\Desktop\destination_folder_test\Photos\Panasonic GX85\2022\10_October\P2940409.JPG
2026-04-24 03:09:49  INFO      core.mover  MOVE  C:\Users\sippa\Desktop\photo_test - Copy (2)\20221018 fence post\Untitled.mp4  =>  C:\Users\sippa\Desktop\destination_folder_test\Videos\Unknown_Device\2022\10_October\Untitled.mp4
2026-04-24 03:09:49  INFO      core.mover  MOVE  C:\Users\sippa\Desktop\photo_test - Copy (2)\261_PANA\P2610467.JPG  =>  C:\Users\sippa\Desktop\destination_folder_test\Photos\Panasonic GX85\2022\05_May\P2610467.JPG
2026-04-24 03:09:49  INFO      core.mover  MOVE  C:\Users\sippa\Desktop\photo_test - Copy (2)\261_PANA\P2610757.JPG  =>  C:\Users\sippa\Desktop\destination_folder_test\Photos\Panasonic GX85\2022\05_May\P2610757.JPG
2026-04-24 03:09:49  INFO      core.mover  MOVE  C:\Users\sippa\Desktop\photo_test - Copy (2)\261_PANA\P2610764.JPG  =>  C:\Users\sippa\Desktop\destination_folder_test\Photos\Panasonic GX85\2022\05_May\P2610764.JPG
2026-04-24 03:09:49  INFO      core.mover  MOVE  C:\Users\sippa\Desktop\photo_test - Copy (2)\261_PANA\P2610781.JPG  =>  C:\Users\sippa\Desktop\destination_folder_test\Photos\Panasonic GX85\2022\05_May\P2610781.JPG
2026-04-24 03:09:49  INFO      core.mover  MOVE  C:\Users\sippa\Desktop\photo_test - Copy (2)\324_PANA\P3240001.MP4  =>  C:\Users\sippa\Desktop\destination_folder_test\Videos\Panasonic Lumix\2023\04_April\P3240001.MP4
2026-04-24 03:09:49  INFO      core.mover  MOVE  C:\Users\sippa\Desktop\photo_test - Copy (2)\324_PANA\P3240015.JPG  =>  C:\Users\sippa\Desktop\destination_folder_test\Photos\Panasonic GX85\2023\04_April\P3240015.JPG
2026-04-24 03:09:49  INFO      core.mover  MOVE  C:\Users\sippa\Desktop\photo_test - Copy (2)\324_PANA\P3240025.JPG  =>  C:\Users\sippa\Desktop\destination_folder_test\Photos\Panasonic GX85\2023\04_April\P3240025.JPG
2026-04-24 03:09:49  INFO      core.mover  MOVE  C:\Users\sippa\Desktop\photo_test - Copy (2)\324_PANA\P3240026.JPG  =>  C:\Users\sippa\Desktop\destination_folder_test\Photos\Panasonic GX85\2023\04_April\P3240026.JPG
2026-04-24 03:09:49  INFO      core.mover  MOVE  C:\Users\sippa\Desktop\photo_test - Copy (2)\324_PANA\P3240357.JPG  =>  C:\Users\sippa\Desktop\destination_folder_test\Photos\Panasonic GX85\2023\04_April\P3240357.JPG
2026-04-24 03:09:49  INFO      core.mover  MOVE  C:\Users\sippa\Desktop\photo_test - Copy (2)\324_PANA\P3240715.JPG  =>  C:\Users\sippa\Desktop\destination_folder_test\Photos\Panasonic GX85\2023\04_April\P3240715.JPG
2026-04-24 03:09:49  INFO      core.mover  MOVE  C:\Users\sippa\Desktop\photo_test - Copy (2)\324_PANA\P3240854.JPG  =>  C:\Users\sippa\Desktop\destination_folder_test\Photos\Panasonic GX85\2023\04_April\P3240854.JPG
2026-04-24 03:09:49  INFO      core.mover  MOVE  C:\Users\sippa\Desktop\photo_test - Copy (2)\324_PANA\P3240856.JPG  =>  C:\Users\sippa\Desktop\destination_folder_test\Photos\Panasonic GX85\2023\04_April\P3240856.JPG
2026-04-24 03:09:49  INFO      core.mover  MOVE  C:\Users\sippa\Desktop\photo_test - Copy (2)\407_PANA\P4070462.MP4  =>  C:\Users\sippa\Desktop\destination_folder_test\Videos\Panasonic Lumix\2025\11_November\P4070462.MP4
2026-04-24 03:09:49  INFO      core.mover  MOVE  C:\Users\sippa\Desktop\photo_test - Copy (2)\407_PANA\P4070475.JPG  =>  C:\Users\sippa\Desktop\destination_folder_test\Photos\Panasonic GX85\2025\11_November\P4070475.JPG
2026-04-24 03:09:49  INFO      core.mover  MOVE  C:\Users\sippa\Desktop\photo_test - Copy (2)\407_PANA\P4070485.JPG  =>  C:\Users\sippa\Desktop\destination_folder_test\Photos\Panasonic GX85\2025\11_November\P4070485.JPG
2026-04-24 03:09:49  INFO      core.mover  MOVE  C:\Users\sippa\Desktop\photo_test - Copy (2)\407_PANA\P4070494.JPG  =>  C:\Users\sippa\Desktop\destination_folder_test\Photos\Panasonic GX85\2025\11_November\P4070494.JPG
2026-04-24 03:09:49  INFO      core.mover  MOVE  C:\Users\sippa\Desktop\photo_test - Copy (2)\407_PANA\P4070495.JPG  =>  C:\Users\sippa\Desktop\destination_folder_test\Photos\Panasonic GX85\2025\11_November\P4070495.JPG
2026-04-24 03:09:49  INFO      core.mover  MOVE  C:\Users\sippa\Desktop\photo_test - Copy (2)\407_PANA\P4070505.JPG  =>  C:\Users\sippa\Desktop\destination_folder_test\Photos\Panasonic GX85\2025\11_November\P4070505.JPG
2026-04-24 03:09:49  INFO      core.mover  MOVE  C:\Users\sippa\Desktop\photo_test - Copy (2)\407_PANA\P4070506.JPG  =>  C:\Users\sippa\Desktop\destination_folder_test\Photos\Panasonic GX85\2025\11_November\P4070506.JPG
2026-04-24 03:09:50  INFO      core.mover  MOVE  C:\Users\sippa\Desktop\photo_test - Copy (2)\407_PANA\P4070625.JPG  =>  C:\Users\sippa\Desktop\destination_folder_test\Photos\Panasonic GX85\2025\11_November\P4070625.JPG
2026-04-24 03:09:50  INFO      core.mover  MOVE  C:\Users\sippa\Desktop\photo_test - Copy (2)\407_PANA\P4070627.JPG  =>  C:\Users\sippa\Desktop\destination_folder_test\Photos\Panasonic GX85\2025\11_November\P4070627.JPG
2026-04-24 03:09:50  INFO      core.mover  MOVE  C:\Users\sippa\Desktop\photo_test - Copy (2)\407_PANA\P4070766.JPG  =>  C:\Users\sippa\Desktop\destination_folder_test\Photos\Panasonic GX85\2025\11_November\P4070766.JPG
2026-04-24 03:09:50  INFO      core.mover  MOVE  C:\Users\sippa\Desktop\photo_test - Copy (2)\407_PANA\P4070768.JPG  =>  C:\Users\sippa\Desktop\destination_folder_test\Photos\Panasonic GX85\2025\11_November\P4070768.JPG
2026-04-24 03:09:50  INFO      core.mover  MOVE  C:\Users\sippa\Desktop\photo_test - Copy (2)\Pyjamas\20250207_225006.jpg  =>  C:\Users\sippa\Desktop\destination_folder_test\Photos\Samsung Galaxy S25 Ultra\2025\02_February\20250207_225006.jpg
2026-04-24 03:09:50  INFO      core.mover  MOVE  C:\Users\sippa\Desktop\photo_test - Copy (2)\Pyjamas\20250207_225137.jpg  =>  C:\Users\sippa\Desktop\destination_folder_test\Photos\Samsung Galaxy S25 Ultra\2025\02_February\20250207_225137.jpg
2026-04-24 03:09:50  INFO      core.mover  MOVE  C:\Users\sippa\Desktop\photo_test - Copy (2)\Pyjamas\20250208_095907.jpg  =>  C:\Users\sippa\Desktop\destination_folder_test\Photos\Samsung Galaxy S25 Ultra\2025\02_February\20250208_095907.jpg
2026-04-24 03:09:50  INFO      core.mover  MOVE  C:\Users\sippa\Desktop\photo_test - Copy (2)\Pyjamas\20250921_182407.jpg  =>  C:\Users\sippa\Desktop\destination_folder_test\Photos\Samsung Galaxy S25 Ultra\2025\09_September\20250921_182407.jpg
2026-04-24 03:09:50  INFO      core.mover  MOVE  C:\Users\sippa\Desktop\photo_test - Copy (2)\Pyjamas\20250921_184235.jpg  =>  C:\Users\sippa\Desktop\destination_folder_test\Photos\Samsung Galaxy S25 Ultra\2025\09_September\20250921_184235.jpg
2026-04-24 03:09:50  INFO      core.mover  MOVE  C:\Users\sippa\Desktop\photo_test - Copy (2)\Pyjamas\20250921_184242.jpg  =>  C:\Users\sippa\Desktop\destination_folder_test\Photos\Samsung Galaxy S25 Ultra\2025\09_September\20250921_184242.jpg
2026-04-24 03:09:50  INFO      core.mover  MOVE  C:\Users\sippa\Desktop\photo_test - Copy (2)\Pyjamas\P2560373.JPG  =>  C:\Users\sippa\Desktop\destination_folder_test\Photos\Panasonic GX85\2022\02_February\P2560373.JPG
2026-04-24 03:09:50  INFO      core.mover  MOVE  C:\Users\sippa\Desktop\photo_test - Copy (2)\Pyjamas\P2560374.JPG  =>  C:\Users\sippa\Desktop\destination_folder_test\Photos\Panasonic GX85\2022\02_February\P2560374.JPG
2026-04-24 03:09:50  INFO      core.mover  MOVE  C:\Users\sippa\Desktop\photo_test - Copy (2)\Pyjamas\P2560382.JPG  =>  C:\Users\sippa\Desktop\destination_folder_test\Photos\Panasonic GX85\2022\02_February\P2560382.JPG
2026-04-24 03:09:50  INFO      core.mover  MOVE  C:\Users\sippa\Desktop\photo_test - Copy (2)\Pyjamas\P2560383.JPG  =>  C:\Users\sippa\Desktop\destination_folder_test\Photos\Panasonic GX85\2022\02_February\P2560383.JPG
2026-04-24 03:09:50  INFO      core.mover  MOVE  C:\Users\sippa\Desktop\photo_test - Copy (2)\Pyjamas\P2560393.JPG  =>  C:\Users\sippa\Desktop\destination_folder_test\Photos\Panasonic GX85\2022\02_February\P2560393.JPG
2026-04-24 03:09:50  INFO      core.mover  Done. moved=299 dupes=0 resumed=9 errors=0 elapsed=5.5s @ 56.5 files/s
2026-04-24 10:35:09  INFO      core.device_resolver  Unresolved device: samsung|SM-G950F → using raw label 'samsung SM-G950F'
2026-04-24 10:35:09  INFO      core.device_resolver  Unresolved device: samsung|SM-G950F → using raw label 'samsung SM-G950F'
2026-04-24 10:35:09  INFO      core.device_resolver  Unresolved device: samsung|SM-G950F → using raw label 'samsung SM-G950F'
2026-04-24 10:35:09  INFO      core.device_resolver  Unresolved device: samsung|SM-G950F → using raw label 'samsung SM-G950F'
2026-04-24 10:35:09  INFO      core.device_resolver  Unresolved device: samsung|SM-G950F → using raw label 'samsung SM-G950F'
2026-04-24 10:35:09  INFO      core.device_resolver  Unresolved device: samsung|SM-G950F → using raw label 'samsung SM-G950F'
2026-04-24 10:35:09  INFO      core.device_resolver  Unresolved device: samsung|SM-G950F → using raw label 'samsung SM-G950F'
2026-04-24 10:35:09  INFO      core.device_resolver  Unresolved device: samsung|SM-G950F → using raw label 'samsung SM-G950F'
2026-04-24 10:35:09  INFO      core.device_resolver  Unresolved device: samsung|SM-G950F → using raw label 'samsung SM-G950F'
2026-04-24 10:35:09  INFO      core.device_resolver  Unresolved device: samsung|SM-G950F → using raw label 'samsung SM-G950F'
2026-04-24 10:35:09  INFO      core.device_resolver  Unresolved device: samsung|SM-G950F → using raw label 'samsung SM-G950F'
2026-04-24 10:35:09  INFO      core.device_resolver  Unresolved device: samsung|SM-G950F → using raw label 'samsung SM-G950F'
2026-04-24 10:35:09  INFO      core.device_resolver  Unresolved device: samsung|SM-G950F → using raw label 'samsung SM-G950F'
2026-04-24 10:35:09  INFO      core.device_resolver  Unresolved device: samsung|SM-G950F → using raw label 'samsung SM-G950F'
2026-04-24 10:35:09  INFO      core.device_resolver  Unresolved device: samsung|SM-G950F → using raw label 'samsung SM-G950F'
2026-04-24 10:35:09  INFO      core.device_resolver  Unresolved device: samsung|SM-G950F → using raw label 'samsung SM-G950F'
2026-04-24 10:35:09  WARNING   exifread  PNG file does not have exif data.
2026-04-24 10:35:09  INFO      core.device_resolver  Unresolved device: SONY|ILCE-5000 → using raw label 'SONY ILCE-5000'
2026-04-24 10:35:09  INFO      core.device_resolver  Unresolved device: SONY|ILCE-5000 → using raw label 'SONY ILCE-5000'
2026-04-24 10:35:09  INFO      core.device_resolver  Unresolved device: SONY|ILCE-5000 → using raw label 'SONY ILCE-5000'
2026-04-24 10:35:09  INFO      core.device_resolver  Unresolved device: SONY|ILCE-5000 → using raw label 'SONY ILCE-5000'
2026-04-24 10:35:09  INFO      core.device_resolver  Unresolved device: SONY|ILCE-5000 → using raw label 'SONY ILCE-5000'
2026-04-24 10:35:09  INFO      core.device_resolver  Unresolved device: SONY|ILCE-5000 → using raw label 'SONY ILCE-5000'
2026-04-24 10:35:09  INFO      core.device_resolver  Unresolved device: SONY|ILCE-5000 → using raw label 'SONY ILCE-5000'
2026-04-24 10:35:09  INFO      core.device_resolver  Unresolved device: SONY|ILCE-5000 → using raw label 'SONY ILCE-5000'
2026-04-24 10:35:09  INFO      core.device_resolver  Unresolved device: SONY|ILCE-5000 → using raw label 'SONY ILCE-5000'
2026-04-24 10:35:09  WARNING   exifread  PNG file does not have exif data.
2026-04-24 10:35:09  INFO      core.device_resolver  Unresolved device: Apple|iPad mini 1G → using raw label 'Apple iPad mini 1G'
2026-04-24 10:35:09  INFO      core.device_resolver  Unresolved device: Apple|iPad mini 1G → using raw label 'Apple iPad mini 1G'
2026-04-24 10:35:09  INFO      core.device_resolver  Unresolved device: SONY|DSLR-A200 → using raw label 'SONY DSLR-A200'
2026-04-24 10:35:09  WARNING   exifread  PNG file does not have exif data.
2026-04-24 10:35:09  INFO      core.device_resolver  Unresolved device: Apple|iPad mini 1G → using raw label 'Apple iPad mini 1G'
2026-04-24 10:35:10  INFO      core.mover  DUPE  00003.MTS  (original: C:\Users\sippa\Desktop\destination_folder_test\Videos\Sony AVCHD\2019\08_August\00003.MTS)
2026-04-24 10:35:10  INFO      core.mover  DRY   C:\Users\sippa\Desktop\photo_test - test run\00013.MTS  =>  C:\Users\sippa\Desktop\destination_folder_test\Videos\Sony AVCHD\2014\06_June\00013.MTS
2026-04-24 10:35:10  INFO      core.mover  DUPE  00073.MTS  (original: C:\Users\sippa\Desktop\destination_folder_test\Videos\Sony AVCHD\2018\09_September\00073.MTS)
2026-04-24 10:35:10  INFO      core.mover  DUPE  00074.MTS  (original: C:\Users\sippa\Desktop\destination_folder_test\Videos\Sony AVCHD\2018\09_September\00074.MTS)
2026-04-24 10:35:10  INFO      core.mover  DUPE  00081.MTS  (original: C:\Users\sippa\Desktop\destination_folder_test\Videos\Sony AVCHD\2018\09_September\00081.MTS)
2026-04-24 10:35:10  INFO      core.mover  DRY   C:\Users\sippa\Desktop\photo_test - test run\1505891619099.jpg  =>  C:\Users\sippa\Desktop\destination_folder_test\Photos\Unknown_Device\2017\12_December\1505891619099.jpg
2026-04-24 10:35:10  INFO      core.mover  DRY   C:\Users\sippa\Desktop\photo_test - test run\1507032871478.jpg  =>  C:\Users\sippa\Desktop\destination_folder_test\Photos\Unknown_Device\2017\12_December\1507032871478.jpg
2026-04-24 10:35:10  INFO      core.mover  DRY   C:\Users\sippa\Desktop\photo_test - test run\1509169149018_fact_1.jpg  =>  C:\Users\sippa\Desktop\destination_folder_test\Photos\Unknown_Device\2017\10_October\1509169149018_fact_1.jpg
2026-04-24 10:35:10  INFO      core.mover  DRY   C:\Users\sippa\Desktop\photo_test - test run\1548945374710_fact_1.jpg  =>  C:\Users\sippa\Desktop\destination_folder_test\Photos\Unknown_Device\2019\01_January\1548945374710_fact_1.jpg
2026-04-24 10:35:10  INFO      core.mover  DUPE  20151219_155545.jpg  (original: C:\Users\sippa\Desktop\destination_folder_test\Photos\Samsung Galaxy Note 4\2015\12_December\20151219_155545.jpg)
2026-04-24 10:35:10  INFO      core.mover  DUPE  20160530_195932.jpg  (original: C:\Users\sippa\Desktop\destination_folder_test\Photos\Samsung Galaxy Note 4\2016\05_May\20160530_195932.jpg)
2026-04-24 10:35:10  INFO      core.mover  DRY   C:\Users\sippa\Desktop\photo_test - test run\20170828_192518.jpg  =>  C:\Users\sippa\Desktop\destination_folder_test\Photos\Samsung Galaxy Note 4\2017\08_August\20170828_192518.jpg
2026-04-24 10:35:10  INFO      core.mover  DRY   C:\Users\sippa\Desktop\photo_test - test run\20170828_222242.jpg  =>  C:\Users\sippa\Desktop\destination_folder_test\Photos\Samsung Galaxy Note 4\2017\08_August\20170828_222242.jpg
2026-04-24 10:35:10  INFO      core.mover  DRY   C:\Users\sippa\Desktop\photo_test - test run\20170903_163928.jpg  =>  C:\Users\sippa\Desktop\destination_folder_test\Photos\Samsung Galaxy Note 4\2017\09_September\20170903_163928.jpg
2026-04-24 10:35:10  INFO      core.mover  DRY   C:\Users\sippa\Desktop\photo_test - test run\20170903_194250.jpg  =>  C:\Users\sippa\Desktop\destination_folder_test\Photos\Samsung Galaxy Note 4\2017\09_September\20170903_194250.jpg
2026-04-24 10:35:10  INFO      core.mover  DRY   C:\Users\sippa\Desktop\photo_test - test run\20170903_194254.jpg  =>  C:\Users\sippa\Desktop\destination_folder_test\Photos\Samsung Galaxy Note 4\2017\09_September\20170903_194254.jpg
2026-04-24 10:35:10  INFO      core.mover  DRY   C:\Users\sippa\Desktop\photo_test - test run\20170909_182011.jpg  =>  C:\Users\sippa\Desktop\destination_folder_test\Photos\Samsung Galaxy Note 4\2017\09_September\20170909_182011.jpg
2026-04-24 10:35:10  INFO      core.mover  DRY   C:\Users\sippa\Desktop\photo_test - test run\20170909_182016.jpg  =>  C:\Users\sippa\Desktop\destination_folder_test\Photos\Samsung Galaxy Note 4\2017\09_September\20170909_182016.jpg
2026-04-24 10:35:10  INFO      core.mover  DRY   C:\Users\sippa\Desktop\photo_test - test run\20170910_134231.jpg  =>  C:\Users\sippa\Desktop\destination_folder_test\Photos\Samsung Galaxy Note 4\2017\09_September\20170910_134231.jpg
2026-04-24 10:35:10  INFO      core.mover  DRY   C:\Users\sippa\Desktop\photo_test - test run\20170913_193231.jpg  =>  C:\Users\sippa\Desktop\destination_folder_test\Photos\Samsung Galaxy Note 4\2017\09_September\20170913_193231.jpg
2026-04-24 10:35:10  INFO      core.mover  DRY   C:\Users\sippa\Desktop\photo_test - test run\20170913_193722.jpg  =>  C:\Users\sippa\Desktop\destination_folder_test\Photos\Samsung Galaxy Note 4\2017\09_September\20170913_193722.jpg
2026-04-24 10:35:10  INFO      core.mover  DRY   C:\Users\sippa\Desktop\photo_test - test run\20170914_082221.jpg  =>  C:\Users\sippa\Desktop\destination_folder_test\Photos\Samsung Galaxy Note 4\2017\09_September\20170914_082221.jpg
2026-04-24 10:35:10  INFO      core.mover  DRY   C:\Users\sippa\Desktop\photo_test - test run\20170918_210731.jpg  =>  C:\Users\sippa\Desktop\destination_folder_test\Photos\Samsung Galaxy Note 4\2017\09_September\20170918_210731.jpg
2026-04-24 10:35:10  INFO      core.mover  DRY   C:\Users\sippa\Desktop\photo_test - test run\20170920_091921.jpg  =>  C:\Users\sippa\Desktop\destination_folder_test\Photos\Samsung Galaxy Note 4\2017\09_September\20170920_091921.jpg
2026-04-24 10:35:10  INFO      core.mover  DRY   C:\Users\sippa\Desktop\photo_test - test run\20170920_183506.jpg  =>  C:\Users\sippa\Desktop\destination_folder_test\Photos\Samsung Galaxy Note 4\2017\09_September\20170920_183506.jpg
2026-04-24 10:35:10  INFO      core.mover  DRY   C:\Users\sippa\Desktop\photo_test - test run\20170922_070834.jpg  =>  C:\Users\sippa\Desktop\destination_folder_test\Photos\Samsung Galaxy Note 4\2017\09_September\20170922_070834.jpg
2026-04-24 10:35:10  INFO      core.mover  DRY   C:\Users\sippa\Desktop\photo_test - test run\20171214_232725.jpg  =>  C:\Users\sippa\Desktop\destination_folder_test\Photos\Samsung Galaxy Note 8\2017\12_December\20171214_232725.jpg
2026-04-24 10:35:10  INFO      core.mover  DRY   C:\Users\sippa\Desktop\photo_test - test run\20171215_084609.jpg  =>  C:\Users\sippa\Desktop\destination_folder_test\Photos\Samsung Galaxy Note 8\2017\12_December\20171215_084609.jpg
2026-04-24 10:35:10  INFO      core.mover  DRY   C:\Users\sippa\Desktop\photo_test - test run\20171215_131459.jpg  =>  C:\Users\sippa\Desktop\destination_folder_test\Photos\Samsung Galaxy Note 8\2017\12_December\20171215_131459.jpg
2026-04-24 10:35:10  INFO      core.mover  DRY   C:\Users\sippa\Desktop\photo_test - test run\20171216_075334.jpg  =>  C:\Users\sippa\Desktop\destination_folder_test\Photos\Samsung Galaxy Note 8\2017\12_December\20171216_075334.jpg
2026-04-24 10:35:10  INFO      core.mover  DUPE  20180106_131509.jpg  (original: C:\Users\sippa\Desktop\destination_folder_test\Photos\Samsung Galaxy Note 8\2018\01_January\20180106_131509.jpg)
2026-04-24 10:35:10  INFO      core.mover  DUPE  20180107_163817.jpg  (original: C:\Users\sippa\Desktop\destination_folder_test\Photos\Samsung Galaxy Note 8\2018\01_January\20180107_163817.jpg)
2026-04-24 10:35:10  INFO      core.mover  DUPE  20180108_094914.jpg  (original: C:\Users\sippa\Desktop\destination_folder_test\Photos\Samsung Galaxy Note 8\2018\01_January\20180108_094914.jpg)
2026-04-24 10:35:10  INFO      core.mover  DUPE  20180108_094916.jpg  (original: C:\Users\sippa\Desktop\destination_folder_test\Photos\Samsung Galaxy Note 8\2018\01_January\20180108_094916.jpg)
2026-04-24 10:35:10  INFO      core.mover  DUPE  20180112_185251.jpg  (original: C:\Users\sippa\Desktop\destination_folder_test\Photos\Samsung Galaxy Note 8\2018\01_January\20180112_185251.jpg)
2026-04-24 10:35:10  INFO      core.mover  DUPE  20180120_125333.jpg  (original: C:\Users\sippa\Desktop\destination_folder_test\Photos\Samsung Galaxy Note 8\2018\01_January\20180120_125333.jpg)
2026-04-24 10:35:10  INFO      core.mover  DUPE  20180120_125336.jpg  (original: C:\Users\sippa\Desktop\destination_folder_test\Photos\Samsung Galaxy Note 8\2018\01_January\20180120_125336.jpg)
2026-04-24 10:35:10  INFO      core.mover  DRY   C:\Users\sippa\Desktop\photo_test - test run\20180304_182410.mp4  =>  C:\Users\sippa\Desktop\destination_folder_test\Videos\Android Camera\2018\03_March\20180304_182410.mp4
2026-04-24 10:35:10  INFO      core.mover  DRY   C:\Users\sippa\Desktop\photo_test - test run\20180310_175705.mp4  =>  C:\Users\sippa\Desktop\destination_folder_test\Videos\Android Camera\2018\03_March\20180310_175705.mp4
2026-04-24 10:35:10  INFO      core.mover  DRY   C:\Users\sippa\Desktop\photo_test - test run\20190131_075907.jpg  =>  C:\Users\sippa\Desktop\destination_folder_test\Photos\samsung SM-G950F\2019\01_January\20190131_075907.jpg
2026-04-24 10:35:10  INFO      core.mover  DRY   C:\Users\sippa\Desktop\photo_test - test run\20190201_135857.jpg  =>  C:\Users\sippa\Desktop\destination_folder_test\Photos\samsung SM-G950F\2019\02_February\20190201_135857.jpg
2026-04-24 10:35:10  INFO      core.mover  DRY   C:\Users\sippa\Desktop\photo_test - test run\20190206_172621.jpg  =>  C:\Users\sippa\Desktop\destination_folder_test\Photos\samsung SM-G950F\2019\02_February\20190206_172621.jpg
2026-04-24 10:35:10  INFO      core.mover  DRY   C:\Users\sippa\Desktop\photo_test - test run\20190208_172441.jpg  =>  C:\Users\sippa\Desktop\destination_folder_test\Photos\samsung SM-G950F\2019\02_February\20190208_172441.jpg
2026-04-24 10:35:10  INFO      core.mover  DRY   C:\Users\sippa\Desktop\photo_test - test run\20190214_161930.jpg  =>  C:\Users\sippa\Desktop\destination_folder_test\Photos\samsung SM-G950F\2019\02_February\20190214_161930.jpg
2026-04-24 10:35:10  INFO      core.mover  DRY   C:\Users\sippa\Desktop\photo_test - test run\20190228_131541.mp4  =>  C:\Users\sippa\Desktop\destination_folder_test\Videos\Android Camera\2019\02_February\20190228_131541.mp4
2026-04-24 10:35:10  INFO      core.mover  DRY   C:\Users\sippa\Desktop\photo_test - test run\20190420_153005.jpg  =>  C:\Users\sippa\Desktop\destination_folder_test\Photos\samsung SM-G950F\2019\04_April\20190420_153005.jpg
2026-04-24 10:35:10  INFO      core.mover  DRY   C:\Users\sippa\Desktop\photo_test - test run\20190420_153007.jpg  =>  C:\Users\sippa\Desktop\destination_folder_test\Photos\samsung SM-G950F\2019\04_April\20190420_153007.jpg
2026-04-24 10:35:10  INFO      core.mover  DRY   C:\Users\sippa\Desktop\photo_test - test run\20190420_181427.mp4  =>  C:\Users\sippa\Desktop\destination_folder_test\Videos\Android Camera\2019\04_April\20190420_181427.mp4
2026-04-24 10:35:10  INFO      core.mover  DRY   C:\Users\sippa\Desktop\photo_test - test run\20190422_105910.jpg  =>  C:\Users\sippa\Desktop\destination_folder_test\Photos\samsung SM-G950F\2019\04_April\20190422_105910.jpg
2026-04-24 10:35:10  INFO      core.mover  DRY   C:\Users\sippa\Desktop\photo_test - test run\20190422_105913.jpg  =>  C:\Users\sippa\Desktop\destination_folder_test\Photos\samsung SM-G950F\2019\04_April\20190422_105913.jpg
2026-04-24 10:35:10  INFO      core.mover  DRY   C:\Users\sippa\Desktop\photo_test - test run\20190424_134215.jpg  =>  C:\Users\sippa\Desktop\destination_folder_test\Photos\samsung SM-G950F\2019\04_April\20190424_134215.jpg
2026-04-24 10:35:10  INFO      core.mover  DRY   C:\Users\sippa\Desktop\photo_test - test run\20190425_154405.jpg  =>  C:\Users\sippa\Desktop\destination_folder_test\Photos\samsung SM-G950F\2019\04_April\20190425_154405.jpg
2026-04-24 10:35:10  INFO      core.mover  DRY   C:\Users\sippa\Desktop\photo_test - test run\20190625_170010.jpg  =>  C:\Users\sippa\Desktop\destination_folder_test\Photos\samsung SM-G950F\2019\06_June\20190625_170010.jpg
2026-04-24 10:35:10  INFO      core.mover  DRY   C:\Users\sippa\Desktop\photo_test - test run\20190708_080120.jpg  =>  C:\Users\sippa\Desktop\destination_folder_test\Photos\samsung SM-G950F\2019\07_July\20190708_080120.jpg
2026-04-24 10:35:10  INFO      core.mover  DRY   C:\Users\sippa\Desktop\photo_test - test run\20190712_071652.jpg  =>  C:\Users\sippa\Desktop\destination_folder_test\Photos\samsung SM-G950F\2019\07_July\20190712_071652.jpg
2026-04-24 10:35:11  INFO      core.mover  DRY   C:\Users\sippa\Desktop\photo_test - test run\20190718_081459.mp4  =>  C:\Users\sippa\Desktop\destination_folder_test\Videos\Android Camera\2019\07_July\20190718_081459.mp4
2026-04-24 10:35:11  INFO      core.mover  DRY   C:\Users\sippa\Desktop\photo_test - test run\20190722_122434.jpg  =>  C:\Users\sippa\Desktop\destination_folder_test\Photos\samsung SM-G950F\2019\07_July\20190722_122434.jpg
2026-04-24 10:35:11  INFO      core.mover  DRY   C:\Users\sippa\Desktop\photo_test - test run\20190723_075510.jpg  =>  C:\Users\sippa\Desktop\destination_folder_test\Photos\samsung SM-G950F\2019\07_July\20190723_075510.jpg
2026-04-24 10:35:11  INFO      core.mover  DRY   C:\Users\sippa\Desktop\photo_test - test run\20190723_221645.mp4  =>  C:\Users\sippa\Desktop\destination_folder_test\Videos\Android Camera\2019\07_July\20190723_221645.mp4
2026-04-24 10:35:11  INFO      core.mover  DRY   C:\Users\sippa\Desktop\photo_test - test run\20190728_075803.mp4  =>  C:\Users\sippa\Desktop\destination_folder_test\Videos\Android Camera\2019\07_July\20190728_075803.mp4
2026-04-24 10:35:11  INFO      core.mover  DUPE  20200213_094515.mp4  (original: C:\Users\sippa\Desktop\destination_folder_test\Videos\Android Camera\2020\02_February\20200213_094515.mp4)
2026-04-24 10:35:11  INFO      core.mover  DUPE  20200227_081540.mp4  (original: C:\Users\sippa\Desktop\destination_folder_test\Videos\Android Camera\2020\02_February\20200227_081540.mp4)
2026-04-24 10:35:11  INFO      core.mover  DUPE  20200624_193426.mp4  (original: C:\Users\sippa\Desktop\destination_folder_test\Videos\Android Camera\2020\06_June\20200624_193426.mp4)
2026-04-24 10:35:11  INFO      core.mover  DUPE  20230730_170149.jpg  (original: C:\Users\sippa\Desktop\destination_folder_test\Photos\Samsung Galaxy Note 8\2023\07_July\20230730_170149.jpg)
2026-04-24 10:35:11  INFO      core.mover  DUPE  20230730_174024.jpg  (original: C:\Users\sippa\Desktop\destination_folder_test\Photos\Samsung Galaxy Note 8\2023\07_July\20230730_174024.jpg)
2026-04-24 10:35:11  INFO      core.mover  DUPE  20230730_174030.jpg  (original: C:\Users\sippa\Desktop\destination_folder_test\Photos\Samsung Galaxy Note 8\2023\07_July\20230730_174030.jpg)
2026-04-24 10:35:11  INFO      core.mover  DUPE  20230731_172322.mp4  (original: C:\Users\sippa\Desktop\destination_folder_test\Videos\Android Camera\2023\07_July\20230731_172322.mp4)
2026-04-24 10:35:11  INFO      core.mover  DUPE  20260306_070840.jpg  (original: C:\Users\sippa\Desktop\destination_folder_test\Photos\Samsung Galaxy S25 Ultra\2026\03_March\20260306_070840.jpg)
2026-04-24 10:35:11  INFO      core.mover  DUPE  20260306_070844.jpg  (original: C:\Users\sippa\Desktop\destination_folder_test\Photos\Samsung Galaxy S25 Ultra\2026\03_March\20260306_070844.jpg)
2026-04-24 10:35:11  INFO      core.mover  DUPE  20260306_082037.jpg  (original: C:\Users\sippa\Desktop\destination_folder_test\Photos\Samsung Galaxy S25 Ultra\2026\03_March\20260306_082037.jpg)
2026-04-24 10:35:11  INFO      core.mover  DUPE  20260306_082039.jpg  (original: C:\Users\sippa\Desktop\destination_folder_test\Photos\Samsung Galaxy S25 Ultra\2026\03_March\20260306_082039.jpg)
2026-04-24 10:35:11  INFO      core.mover  DUPE  20260306_132126.jpg  (original: C:\Users\sippa\Desktop\destination_folder_test\Photos\Samsung Galaxy S25 Ultra\2026\03_March\20260306_132126.jpg)
2026-04-24 10:35:11  INFO      core.mover  DUPE  20260306_132128.jpg  (original: C:\Users\sippa\Desktop\destination_folder_test\Photos\Samsung Galaxy S25 Ultra\2026\03_March\20260306_132128.jpg)
2026-04-24 10:35:11  INFO      core.mover  DUPE  A7I07804.JPG  (original: C:\Users\sippa\Desktop\destination_folder_test\Photos\Sony A7 II\2022\12_December\A7I07804.JPG)
2026-04-24 10:35:11  INFO      core.mover  DUPE  A7I07823.JPG  (original: C:\Users\sippa\Desktop\destination_folder_test\Photos\Sony A7 II\2022\12_December\A7I07823.JPG)
2026-04-24 10:35:11  INFO      core.mover  DUPE  A7I07826.JPG  (original: C:\Users\sippa\Desktop\destination_folder_test\Photos\Sony A7 II\2022\12_December\A7I07826.JPG)
2026-04-24 10:35:11  INFO      core.mover  DUPE  A7I07833.JPG  (original: C:\Users\sippa\Desktop\destination_folder_test\Photos\Sony A7 II\2022\12_December\A7I07833.JPG)
2026-04-24 10:35:11  INFO      core.mover  DUPE  A7I07835.JPG  (original: C:\Users\sippa\Desktop\destination_folder_test\Photos\Sony A7 II\2022\12_December\A7I07835.JPG)
2026-04-24 10:35:11  INFO      core.mover  DUPE  A7I07989.JPG  (original: C:\Users\sippa\Desktop\destination_folder_test\Photos\Sony A7 II\2022\12_December\A7I07989.JPG)
2026-04-24 10:35:11  INFO      core.mover  DUPE  C0322.MP4  (original: C:\Users\sippa\Desktop\destination_folder_test\Videos\Panasonic Lumix\2020\09_September\C0322.MP4)
2026-04-24 10:35:11  INFO      core.mover  DUPE  C0526.MP4  (original: C:\Users\sippa\Desktop\destination_folder_test\Videos\Panasonic Lumix\2020\12_December\C0526.MP4)
2026-04-24 10:35:12  INFO      core.mover  DUPE  C1640.MP4  (original: C:\Users\sippa\Desktop\destination_folder_test\Videos\Panasonic Lumix\2022\10_October\C1640.MP4)
2026-04-24 10:35:12  INFO      core.mover  DRY   C:\Users\sippa\Desktop\photo_test - test run\capture_29.png  =>  C:\Users\sippa\Desktop\destination_folder_test\Photos\Unknown_Device\2012\03_March\capture_29.png
2026-04-24 10:35:12  INFO      core.mover  DRY   C:\Users\sippa\Desktop\photo_test - test run\complete_ver2_youtube.avi  =>  C:\Users\sippa\Desktop\destination_folder_test\Videos\Unknown_Device\2016\03_March\complete_ver2_youtube.avi
2026-04-24 10:35:12  INFO      core.mover  DUPE  DJI_0890.JPG  (original: C:\Users\sippa\Desktop\destination_folder_test\Photos\DJI Spark\2020\12_December\DJI_0890.JPG)
2026-04-24 10:35:12  INFO      core.mover  DUPE  DJI_0891.JPG  (original: C:\Users\sippa\Desktop\destination_folder_test\Photos\DJI Spark\2020\12_December\DJI_0891.JPG)
2026-04-24 10:35:12  INFO      core.mover  DUPE  DJI_0892.JPG  (original: C:\Users\sippa\Desktop\destination_folder_test\Photos\DJI Spark\2020\12_December\DJI_0892.JPG)
2026-04-24 10:35:12  INFO      core.mover  DUPE  DJI_0914.MP4  (original: C:\Users\sippa\Desktop\destination_folder_test\Videos\DJI Drone\2021\01_January\DJI_0914.MP4)
2026-04-24 10:35:12  INFO      core.mover  DUPE  DJI_0959.JPG  (original: C:\Users\sippa\Desktop\destination_folder_test\Photos\DJI Spark\2023\01_January\DJI_0959.JPG)
2026-04-24 10:35:12  INFO      core.mover  DUPE  DJI_1292.MP4  (original: C:\Users\sippa\Desktop\destination_folder_test\Videos\DJI Drone\2026\04_April\DJI_1292.MP4)
2026-04-24 10:35:12  INFO      core.mover  DUPE  DJI_1295.JPG  (original: C:\Users\sippa\Desktop\destination_folder_test\Photos\DJI Spark\2026\04_April\DJI_1295.JPG)
2026-04-24 10:35:12  INFO      core.mover  DUPE  DJI_1296.JPG  (original: C:\Users\sippa\Desktop\destination_folder_test\Photos\DJI Spark\2026\04_April\DJI_1296.JPG)
2026-04-24 10:35:12  INFO      core.mover  DRY   C:\Users\sippa\Desktop\photo_test - test run\DSC00526.JPG  =>  C:\Users\sippa\Desktop\destination_folder_test\Photos\SONY ILCE-5000\2015\01_January\DSC00526.JPG
2026-04-24 10:35:12  INFO      core.mover  DRY   C:\Users\sippa\Desktop\photo_test - test run\DSC00560.JPG  =>  C:\Users\sippa\Desktop\destination_folder_test\Photos\SONY ILCE-5000\2015\01_January\DSC00560.JPG
2026-04-24 10:35:12  INFO      core.mover  DRY   C:\Users\sippa\Desktop\photo_test - test run\DSC00570.JPG  =>  C:\Users\sippa\Desktop\destination_folder_test\Photos\SONY ILCE-5000\2015\01_January\DSC00570.JPG
2026-04-24 10:35:12  INFO      core.mover  DRY   C:\Users\sippa\Desktop\photo_test - test run\DSC00619.JPG  =>  C:\Users\sippa\Desktop\destination_folder_test\Photos\SONY ILCE-5000\2015\01_January\DSC00619.JPG
2026-04-24 10:35:12  INFO      core.mover  DRY   C:\Users\sippa\Desktop\photo_test - test run\DSC00670.JPG  =>  C:\Users\sippa\Desktop\destination_folder_test\Photos\SONY ILCE-5000\2015\01_January\DSC00670.JPG
2026-04-24 10:35:12  INFO      core.mover  DUPE  DSC02383.JPG  (original: C:\Users\sippa\Desktop\destination_folder_test\Photos\Sony FDR-AX33\2023\04_April\DSC02383.JPG)
2026-04-24 10:35:12  INFO      core.mover  DUPE  DSC02403.JPG  (original: C:\Users\sippa\Desktop\destination_folder_test\Photos\Sony FDR-AX33\2023\04_April\DSC02403.JPG)
2026-04-24 10:35:12  INFO      core.mover  DUPE  DSC02427.JPG  (original: C:\Users\sippa\Desktop\destination_folder_test\Photos\Sony FDR-AX33\2023\04_April\DSC02427.JPG)
2026-04-24 10:35:12  INFO      core.mover  DUPE  DSC02447.JPG  (original: C:\Users\sippa\Desktop\destination_folder_test\Photos\Sony FDR-AX33\2023\04_April\DSC02447.JPG)
2026-04-24 10:35:12  INFO      core.mover  DUPE  DSC02460.JPG  (original: C:\Users\sippa\Desktop\destination_folder_test\Photos\Sony FDR-AX33\2023\04_April\DSC02460.JPG)
2026-04-24 10:35:12  INFO      core.mover  DUPE  DSC02462.JPG  (original: C:\Users\sippa\Desktop\destination_folder_test\Photos\Sony FDR-AX33\2023\04_April\DSC02462.JPG)
2026-04-24 10:35:12  INFO      core.mover  DRY   C:\Users\sippa\Desktop\photo_test - test run\DSC07301.JPG  =>  C:\Users\sippa\Desktop\destination_folder_test\Photos\SONY ILCE-5000\2014\12_December\DSC07301.JPG
2026-04-24 10:35:12  INFO      core.mover  DRY   C:\Users\sippa\Desktop\photo_test - test run\DSC07435.JPG  =>  C:\Users\sippa\Desktop\destination_folder_test\Photos\SONY ILCE-5000\2014\12_December\DSC07435.JPG
2026-04-24 10:35:12  INFO      core.mover  DRY   C:\Users\sippa\Desktop\photo_test - test run\DSC07544.JPG  =>  C:\Users\sippa\Desktop\destination_folder_test\Photos\SONY ILCE-5000\2014\12_December\DSC07544.JPG
2026-04-24 10:35:12  INFO      core.mover  DRY   C:\Users\sippa\Desktop\photo_test - test run\DSC07571.JPG  =>  C:\Users\sippa\Desktop\destination_folder_test\Photos\SONY ILCE-5000\2014\12_December\DSC07571.JPG
2026-04-24 10:35:12  INFO      core.mover  DUPE  FB_IMG_1610886602794.jpg  (original: C:\Users\sippa\Desktop\destination_folder_test\Photos\Facebook\2021\01_January\FB_IMG_1610886602794.jpg)
2026-04-24 10:35:12  INFO      core.mover  DUPE  FB_IMG_1610978846038.jpg  (original: C:\Users\sippa\Desktop\destination_folder_test\Photos\Facebook\2021\01_January\FB_IMG_1610978846038.jpg)
2026-04-24 10:35:12  INFO      core.mover  DUPE  FB_IMG_1611486097513.jpg  (original: C:\Users\sippa\Desktop\destination_folder_test\Photos\Facebook\2021\01_January\FB_IMG_1611486097513.jpg)
2026-04-24 10:35:12  INFO      core.mover  DUPE  FB_IMG_1611898136859.jpg  (original: C:\Users\sippa\Desktop\destination_folder_test\Photos\Facebook\2021\01_January\FB_IMG_1611898136859.jpg)
2026-04-24 10:35:12  INFO      core.mover  DUPE  FB_IMG_1612071086257.jpg  (original: C:\Users\sippa\Desktop\destination_folder_test\Photos\Facebook\2021\01_January\FB_IMG_1612071086257.jpg)
2026-04-24 10:35:12  INFO      core.mover  DUPE  FB_IMG_1613374817091.jpg  (original: C:\Users\sippa\Desktop\destination_folder_test\Photos\Facebook\2021\02_February\FB_IMG_1613374817091.jpg)
2026-04-24 10:35:12  INFO      core.mover  DUPE  FB_IMG_1613999273542.jpg  (original: C:\Users\sippa\Desktop\destination_folder_test\Photos\Facebook\2021\02_February\FB_IMG_1613999273542.jpg)
2026-04-24 10:35:12  INFO      core.mover  DUPE  FB_IMG_1614128489222.jpg  (original: C:\Users\sippa\Desktop\destination_folder_test\Photos\Facebook\2021\02_February\FB_IMG_1614128489222.jpg)
2026-04-24 10:35:12  INFO      core.mover  DUPE  FB_IMG_1614495158485.jpg  (original: C:\Users\sippa\Desktop\destination_folder_test\Photos\Facebook\2021\02_February\FB_IMG_1614495158485.jpg)
2026-04-24 10:35:12  INFO      core.mover  DUPE  FB_IMG_1614771485590.jpg  (original: C:\Users\sippa\Desktop\destination_folder_test\Photos\Facebook\2021\03_March\FB_IMG_1614771485590.jpg)
2026-04-24 10:35:12  INFO      core.mover  DUPE  FB_IMG_1614776237701.jpg  (original: C:\Users\sippa\Desktop\destination_folder_test\Photos\Facebook\2021\03_March\FB_IMG_1614776237701.jpg)
2026-04-24 10:35:12  INFO      core.mover  DUPE  FB_IMG_1614865539175.jpg  (original: C:\Users\sippa\Desktop\destination_folder_test\Photos\Facebook\2021\03_March\FB_IMG_1614865539175.jpg)
2026-04-24 10:35:12  INFO      core.mover  DUPE  FB_IMG_1614915905520.jpg  (original: C:\Users\sippa\Desktop\destination_folder_test\Photos\Facebook\2021\03_March\FB_IMG_1614915905520.jpg)
2026-04-24 10:35:12  INFO      core.mover  DUPE  FB_IMG_1615025595566.jpg  (original: C:\Users\sippa\Desktop\destination_folder_test\Photos\Facebook\2021\03_March\FB_IMG_1615025595566.jpg)
2026-04-24 10:35:12  INFO      core.mover  DUPE  FB_IMG_1615514453996.jpg  (original: C:\Users\sippa\Desktop\destination_folder_test\Photos\Facebook\2021\03_March\FB_IMG_1615514453996.jpg)
2026-04-24 10:35:12  INFO      core.mover  DUPE  FB_IMG_1615530520541.jpg  (original: C:\Users\sippa\Desktop\destination_folder_test\Photos\Facebook\2021\03_March\FB_IMG_1615530520541.jpg)
2026-04-24 10:35:12  INFO      core.mover  DUPE  FB_IMG_1615530528077.jpg  (original: C:\Users\sippa\Desktop\destination_folder_test\Photos\Facebook\2021\03_March\FB_IMG_1615530528077.jpg)
2026-04-24 10:35:12  INFO      core.mover  DUPE  FB_IMG_1615768292470.jpg  (original: C:\Users\sippa\Desktop\destination_folder_test\Photos\Facebook\2021\03_March\FB_IMG_1615768292470.jpg)
2026-04-24 10:35:12  INFO      core.mover  DUPE  FB_IMG_1615768294845.jpg  (original: C:\Users\sippa\Desktop\destination_folder_test\Photos\Facebook\2021\03_March\FB_IMG_1615768294845.jpg)
2026-04-24 10:35:12  INFO      core.mover  DUPE  FB_IMG_1615768296975.jpg  (original: C:\Users\sippa\Desktop\destination_folder_test\Photos\Facebook\2021\03_March\FB_IMG_1615768296975.jpg)
2026-04-24 10:35:12  INFO      core.mover  DUPE  FB_IMG_1615768299212.jpg  (original: C:\Users\sippa\Desktop\destination_folder_test\Photos\Facebook\2021\03_March\FB_IMG_1615768299212.jpg)
2026-04-24 10:35:12  INFO      core.mover  DUPE  FB_IMG_1615768301847.jpg  (original: C:\Users\sippa\Desktop\destination_folder_test\Photos\Facebook\2021\03_March\FB_IMG_1615768301847.jpg)
2026-04-24 10:35:12  INFO      core.mover  DUPE  FB_IMG_1615768305498.jpg  (original: C:\Users\sippa\Desktop\destination_folder_test\Photos\Facebook\2021\03_March\FB_IMG_1615768305498.jpg)
2026-04-24 10:35:12  INFO      core.mover  DUPE  FB_IMG_1616400261556.jpg  (original: C:\Users\sippa\Desktop\destination_folder_test\Photos\Facebook\2021\03_March\FB_IMG_1616400261556.jpg)
2026-04-24 10:35:12  INFO      core.mover  DUPE  FB_IMG_1616588202981.jpg  (original: C:\Users\sippa\Desktop\destination_folder_test\Photos\Facebook\2021\03_March\FB_IMG_1616588202981.jpg)
2026-04-24 10:35:12  INFO      core.mover  DUPE  FB_IMG_1616918172165.jpg  (original: C:\Users\sippa\Desktop\destination_folder_test\Photos\Facebook\2021\03_March\FB_IMG_1616918172165.jpg)
2026-04-24 10:35:12  INFO      core.mover  DUPE  FB_IMG_1616918175756.jpg  (original: C:\Users\sippa\Desktop\destination_folder_test\Photos\Facebook\2021\03_March\FB_IMG_1616918175756.jpg)
2026-04-24 10:35:12  INFO      core.mover  DUPE  FB_IMG_1618041578519.jpg  (original: C:\Users\sippa\Desktop\destination_folder_test\Photos\Facebook\2021\04_April\FB_IMG_1618041578519.jpg)
2026-04-24 10:35:12  INFO      core.mover  DUPE  FB_IMG_1618456115721.jpg  (original: C:\Users\sippa\Desktop\destination_folder_test\Photos\Facebook\2021\04_April\FB_IMG_1618456115721.jpg)
2026-04-24 10:35:12  INFO      core.mover  DUPE  FB_IMG_1618625350020.jpg  (original: C:\Users\sippa\Desktop\destination_folder_test\Photos\Facebook\2021\04_April\FB_IMG_1618625350020.jpg)
2026-04-24 10:35:12  INFO      core.mover  DUPE  FB_IMG_1618625355355.jpg  (original: C:\Users\sippa\Desktop\destination_folder_test\Photos\Facebook\2021\04_April\FB_IMG_1618625355355.jpg)
2026-04-24 10:35:12  INFO      core.mover  DUPE  FB_IMG_1618842604396.jpg  (original: C:\Users\sippa\Desktop\destination_folder_test\Photos\Facebook\2021\04_April\FB_IMG_1618842604396.jpg)
2026-04-24 10:35:12  INFO      core.mover  DUPE  FB_IMG_1618899721741.jpg  (original: C:\Users\sippa\Desktop\destination_folder_test\Photos\Facebook\2021\04_April\FB_IMG_1618899721741.jpg)
2026-04-24 10:35:12  INFO      core.mover  DUPE  FB_IMG_1619160306874.jpg  (original: C:\Users\sippa\Desktop\destination_folder_test\Photos\Facebook\2021\04_April\FB_IMG_1619160306874.jpg)
2026-04-24 10:35:12  INFO      core.mover  DUPE  FB_IMG_1619160312469.jpg  (original: C:\Users\sippa\Desktop\destination_folder_test\Photos\Facebook\2021\04_April\FB_IMG_1619160312469.jpg)
2026-04-24 10:35:12  INFO      core.mover  DUPE  FB_IMG_1619244251396.jpg  (original: C:\Users\sippa\Desktop\destination_folder_test\Photos\Facebook\2021\04_April\FB_IMG_1619244251396.jpg)
2026-04-24 10:35:12  INFO      core.mover  DUPE  FB_IMG_1619361153010.jpg  (original: C:\Users\sippa\Desktop\destination_folder_test\Photos\Facebook\2021\04_April\FB_IMG_1619361153010.jpg)
2026-04-24 10:35:12  INFO      core.mover  DUPE  FB_IMG_1619776600282.jpg  (original: C:\Users\sippa\Desktop\destination_folder_test\Photos\Facebook\2021\04_April\FB_IMG_1619776600282.jpg)
2026-04-24 10:35:12  INFO      core.mover  DUPE  FB_IMG_1619930641041.jpg  (original: C:\Users\sippa\Desktop\destination_folder_test\Photos\Facebook\2021\05_May\FB_IMG_1619930641041.jpg)
2026-04-24 10:35:12  INFO      core.mover  DUPE  FB_IMG_1619930660810.jpg  (original: C:\Users\sippa\Desktop\destination_folder_test\Photos\Facebook\2021\05_May\FB_IMG_1619930660810.jpg)
2026-04-24 10:35:12  INFO      core.mover  DUPE  FB_IMG_1619930685988.jpg  (original: C:\Users\sippa\Desktop\destination_folder_test\Photos\Facebook\2021\05_May\FB_IMG_1619930685988.jpg)
2026-04-24 10:35:12  INFO      core.mover  DUPE  FB_IMG_1619970194614.jpg  (original: C:\Users\sippa\Desktop\destination_folder_test\Photos\Facebook\2021\05_May\FB_IMG_1619970194614.jpg)
2026-04-24 10:35:12  INFO      core.mover  DUPE  FB_IMG_1620050153735.jpg  (original: C:\Users\sippa\Desktop\destination_folder_test\Photos\Facebook\2021\05_May\FB_IMG_1620050153735.jpg)
2026-04-24 10:35:12  INFO      core.mover  DUPE  FB_IMG_1620274269356.jpg  (original: C:\Users\sippa\Desktop\destination_folder_test\Photos\Facebook\2021\05_May\FB_IMG_1620274269356.jpg)
2026-04-24 10:35:12  INFO      core.mover  DUPE  FB_IMG_1620282147781.jpg  (original: C:\Users\sippa\Desktop\destination_folder_test\Photos\Facebook\2021\05_May\FB_IMG_1620282147781.jpg)
2026-04-24 10:35:12  INFO      core.mover  DUPE  FB_IMG_1620715456938.jpg  (original: C:\Users\sippa\Desktop\destination_folder_test\Photos\Facebook\2021\05_May\FB_IMG_1620715456938.jpg)
2026-04-24 10:35:12  INFO      core.mover  DUPE  FB_IMG_1620787788997.jpg  (original: C:\Users\sippa\Desktop\destination_folder_test\Photos\Facebook\2021\05_May\FB_IMG_1620787788997.jpg)
2026-04-24 10:35:12  INFO      core.mover  DUPE  FB_IMG_1620787803147.jpg  (original: C:\Users\sippa\Desktop\destination_folder_test\Photos\Facebook\2021\05_May\FB_IMG_1620787803147.jpg)
2026-04-24 10:35:12  INFO      core.mover  DUPE  FB_IMG_1621136854904.jpg  (original: C:\Users\sippa\Desktop\destination_folder_test\Photos\Facebook\2021\05_May\FB_IMG_1621136854904.jpg)
2026-04-24 10:35:12  INFO      core.mover  DUPE  FB_IMG_1621372923787.jpg  (original: C:\Users\sippa\Desktop\destination_folder_test\Photos\Facebook\2021\05_May\FB_IMG_1621372923787.jpg)
2026-04-24 10:35:12  INFO      core.mover  DUPE  FB_IMG_1621561840556.jpg  (original: C:\Users\sippa\Desktop\destination_folder_test\Photos\Facebook\2021\05_May\FB_IMG_1621561840556.jpg)
2026-04-24 10:35:12  INFO      core.mover  DUPE  FB_IMG_1621572203015.jpg  (original: C:\Users\sippa\Desktop\destination_folder_test\Photos\Facebook\2021\05_May\FB_IMG_1621572203015.jpg)
2026-04-24 10:35:12  INFO      core.mover  DUPE  FB_IMG_1621655594649.jpg  (original: C:\Users\sippa\Desktop\destination_folder_test\Photos\Facebook\2021\05_May\FB_IMG_1621655594649.jpg)
2026-04-24 10:35:12  INFO      core.mover  DUPE  FB_IMG_1621831348180.jpg  (original: C:\Users\sippa\Desktop\destination_folder_test\Photos\Facebook\2021\05_May\FB_IMG_1621831348180.jpg)
2026-04-24 10:35:12  INFO      core.mover  DUPE  FB_IMG_1621848499759.jpg  (original: C:\Users\sippa\Desktop\destination_folder_test\Photos\Facebook\2021\05_May\FB_IMG_1621848499759.jpg)
2026-04-24 10:35:12  INFO      core.mover  DUPE  FB_IMG_1622323782060.jpg  (original: C:\Users\sippa\Desktop\destination_folder_test\Photos\Facebook\2021\05_May\FB_IMG_1622323782060.jpg)
2026-04-24 10:35:12  INFO      core.mover  DUPE  FB_IMG_1622325473985.jpg  (original: C:\Users\sippa\Desktop\destination_folder_test\Photos\Facebook\2021\05_May\FB_IMG_1622325473985.jpg)
2026-04-24 10:35:12  INFO      core.mover  DUPE  FB_IMG_1622325644882.jpg  (original: C:\Users\sippa\Desktop\destination_folder_test\Photos\Facebook\2021\05_May\FB_IMG_1622325644882.jpg)
2026-04-24 10:35:12  INFO      core.mover  DUPE  FB_IMG_1622325738403.jpg  (original: C:\Users\sippa\Desktop\destination_folder_test\Photos\Facebook\2021\05_May\FB_IMG_1622325738403.jpg)
2026-04-24 10:35:12  INFO      core.mover  DUPE  FB_IMG_1622325841435.jpg  (original: C:\Users\sippa\Desktop\destination_folder_test\Photos\Facebook\2021\05_May\FB_IMG_1622325841435.jpg)
2026-04-24 10:35:12  INFO      core.mover  DUPE  FB_IMG_1622373136478.jpg  (original: C:\Users\sippa\Desktop\destination_folder_test\Photos\Facebook\2021\05_May\FB_IMG_1622373136478.jpg)
2026-04-24 10:35:12  INFO      core.mover  DUPE  FB_IMG_1622453947143.jpg  (original: C:\Users\sippa\Desktop\destination_folder_test\Photos\Facebook\2021\05_May\FB_IMG_1622453947143.jpg)
2026-04-24 10:35:12  INFO      core.mover  DUPE  FB_IMG_1622467885452.jpg  (original: C:\Users\sippa\Desktop\destination_folder_test\Photos\Facebook\2021\05_May\FB_IMG_1622467885452.jpg)
2026-04-24 10:35:12  INFO      core.mover  DUPE  FB_IMG_1622475212335.jpg  (original: C:\Users\sippa\Desktop\destination_folder_test\Photos\Facebook\2021\05_May\FB_IMG_1622475212335.jpg)
2026-04-24 10:35:12  INFO      core.mover  DUPE  FB_IMG_1622479508198.jpg  (original: C:\Users\sippa\Desktop\destination_folder_test\Photos\Facebook\2021\05_May\FB_IMG_1622479508198.jpg)
2026-04-24 10:35:12  INFO      core.mover  DUPE  FB_IMG_1622700007326.jpg  (original: C:\Users\sippa\Desktop\destination_folder_test\Photos\Facebook\2021\06_June\FB_IMG_1622700007326.jpg)
2026-04-24 10:35:12  INFO      core.mover  DUPE  FB_IMG_1622796590372.jpg  (original: C:\Users\sippa\Desktop\destination_folder_test\Photos\Facebook\2021\06_June\FB_IMG_1622796590372.jpg)
2026-04-24 10:35:12  INFO      core.mover  DUPE  FB_IMG_1622969411071.jpg  (original: C:\Users\sippa\Desktop\destination_folder_test\Photos\Facebook\2021\06_June\FB_IMG_1622969411071.jpg)
2026-04-24 10:35:12  INFO      core.mover  DUPE  FB_IMG_1623162319868.jpg  (original: C:\Users\sippa\Desktop\destination_folder_test\Photos\Facebook\2021\06_June\FB_IMG_1623162319868.jpg)
2026-04-24 10:35:12  INFO      core.mover  DUPE  FB_IMG_1623163565451.jpg  (original: C:\Users\sippa\Desktop\destination_folder_test\Photos\Facebook\2021\06_June\FB_IMG_1623163565451.jpg)
2026-04-24 10:35:12  INFO      core.mover  DUPE  FB_IMG_1623495191744.jpg  (original: C:\Users\sippa\Desktop\destination_folder_test\Photos\Facebook\2021\06_June\FB_IMG_1623495191744.jpg)
2026-04-24 10:35:12  INFO      core.mover  DUPE  FB_IMG_1623559632776.jpg  (original: C:\Users\sippa\Desktop\destination_folder_test\Photos\Facebook\2021\06_June\FB_IMG_1623559632776.jpg)
2026-04-24 10:35:12  INFO      core.mover  DUPE  FB_IMG_1623635637586.jpg  (original: C:\Users\sippa\Desktop\destination_folder_test\Photos\Facebook\2021\06_June\FB_IMG_1623635637586.jpg)
2026-04-24 10:35:12  INFO      core.mover  DUPE  FB_IMG_1623839764971.jpg  (original: C:\Users\sippa\Desktop\destination_folder_test\Photos\Facebook\2021\06_June\FB_IMG_1623839764971.jpg)
2026-04-24 10:35:12  INFO      core.mover  DUPE  FB_IMG_1623839819157.jpg  (original: C:\Users\sippa\Desktop\destination_folder_test\Photos\Facebook\2021\06_June\FB_IMG_1623839819157.jpg)
2026-04-24 10:35:12  INFO      core.mover  DUPE  FB_IMG_1623839838499.jpg  (original: C:\Users\sippa\Desktop\destination_folder_test\Photos\Facebook\2021\06_June\FB_IMG_1623839838499.jpg)
2026-04-24 10:35:12  INFO      core.mover  DUPE  FB_IMG_1623839841647.jpg  (original: C:\Users\sippa\Desktop\destination_folder_test\Photos\Facebook\2021\06_June\FB_IMG_1623839841647.jpg)
2026-04-24 10:35:12  INFO      core.mover  DUPE  FB_IMG_1623839844029.jpg  (original: C:\Users\sippa\Desktop\destination_folder_test\Photos\Facebook\2021\06_June\FB_IMG_1623839844029.jpg)
2026-04-24 10:35:12  INFO      core.mover  DUPE  FB_IMG_1623849478314.jpg  (original: C:\Users\sippa\Desktop\destination_folder_test\Photos\Facebook\2021\06_June\FB_IMG_1623849478314.jpg)
2026-04-24 10:35:12  INFO      core.mover  DUPE  FB_IMG_1624160483647.jpg  (original: C:\Users\sippa\Desktop\destination_folder_test\Photos\Facebook\2021\06_June\FB_IMG_1624160483647.jpg)
2026-04-24 10:35:12  INFO      core.mover  DUPE  FB_IMG_1624160492923.jpg  (original: C:\Users\sippa\Desktop\destination_folder_test\Photos\Facebook\2021\06_June\FB_IMG_1624160492923.jpg)
2026-04-24 10:35:12  INFO      core.mover  DUPE  FB_IMG_1624160527258.jpg  (original: C:\Users\sippa\Desktop\destination_folder_test\Photos\Facebook\2021\06_June\FB_IMG_1624160527258.jpg)
2026-04-24 10:35:12  INFO      core.mover  DUPE  FB_IMG_1624160549465.jpg  (original: C:\Users\sippa\Desktop\destination_folder_test\Photos\Facebook\2021\06_June\FB_IMG_1624160549465.jpg)
2026-04-24 10:35:12  INFO      core.mover  DUPE  FB_IMG_1624160569880.jpg  (original: C:\Users\sippa\Desktop\destination_folder_test\Photos\Facebook\2021\06_June\FB_IMG_1624160569880.jpg)
2026-04-24 10:35:12  INFO      core.mover  DUPE  FB_IMG_1624160602014.jpg  (original: C:\Users\sippa\Desktop\destination_folder_test\Photos\Facebook\2021\06_June\FB_IMG_1624160602014.jpg)
2026-04-24 10:35:12  INFO      core.mover  DUPE  FB_IMG_1624160630260.jpg  (original: C:\Users\sippa\Desktop\destination_folder_test\Photos\Facebook\2021\06_June\FB_IMG_1624160630260.jpg)
2026-04-24 10:35:12  INFO      core.mover  DUPE  FB_IMG_1624535578732.jpg  (original: C:\Users\sippa\Desktop\destination_folder_test\Photos\Facebook\2021\06_June\FB_IMG_1624535578732.jpg)
2026-04-24 10:35:12  INFO      core.mover  DUPE  FB_IMG_1624786704258.jpg  (original: C:\Users\sippa\Desktop\destination_folder_test\Photos\Facebook\2021\06_June\FB_IMG_1624786704258.jpg)
2026-04-24 10:35:12  INFO      core.mover  DUPE  FB_IMG_1624790461520.jpg  (original: C:\Users\sippa\Desktop\destination_folder_test\Photos\Facebook\2021\06_June\FB_IMG_1624790461520.jpg)
2026-04-24 10:35:12  INFO      core.mover  DUPE  FB_IMG_1625033732451.jpg  (original: C:\Users\sippa\Desktop\destination_folder_test\Photos\Facebook\2021\06_June\FB_IMG_1625033732451.jpg)
2026-04-24 10:35:12  INFO      core.mover  DUPE  FB_IMG_1625321076759.jpg  (original: C:\Users\sippa\Desktop\destination_folder_test\Photos\Facebook\2021\07_July\FB_IMG_1625321076759.jpg)
2026-04-24 10:35:12  INFO      core.mover  DUPE  FB_IMG_1625536762607.jpg  (original: C:\Users\sippa\Desktop\destination_folder_test\Photos\Facebook\2021\07_July\FB_IMG_1625536762607.jpg)
2026-04-24 10:35:12  INFO      core.mover  DUPE  FB_IMG_1625544499558.jpg  (original: C:\Users\sippa\Desktop\destination_folder_test\Photos\Facebook\2021\07_July\FB_IMG_1625544499558.jpg)
2026-04-24 10:35:12  INFO      core.mover  DUPE  FB_IMG_1625544562014.jpg  (original: C:\Users\sippa\Desktop\destination_folder_test\Photos\Facebook\2021\07_July\FB_IMG_1625544562014.jpg)
2026-04-24 10:35:12  INFO      core.mover  DUPE  FB_IMG_1625544571220.jpg  (original: C:\Users\sippa\Desktop\destination_folder_test\Photos\Facebook\2021\07_July\FB_IMG_1625544571220.jpg)
2026-04-24 10:35:12  INFO      core.mover  DUPE  FB_IMG_1625935802503.jpg  (original: C:\Users\sippa\Desktop\destination_folder_test\Photos\Facebook\2021\07_July\FB_IMG_1625935802503.jpg)
2026-04-24 10:35:12  INFO      core.mover  DUPE  FB_IMG_1625935933720.jpg  (original: C:\Users\sippa\Desktop\destination_folder_test\Photos\Facebook\2021\07_July\FB_IMG_1625935933720.jpg)
2026-04-24 10:35:12  INFO      core.mover  DUPE  FB_IMG_1626269564118.jpg  (original: C:\Users\sippa\Desktop\destination_folder_test\Photos\Facebook\2021\07_July\FB_IMG_1626269564118.jpg)
2026-04-24 10:35:12  INFO      core.mover  DUPE  FB_IMG_1627001269969.jpg  (original: C:\Users\sippa\Desktop\destination_folder_test\Photos\Facebook\2021\07_July\FB_IMG_1627001269969.jpg)
2026-04-24 10:35:12  INFO      core.mover  DUPE  FB_IMG_1627116435630.jpg  (original: C:\Users\sippa\Desktop\destination_folder_test\Photos\Facebook\2021\07_July\FB_IMG_1627116435630.jpg)
2026-04-24 10:35:12  INFO      core.mover  DUPE  FB_IMG_1627188818970.jpg  (original: C:\Users\sippa\Desktop\destination_folder_test\Photos\Facebook\2021\07_July\FB_IMG_1627188818970.jpg)
2026-04-24 10:35:12  INFO      core.mover  DUPE  FB_IMG_1627268756737.jpg  (original: C:\Users\sippa\Desktop\destination_folder_test\Photos\Facebook\2021\07_July\FB_IMG_1627268756737.jpg)
2026-04-24 10:35:12  INFO      core.mover  DUPE  FB_IMG_1627817381582.jpg  (original: C:\Users\sippa\Desktop\destination_folder_test\Photos\Facebook\2021\08_August\FB_IMG_1627817381582.jpg)
2026-04-24 10:35:12  INFO      core.mover  DUPE  FB_IMG_1628006103025.jpg  (original: C:\Users\sippa\Desktop\destination_folder_test\Photos\Facebook\2021\08_August\FB_IMG_1628006103025.jpg)
2026-04-24 10:35:12  INFO      core.mover  DUPE  FB_IMG_1628006105692.jpg  (original: C:\Users\sippa\Desktop\destination_folder_test\Photos\Facebook\2021\08_August\FB_IMG_1628006105692.jpg)
2026-04-24 10:35:12  INFO      core.mover  DUPE  FB_IMG_1628006108037.jpg  (original: C:\Users\sippa\Desktop\destination_folder_test\Photos\Facebook\2021\08_August\FB_IMG_1628006108037.jpg)
2026-04-24 10:35:12  INFO      core.mover  DUPE  FB_IMG_1628528842615.jpg  (original: C:\Users\sippa\Desktop\destination_folder_test\Photos\Facebook\2021\08_August\FB_IMG_1628528842615.jpg)
2026-04-24 10:35:12  INFO      core.mover  DUPE  FB_IMG_1628737607591.jpg  (original: C:\Users\sippa\Desktop\destination_folder_test\Photos\Facebook\2021\08_August\FB_IMG_1628737607591.jpg)
2026-04-24 10:35:12  INFO      core.mover  DUPE  FB_IMG_1628816749698.jpg  (original: C:\Users\sippa\Desktop\destination_folder_test\Photos\Facebook\2021\08_August\FB_IMG_1628816749698.jpg)
2026-04-24 10:35:12  INFO      core.mover  DUPE  FB_IMG_1628865732905.jpg  (original: C:\Users\sippa\Desktop\destination_folder_test\Photos\Facebook\2021\08_August\FB_IMG_1628865732905.jpg)
2026-04-24 10:35:12  INFO      core.mover  DUPE  FB_IMG_1628868302500.jpg  (original: C:\Users\sippa\Desktop\destination_folder_test\Photos\Facebook\2021\08_August\FB_IMG_1628868302500.jpg)
2026-04-24 10:35:12  INFO      core.mover  DUPE  FB_IMG_1628913750818.jpg  (original: C:\Users\sippa\Desktop\destination_folder_test\Photos\Facebook\2021\08_August\FB_IMG_1628913750818.jpg)
2026-04-24 10:35:12  INFO      core.mover  DUPE  FB_IMG_1628917594131.jpg  (original: C:\Users\sippa\Desktop\destination_folder_test\Photos\Facebook\2021\08_August\FB_IMG_1628917594131.jpg)
2026-04-24 10:35:12  INFO      core.mover  DUPE  FB_IMG_1628917596504.jpg  (original: C:\Users\sippa\Desktop\destination_folder_test\Photos\Facebook\2021\08_August\FB_IMG_1628917596504.jpg)
2026-04-24 10:35:12  INFO      core.mover  DUPE  FB_IMG_1628917598590.jpg  (original: C:\Users\sippa\Desktop\destination_folder_test\Photos\Facebook\2021\08_August\FB_IMG_1628917598590.jpg)
2026-04-24 10:35:12  INFO      core.mover  DUPE  FB_IMG_1628917600969.jpg  (original: C:\Users\sippa\Desktop\destination_folder_test\Photos\Facebook\2021\08_August\FB_IMG_1628917600969.jpg)
2026-04-24 10:35:12  INFO      core.mover  DUPE  FB_IMG_1628917605042.jpg  (original: C:\Users\sippa\Desktop\destination_folder_test\Photos\Facebook\2021\08_August\FB_IMG_1628917605042.jpg)
2026-04-24 10:35:12  INFO      core.mover  DUPE  FB_IMG_1628917607465.jpg  (original: C:\Users\sippa\Desktop\destination_folder_test\Photos\Facebook\2021\08_August\FB_IMG_1628917607465.jpg)
2026-04-24 10:35:12  INFO      core.mover  DUPE  FB_IMG_1628985112639.jpg  (original: C:\Users\sippa\Desktop\destination_folder_test\Photos\Facebook\2021\08_August\FB_IMG_1628985112639.jpg)
2026-04-24 10:35:12  INFO      core.mover  DUPE  FB_IMG_1629611227433.jpg  (original: C:\Users\sippa\Desktop\destination_folder_test\Photos\Facebook\2021\08_August\FB_IMG_1629611227433.jpg)
2026-04-24 10:35:12  INFO      core.mover  DUPE  FB_IMG_1630376017799.jpg  (original: C:\Users\sippa\Desktop\destination_folder_test\Photos\Facebook\2021\08_August\FB_IMG_1630376017799.jpg)
2026-04-24 10:35:12  INFO      core.mover  DUPE  FB_IMG_1630378338646.jpg  (original: C:\Users\sippa\Desktop\destination_folder_test\Photos\Facebook\2021\08_August\FB_IMG_1630378338646.jpg)
2026-04-24 10:35:12  INFO      core.mover  DUPE  FB_IMG_1631425192265.jpg  (original: C:\Users\sippa\Desktop\destination_folder_test\Photos\Facebook\2021\09_September\FB_IMG_1631425192265.jpg)
2026-04-24 10:35:12  INFO      core.mover  DUPE  FB_IMG_1631906302246.jpg  (original: C:\Users\sippa\Desktop\destination_folder_test\Photos\Facebook\2021\09_September\FB_IMG_1631906302246.jpg)
2026-04-24 10:35:12  INFO      core.mover  DUPE  FB_IMG_1632441262440.jpg  (original: C:\Users\sippa\Desktop\destination_folder_test\Photos\Facebook\2021\09_September\FB_IMG_1632441262440.jpg)
2026-04-24 10:35:12  INFO      core.mover  DUPE  FB_IMG_1632754910486.jpg  (original: C:\Users\sippa\Desktop\destination_folder_test\Photos\Facebook\2021\09_September\FB_IMG_1632754910486.jpg)
2026-04-24 10:35:12  INFO      core.mover  DUPE  FB_IMG_1633418644449.jpg  (original: C:\Users\sippa\Desktop\destination_folder_test\Photos\Facebook\2021\10_October\FB_IMG_1633418644449.jpg)
2026-04-24 10:35:12  INFO      core.mover  DUPE  FB_IMG_1634438935238.jpg  (original: C:\Users\sippa\Desktop\destination_folder_test\Photos\Facebook\2021\10_October\FB_IMG_1634438935238.jpg)
2026-04-24 10:35:12  INFO      core.mover  DUPE  FB_IMG_1635790918796.jpg  (original: C:\Users\sippa\Desktop\destination_folder_test\Photos\Facebook\2021\11_November\FB_IMG_1635790918796.jpg)
2026-04-24 10:35:12  INFO      core.mover  DUPE  FB_IMG_1635790994295.jpg  (original: C:\Users\sippa\Desktop\destination_folder_test\Photos\Facebook\2021\11_November\FB_IMG_1635790994295.jpg)
2026-04-24 10:35:12  INFO      core.mover  DUPE  FB_IMG_1636647491309.jpg  (original: C:\Users\sippa\Desktop\destination_folder_test\Photos\Facebook\2021\11_November\FB_IMG_1636647491309.jpg)
2026-04-24 10:35:12  INFO      core.mover  DUPE  FB_IMG_1637159150973.jpg  (original: C:\Users\sippa\Desktop\destination_folder_test\Photos\Facebook\2021\11_November\FB_IMG_1637159150973.jpg)
2026-04-24 10:35:12  INFO      core.mover  DUPE  FB_IMG_1637159435061.jpg  (original: C:\Users\sippa\Desktop\destination_folder_test\Photos\Facebook\2021\11_November\FB_IMG_1637159435061.jpg)
2026-04-24 10:35:12  INFO      core.mover  DUPE  FB_IMG_1637231262467.jpg  (original: C:\Users\sippa\Desktop\destination_folder_test\Photos\Facebook\2021\11_November\FB_IMG_1637231262467.jpg)
2026-04-24 10:35:12  INFO      core.mover  DUPE  FB_IMG_1637504906304.jpg  (original: C:\Users\sippa\Desktop\destination_folder_test\Photos\Facebook\2021\11_November\FB_IMG_1637504906304.jpg)
2026-04-24 10:35:12  INFO      core.mover  DUPE  FB_IMG_1637980180374.jpg  (original: C:\Users\sippa\Desktop\destination_folder_test\Photos\Facebook\2021\11_November\FB_IMG_1637980180374.jpg)
2026-04-24 10:35:12  INFO      core.mover  DUPE  FB_IMG_1638679965982.jpg  (original: C:\Users\sippa\Desktop\destination_folder_test\Photos\Facebook\2021\12_December\FB_IMG_1638679965982.jpg)
2026-04-24 10:35:12  INFO      core.mover  DUPE  FB_IMG_1640288252972.jpg  (original: C:\Users\sippa\Desktop\destination_folder_test\Photos\Facebook\2021\12_December\FB_IMG_1640288252972.jpg)
2026-04-24 10:35:12  INFO      core.mover  DUPE  FB_IMG_1640514991849.jpg  (original: C:\Users\sippa\Desktop\destination_folder_test\Photos\Facebook\2021\12_December\FB_IMG_1640514991849.jpg)
2026-04-24 10:35:12  INFO      core.mover  DUPE  FB_IMG_1640855263846.jpg  (original: C:\Users\sippa\Desktop\destination_folder_test\Photos\Facebook\2021\12_December\FB_IMG_1640855263846.jpg)
2026-04-24 10:35:12  INFO      core.mover  DUPE  FB_IMG_1641445517930.jpg  (original: C:\Users\sippa\Desktop\destination_folder_test\Photos\Facebook\2022\01_January\FB_IMG_1641445517930.jpg)
2026-04-24 10:35:12  INFO      core.mover  DUPE  FB_IMG_1641704151198.jpg  (original: C:\Users\sippa\Desktop\destination_folder_test\Photos\Facebook\2022\01_January\FB_IMG_1641704151198.jpg)
2026-04-24 10:35:12  INFO      core.mover  DUPE  FB_IMG_1642410969667.jpg  (original: C:\Users\sippa\Desktop\destination_folder_test\Photos\Facebook\2022\01_January\FB_IMG_1642410969667.jpg)
2026-04-24 10:35:12  INFO      core.mover  DUPE  FB_IMG_1643434438784.jpg  (original: C:\Users\sippa\Desktop\destination_folder_test\Photos\Facebook\2022\01_January\FB_IMG_1643434438784.jpg)
2026-04-24 10:35:12  INFO      core.mover  DUPE  FB_IMG_1643816542993.jpg  (original: C:\Users\sippa\Desktop\destination_folder_test\Photos\Facebook\2022\02_February\FB_IMG_1643816542993.jpg)
2026-04-24 10:35:12  INFO      core.mover  DUPE  FB_IMG_1644695531344.jpg  (original: C:\Users\sippa\Desktop\destination_folder_test\Photos\Facebook\2022\02_February\FB_IMG_1644695531344.jpg)
2026-04-24 10:35:12  INFO      core.mover  DUPE  FB_IMG_1645109439095.jpg  (original: C:\Users\sippa\Desktop\destination_folder_test\Photos\Facebook\2022\02_February\FB_IMG_1645109439095.jpg)
2026-04-24 10:35:12  INFO      core.mover  DUPE  FB_IMG_1645716310134.jpg  (original: C:\Users\sippa\Desktop\destination_folder_test\Photos\Facebook\2022\02_February\FB_IMG_1645716310134.jpg)
2026-04-24 10:35:12  INFO      core.mover  DUPE  FB_IMG_1647058817455.jpg  (original: C:\Users\sippa\Desktop\destination_folder_test\Photos\Facebook\2022\03_March\FB_IMG_1647058817455.jpg)
2026-04-24 10:35:12  INFO      core.mover  DUPE  FB_IMG_1647085804573.jpg  (original: C:\Users\sippa\Desktop\destination_folder_test\Photos\Facebook\2022\03_March\FB_IMG_1647085804573.jpg)
2026-04-24 10:35:12  INFO      core.mover  DUPE  FB_IMG_1647745933134.jpg  (original: C:\Users\sippa\Desktop\destination_folder_test\Photos\Facebook\2022\03_March\FB_IMG_1647745933134.jpg)
2026-04-24 10:35:12  INFO      core.mover  DUPE  FB_IMG_1648009914551.jpg  (original: C:\Users\sippa\Desktop\destination_folder_test\Photos\Facebook\2022\03_March\FB_IMG_1648009914551.jpg)
2026-04-24 10:35:12  INFO      core.mover  DUPE  FB_IMG_1648009936992.jpg  (original: C:\Users\sippa\Desktop\destination_folder_test\Photos\Facebook\2022\03_March\FB_IMG_1648009936992.jpg)
2026-04-24 10:35:12  INFO      core.mover  DUPE  FB_IMG_1648444275397.jpg  (original: C:\Users\sippa\Desktop\destination_folder_test\Photos\Facebook\2022\03_March\FB_IMG_1648444275397.jpg)
2026-04-24 10:35:12  INFO      core.mover  DUPE  FB_IMG_1648444296132.jpg  (original: C:\Users\sippa\Desktop\destination_folder_test\Photos\Facebook\2022\03_March\FB_IMG_1648444296132.jpg)
2026-04-24 10:35:12  INFO      core.mover  DUPE  FB_IMG_1649934609426.jpg  (original: C:\Users\sippa\Desktop\destination_folder_test\Photos\Facebook\2022\04_April\FB_IMG_1649934609426.jpg)
2026-04-24 10:35:12  INFO      core.mover  DUPE  FB_IMG_1650216661518.jpg  (original: C:\Users\sippa\Desktop\destination_folder_test\Photos\Facebook\2022\04_April\FB_IMG_1650216661518.jpg)
2026-04-24 10:35:12  INFO      core.mover  DUPE  FB_IMG_1650468429353.jpg  (original: C:\Users\sippa\Desktop\destination_folder_test\Photos\Facebook\2022\04_April\FB_IMG_1650468429353.jpg)
2026-04-24 10:35:12  INFO      core.mover  DRY   C:\Users\sippa\Desktop\photo_test - test run\how_topsd-oom.jpg  =>  C:\Users\sippa\Desktop\destination_folder_test\Photos\Unknown_Device\2012\10_October\how_topsd-oom.jpg
2026-04-24 10:35:12  INFO      core.mover  DRY   C:\Users\sippa\Desktop\photo_test - test run\Image2017-10-28_12-39-13.png  =>  C:\Users\sippa\Desktop\destination_folder_test\Photos\Unknown_Device\2017\10_October\Image2017-10-28_12-39-13.png
2026-04-24 10:35:12  INFO      core.mover  DUPE  IMG_3698.JPG  (original: C:\Users\sippa\Desktop\destination_folder_test\Photos\Canon EOS RP\2025\04_April\IMG_3698.JPG)
2026-04-24 10:35:12  INFO      core.mover  DUPE  IMG_3740.JPG  (original: C:\Users\sippa\Desktop\destination_folder_test\Photos\Canon EOS RP\2025\04_April\IMG_3740.JPG)
2026-04-24 10:35:12  INFO      core.mover  DUPE  IMG_3741.JPG  (original: C:\Users\sippa\Desktop\destination_folder_test\Photos\Canon EOS RP\2025\04_April\IMG_3741.JPG)
2026-04-24 10:35:12  INFO      core.mover  DUPE  IMG_3750.JPG  (original: C:\Users\sippa\Desktop\destination_folder_test\Photos\Canon EOS RP\2025\04_April\IMG_3750.JPG)
2026-04-24 10:35:12  INFO      core.mover  DUPE  IMG_3751.JPG  (original: C:\Users\sippa\Desktop\destination_folder_test\Photos\Canon EOS RP\2025\04_April\IMG_3751.JPG)
2026-04-24 10:35:12  INFO      core.mover  DUPE  IMG_3759.JPG  (original: C:\Users\sippa\Desktop\destination_folder_test\Photos\Canon EOS RP\2025\04_April\IMG_3759.JPG)
2026-04-24 10:35:12  INFO      core.mover  DUPE  IMG_3760.JPG  (original: C:\Users\sippa\Desktop\destination_folder_test\Photos\Canon EOS RP\2025\04_April\IMG_3760.JPG)
2026-04-24 10:35:12  INFO      core.mover  DUPE  IMG_3849.JPG  (original: C:\Users\sippa\Desktop\destination_folder_test\Photos\Canon EOS RP\2025\04_April\IMG_3849.JPG)
2026-04-24 10:35:12  INFO      core.mover  DUPE  IMG_6410_0.jpg  (original: C:\Users\sippa\Desktop\destination_folder_test\Photos\Canon EOS RP\2026\02_February\IMG_6410_0.jpg)
2026-04-24 10:35:12  INFO      core.mover  DUPE  IMG_6411_0.jpg  (original: C:\Users\sippa\Desktop\destination_folder_test\Photos\Canon EOS RP\2026\02_February\IMG_6411_0.jpg)
2026-04-24 10:35:12  INFO      core.mover  DUPE  IMG_6412_0.jpg  (original: C:\Users\sippa\Desktop\destination_folder_test\Photos\Canon EOS RP\2026\02_February\IMG_6412_0.jpg)
2026-04-24 10:35:12  INFO      core.mover  DUPE  IMG_6414_0.jpg  (original: C:\Users\sippa\Desktop\destination_folder_test\Photos\Canon EOS RP\2026\02_February\IMG_6414_0.jpg)
2026-04-24 10:35:12  INFO      core.mover  DUPE  IMG_6429_0.jpg  (original: C:\Users\sippa\Desktop\destination_folder_test\Photos\Canon EOS RP\2026\02_February\IMG_6429_0.jpg)
2026-04-24 10:35:12  INFO      core.mover  DRY   C:\Users\sippa\Desktop\photo_test - test run\IMG_9472.JPG  =>  C:\Users\sippa\Desktop\destination_folder_test\Photos\Apple iPad mini 1G\2015\09_September\IMG_9472.JPG
2026-04-24 10:35:12  INFO      core.mover  DRY   C:\Users\sippa\Desktop\photo_test - test run\IMG_9478.JPG  =>  C:\Users\sippa\Desktop\destination_folder_test\Photos\Apple iPad mini 1G\2015\09_September\IMG_9478.JPG
2026-04-24 10:35:12  INFO      core.mover  DUPE  Jumping_Race_2017-07-28T123453+0000_E485DC.jpg  (original: C:\Users\sippa\Desktop\destination_folder_test\Photos\Parrot Jumping Race\2017\07_July\Jumping_Race_2017-07-28T123453+0000_E485DC.jpg)
2026-04-24 10:35:12  INFO      core.mover  DUPE  Jumping_Race_2017-07-28T123548+0000_DD4B51.jpg  (original: C:\Users\sippa\Desktop\destination_folder_test\Photos\Parrot Jumping Race\2017\07_July\Jumping_Race_2017-07-28T123548+0000_DD4B51.jpg)
2026-04-24 10:35:12  INFO      core.mover  DUPE  Jumping_Race_2017-07-28T123621+0000_C2F6AB.jpg  (original: C:\Users\sippa\Desktop\destination_folder_test\Photos\Parrot Jumping Race\2017\07_July\Jumping_Race_2017-07-28T123621+0000_C2F6AB.jpg)
2026-04-24 10:35:12  INFO      core.mover  DUPE  Jumping_Race_2017-08-20T155617+0000_69B95B.jpg  (original: C:\Users\sippa\Desktop\destination_folder_test\Photos\Parrot Jumping Race\2017\08_August\Jumping_Race_2017-08-20T155617+0000_69B95B.jpg)
2026-04-24 10:35:12  INFO      core.mover  DRY   C:\Users\sippa\Desktop\photo_test - test run\mom_gen.jpg  =>  C:\Users\sippa\Desktop\destination_folder_test\Photos\Unknown_Device\2012\01_January\mom_gen.jpg
2026-04-24 10:35:12  INFO      core.mover  DRY   C:\Users\sippa\Desktop\photo_test - test run\oom profile pic.jpg  =>  C:\Users\sippa\Desktop\destination_folder_test\Photos\SONY DSLR-A200\2012\01_January\oom profile pic.jpg
2026-04-24 10:35:12  INFO      core.mover  DRY   C:\Users\sippa\Desktop\photo_test - test run\oom racing profile.jpg  =>  C:\Users\sippa\Desktop\destination_folder_test\Photos\Sony NEX-5N\2012\12_December\oom racing profile.jpg
2026-04-24 10:35:12  INFO      core.mover  DRY   C:\Users\sippa\Desktop\photo_test - test run\oom1.jpg  =>  C:\Users\sippa\Desktop\destination_folder_test\Photos\Unknown_Device\2007\11_November\oom1.jpg
2026-04-24 10:35:12  INFO      core.mover  DRY   C:\Users\sippa\Desktop\photo_test - test run\oom2.jpg  =>  C:\Users\sippa\Desktop\destination_folder_test\Photos\Unknown_Device\2007\11_November\oom2.jpg
2026-04-24 10:35:12  INFO      core.mover  DUPE  P2400145.JPG  (original: C:\Users\sippa\Desktop\destination_folder_test\Photos\Panasonic GX85\2021\03_March\P2400145.JPG)
2026-04-24 10:35:12  INFO      core.mover  DUPE  P2440732.JPG  (original: C:\Users\sippa\Desktop\destination_folder_test\Photos\Panasonic GX85\2021\06_June\P2440732.JPG)
2026-04-24 10:35:12  INFO      core.mover  DUPE  P2440733.JPG  (original: C:\Users\sippa\Desktop\destination_folder_test\Photos\Panasonic GX85\2021\06_June\P2440733.JPG)
2026-04-24 10:35:12  INFO      core.mover  DUPE  P2480116.JPG  (original: C:\Users\sippa\Desktop\destination_folder_test\Photos\Panasonic GX85\2021\07_July\P2480116.JPG)
2026-04-24 10:35:12  INFO      core.mover  DUPE  P2890961.JPG  (original: C:\Users\sippa\Desktop\destination_folder_test\Photos\Panasonic GX85\2022\09_September\P2890961.JPG)
2026-04-24 10:35:12  INFO      core.mover  DUPE  P2890962.JPG  (original: C:\Users\sippa\Desktop\destination_folder_test\Photos\Panasonic GX85\2022\09_September\P2890962.JPG)
2026-04-24 10:35:12  INFO      core.mover  DUPE  P2890963.JPG  (original: C:\Users\sippa\Desktop\destination_folder_test\Photos\Panasonic GX85\2022\09_September\P2890963.JPG)
2026-04-24 10:35:12  INFO      core.mover  DUPE  P4120847.JPG  (original: C:\Users\sippa\Desktop\destination_folder_test\Photos\Panasonic GX85\2026\02_February\P4120847.JPG)
2026-04-24 10:35:12  INFO      core.mover  DUPE  P4120848.JPG  (original: C:\Users\sippa\Desktop\destination_folder_test\Photos\Panasonic GX85\2026\02_February\P4120848.JPG)
2026-04-24 10:35:12  INFO      core.mover  DUPE  P4120858.JPG  (original: C:\Users\sippa\Desktop\destination_folder_test\Photos\Panasonic GX85\2026\02_February\P4120858.JPG)
2026-04-24 10:35:12  INFO      core.mover  DRY   C:\Users\sippa\Desktop\photo_test - test run\poster_all.jpg  =>  C:\Users\sippa\Desktop\destination_folder_test\Photos\Unknown_Device\2012\09_September\poster_all.jpg
2026-04-24 10:35:12  INFO      core.mover  DRY   C:\Users\sippa\Desktop\photo_test - test run\poster_japan_new1.jpg  =>  C:\Users\sippa\Desktop\destination_folder_test\Photos\Unknown_Device\2012\08_August\poster_japan_new1.jpg
2026-04-24 10:35:12  INFO      core.mover  DRY   C:\Users\sippa\Desktop\photo_test - test run\poster_send gift.jpg  =>  C:\Users\sippa\Desktop\destination_folder_test\Photos\Unknown_Device\2012\10_October\poster_send gift.jpg
2026-04-24 10:35:12  INFO      core.mover  DRY   C:\Users\sippa\Desktop\photo_test - test run\Q11_55.jpg  =>  C:\Users\sippa\Desktop\destination_folder_test\Photos\Unknown_Device\2017\12_December\Q11_55.jpg
2026-04-24 10:35:12  INFO      core.mover  DRY   C:\Users\sippa\Desktop\photo_test - test run\QR-oom ziggaza.png  =>  C:\Users\sippa\Desktop\destination_folder_test\Photos\Unknown_Device\2012\10_October\QR-oom ziggaza.png
2026-04-24 10:35:12  INFO      core.mover  DRY   C:\Users\sippa\Desktop\photo_test - test run\Q_06_6.JPG  =>  C:\Users\sippa\Desktop\destination_folder_test\Photos\Panasonic GX85\2017\06_June\Q_06_6.JPG
2026-04-24 10:35:12  INFO      core.mover  DRY   C:\Users\sippa\Desktop\photo_test - test run\Q_06_8.JPG  =>  C:\Users\sippa\Desktop\destination_folder_test\Photos\Panasonic GX85\2017\06_June\Q_06_8.JPG
2026-04-24 10:35:12  INFO      core.mover  DRY   C:\Users\sippa\Desktop\photo_test - test run\Q_09_03.JPG  =>  C:\Users\sippa\Desktop\destination_folder_test\Photos\Panasonic GX85\2017\09_September\Q_09_03.JPG
2026-04-24 10:35:12  INFO      core.mover  DRY   C:\Users\sippa\Desktop\photo_test - test run\Q_12_07.JPG  =>  C:\Users\sippa\Desktop\destination_folder_test\Photos\Panasonic GX85\2017\12_December\Q_12_07.JPG
2026-04-24 10:35:12  INFO      core.mover  DRY   C:\Users\sippa\Desktop\photo_test - test run\Q_12_08.JPG  =>  C:\Users\sippa\Desktop\destination_folder_test\Photos\Panasonic GX85\2017\12_December\Q_12_08.JPG
2026-04-24 10:35:12  INFO      core.mover  DUPE  test_drum_nano.mp4  (original: C:\Users\sippa\Desktop\destination_folder_test\Videos\Unknown_Device\2021\07_July\test_drum_nano.mp4)
2026-04-24 10:35:12  INFO      core.mover  DUPE  test_drum_nano_2.mp4  (original: C:\Users\sippa\Desktop\destination_folder_test\Videos\Unknown_Device\2021\07_July\test_drum_nano_2.mp4)
2026-04-24 10:35:12  INFO      core.mover  DRY   C:\Users\sippa\Desktop\photo_test - test run\ticker.jpg  =>  C:\Users\sippa\Desktop\destination_folder_test\Photos\Sony NEX-5N\2013\04_April\ticker.jpg
2026-04-24 10:35:12  INFO      core.mover  DRY   C:\Users\sippa\Desktop\photo_test - test run\VID_165730512_193223_687.mp4  =>  C:\Users\sippa\Desktop\destination_folder_test\Videos\Unknown_Device\2019\11_November\VID_165730512_193223_687.mp4
2026-04-24 10:35:12  INFO      core.mover  DRY   C:\Users\sippa\Desktop\photo_test - test run\VID_92500220_085013_366.mp4  =>  C:\Users\sippa\Desktop\destination_folder_test\Videos\Unknown_Device\2019\08_August\VID_92500220_085013_366.mp4
2026-04-24 10:35:12  INFO      core.mover  DRY   C:\Users\sippa\Desktop\photo_test - test run\XPLB0292.JPG  =>  C:\Users\sippa\Desktop\destination_folder_test\Photos\Apple iPad mini 1G\2015\11_November\XPLB0292.JPG
2026-04-24 10:35:12  INFO      core.mover  DRY   C:\Users\sippa\Desktop\photo_test - test run\ziggaza_cover4-stamp.jpg  =>  C:\Users\sippa\Desktop\destination_folder_test\Photos\Unknown_Device\2014\02_February\ziggaza_cover4-stamp.jpg
2026-04-24 10:35:12  INFO      core.mover  DUPE  11218294-8ef0-481a-ae00-3fcc7e44b8c9.mp4  (original: C:\Users\sippa\Desktop\destination_folder_test\Videos\Unknown_Device\2022\10_October\11218294-8ef0-481a-ae00-3fcc7e44b8c9.mp4)
2026-04-24 10:35:12  INFO      core.mover  DUPE  1220777.jpg  (original: C:\Users\sippa\Desktop\destination_folder_test\Photos\Unknown_Device\2022\10_October\1220777.jpg)
2026-04-24 10:35:12  INFO      core.mover  DUPE  1222446.jpg  (original: C:\Users\sippa\Desktop\destination_folder_test\Photos\Unknown_Device\2022\10_October\1222446.jpg)
2026-04-24 10:35:12  INFO      core.mover  DUPE  1_10.30.53.avi  (original: C:\Users\sippa\Desktop\destination_folder_test\Videos\Unknown_Device\2022\10_October\1_10.30.53.avi)
2026-04-24 10:35:12  INFO      core.mover  DUPE  P2850539.JPG  (original: C:\Users\sippa\Desktop\destination_folder_test\Photos\Panasonic GX85\2022\09_September\P2850539.JPG)
2026-04-24 10:35:12  INFO      core.mover  DUPE  P2910198.JPG  (original: C:\Users\sippa\Desktop\destination_folder_test\Photos\Panasonic GX85\2022\10_October\P2910198.JPG)
2026-04-24 10:35:12  INFO      core.mover  DUPE  P2910199.JPG  (original: C:\Users\sippa\Desktop\destination_folder_test\Photos\Panasonic GX85\2022\10_October\P2910199.JPG)
2026-04-24 10:35:12  INFO      core.mover  DUPE  P2940040.JPG  (original: C:\Users\sippa\Desktop\destination_folder_test\Photos\Panasonic GX85\2022\10_October\P2940040.JPG)
2026-04-24 10:35:12  INFO      core.mover  DUPE  P2940069.JPG  (original: C:\Users\sippa\Desktop\destination_folder_test\Photos\Panasonic GX85\2022\10_October\P2940069.JPG)
2026-04-24 10:35:12  INFO      core.mover  DUPE  P2940074.JPG  (original: C:\Users\sippa\Desktop\destination_folder_test\Photos\Panasonic GX85\2022\10_October\P2940074.JPG)
2026-04-24 10:35:12  INFO      core.mover  DUPE  P2940113.JPG  (original: C:\Users\sippa\Desktop\destination_folder_test\Photos\Panasonic GX85\2022\10_October\P2940113.JPG)
2026-04-24 10:35:12  INFO      core.mover  DUPE  P2940130.JPG  (original: C:\Users\sippa\Desktop\destination_folder_test\Photos\Panasonic GX85\2022\10_October\P2940130.JPG)
2026-04-24 10:35:12  INFO      core.mover  DUPE  P2940404.JPG  (original: C:\Users\sippa\Desktop\destination_folder_test\Photos\Panasonic GX85\2022\10_October\P2940404.JPG)
2026-04-24 10:35:12  INFO      core.mover  DUPE  P2940409.JPG  (original: C:\Users\sippa\Desktop\destination_folder_test\Photos\Panasonic GX85\2022\10_October\P2940409.JPG)
2026-04-24 10:35:12  INFO      core.mover  DUPE  Untitled.mp4  (original: C:\Users\sippa\Desktop\destination_folder_test\Videos\Unknown_Device\2022\10_October\Untitled.mp4)
2026-04-24 10:35:13  INFO      core.mover  DUPE  P2610449.MP4  (original: C:\Users\sippa\Desktop\destination_folder_test\Videos\Panasonic Lumix\2022\05_May\P2610449.MP4)
2026-04-24 10:35:13  INFO      core.mover  DUPE  P2610457.JPG  (original: C:\Users\sippa\Desktop\destination_folder_test\Photos\Panasonic GX85\2022\05_May\P2610457.JPG)
2026-04-24 10:35:13  INFO      core.mover  DUPE  P2610467.JPG  (original: C:\Users\sippa\Desktop\destination_folder_test\Photos\Panasonic GX85\2022\05_May\P2610467.JPG)
2026-04-24 10:35:13  INFO      core.mover  DUPE  P2610477.JPG  (original: C:\Users\sippa\Desktop\destination_folder_test\Photos\Panasonic GX85\2022\05_May\P2610477.JPG)
2026-04-24 10:35:13  INFO      core.mover  DUPE  P2610757.JPG  (original: C:\Users\sippa\Desktop\destination_folder_test\Photos\Panasonic GX85\2022\05_May\P2610757.JPG)
2026-04-24 10:35:13  INFO      core.mover  DUPE  P2610763.JPG  (original: C:\Users\sippa\Desktop\destination_folder_test\Photos\Panasonic GX85\2022\05_May\P2610763.JPG)
2026-04-24 10:35:13  INFO      core.mover  DUPE  P2610764.JPG  (original: C:\Users\sippa\Desktop\destination_folder_test\Photos\Panasonic GX85\2022\05_May\P2610764.JPG)
2026-04-24 10:35:13  INFO      core.mover  DUPE  P2610781.JPG  (original: C:\Users\sippa\Desktop\destination_folder_test\Photos\Panasonic GX85\2022\05_May\P2610781.JPG)
2026-04-24 10:35:13  INFO      core.mover  DUPE  P3240001.MP4  (original: C:\Users\sippa\Desktop\destination_folder_test\Videos\Panasonic Lumix\2023\04_April\P3240001.MP4)
2026-04-24 10:35:13  INFO      core.mover  DUPE  P3240015.JPG  (original: C:\Users\sippa\Desktop\destination_folder_test\Photos\Panasonic GX85\2023\04_April\P3240015.JPG)
2026-04-24 10:35:13  INFO      core.mover  DUPE  P3240020.JPG  (original: C:\Users\sippa\Desktop\destination_folder_test\Photos\Panasonic GX85\2023\04_April\P3240020.JPG)
2026-04-24 10:35:13  INFO      core.mover  DUPE  P3240025.JPG  (original: C:\Users\sippa\Desktop\destination_folder_test\Photos\Panasonic GX85\2023\04_April\P3240025.JPG)
2026-04-24 10:35:13  INFO      core.mover  DUPE  P3240026.JPG  (original: C:\Users\sippa\Desktop\destination_folder_test\Photos\Panasonic GX85\2023\04_April\P3240026.JPG)
2026-04-24 10:35:13  INFO      core.mover  DUPE  P3240357.JPG  (original: C:\Users\sippa\Desktop\destination_folder_test\Photos\Panasonic GX85\2023\04_April\P3240357.JPG)
2026-04-24 10:35:13  INFO      core.mover  DUPE  P3240366.JPG  (original: C:\Users\sippa\Desktop\destination_folder_test\Photos\Panasonic GX85\2023\04_April\P3240366.JPG)
2026-04-24 10:35:13  INFO      core.mover  DUPE  P3240715.JPG  (original: C:\Users\sippa\Desktop\destination_folder_test\Photos\Panasonic GX85\2023\04_April\P3240715.JPG)
2026-04-24 10:35:13  INFO      core.mover  DUPE  P3240716.JPG  (original: C:\Users\sippa\Desktop\destination_folder_test\Photos\Panasonic GX85\2023\04_April\P3240716.JPG)
2026-04-24 10:35:13  INFO      core.mover  DUPE  P3240854.JPG  (original: C:\Users\sippa\Desktop\destination_folder_test\Photos\Panasonic GX85\2023\04_April\P3240854.JPG)
2026-04-24 10:35:13  INFO      core.mover  DUPE  P3240856.JPG  (original: C:\Users\sippa\Desktop\destination_folder_test\Photos\Panasonic GX85\2023\04_April\P3240856.JPG)
2026-04-24 10:35:13  INFO      core.mover  DUPE  P4070462.MP4  (original: C:\Users\sippa\Desktop\destination_folder_test\Videos\Panasonic Lumix\2025\11_November\P4070462.MP4)
2026-04-24 10:35:13  INFO      core.mover  DUPE  P4070475.JPG  (original: C:\Users\sippa\Desktop\destination_folder_test\Photos\Panasonic GX85\2025\11_November\P4070475.JPG)
2026-04-24 10:35:13  INFO      core.mover  DUPE  P4070485.JPG  (original: C:\Users\sippa\Desktop\destination_folder_test\Photos\Panasonic GX85\2025\11_November\P4070485.JPG)
2026-04-24 10:35:13  INFO      core.mover  DUPE  P4070494.JPG  (original: C:\Users\sippa\Desktop\destination_folder_test\Photos\Panasonic GX85\2025\11_November\P4070494.JPG)
2026-04-24 10:35:13  INFO      core.mover  DUPE  P4070495.JPG  (original: C:\Users\sippa\Desktop\destination_folder_test\Photos\Panasonic GX85\2025\11_November\P4070495.JPG)
2026-04-24 10:35:13  INFO      core.mover  DUPE  P4070505.JPG  (original: C:\Users\sippa\Desktop\destination_folder_test\Photos\Panasonic GX85\2025\11_November\P4070505.JPG)
2026-04-24 10:35:13  INFO      core.mover  DUPE  P4070506.JPG  (original: C:\Users\sippa\Desktop\destination_folder_test\Photos\Panasonic GX85\2025\11_November\P4070506.JPG)
2026-04-24 10:35:13  INFO      core.mover  DUPE  P4070625.JPG  (original: C:\Users\sippa\Desktop\destination_folder_test\Photos\Panasonic GX85\2025\11_November\P4070625.JPG)
2026-04-24 10:35:13  INFO      core.mover  DUPE  P4070627.JPG  (original: C:\Users\sippa\Desktop\destination_folder_test\Photos\Panasonic GX85\2025\11_November\P4070627.JPG)
2026-04-24 10:35:13  INFO      core.mover  DUPE  P4070766.JPG  (original: C:\Users\sippa\Desktop\destination_folder_test\Photos\Panasonic GX85\2025\11_November\P4070766.JPG)
2026-04-24 10:35:13  INFO      core.mover  DUPE  P4070768.JPG  (original: C:\Users\sippa\Desktop\destination_folder_test\Photos\Panasonic GX85\2025\11_November\P4070768.JPG)
2026-04-24 10:35:13  INFO      core.mover  DUPE  P2560373.JPG  (original: C:\Users\sippa\Desktop\destination_folder_test\Photos\Panasonic GX85\2022\02_February\P2560373.JPG)
2026-04-24 10:35:13  INFO      core.mover  DUPE  P2560374.JPG  (original: C:\Users\sippa\Desktop\destination_folder_test\Photos\Panasonic GX85\2022\02_February\P2560374.JPG)
2026-04-24 10:35:13  INFO      core.mover  DUPE  P2560375.JPG  (original: C:\Users\sippa\Desktop\destination_folder_test\Photos\Panasonic GX85\2022\02_February\P2560375.JPG)
2026-04-24 10:35:13  INFO      core.mover  DUPE  P2560380.JPG  (original: C:\Users\sippa\Desktop\destination_folder_test\Photos\Panasonic GX85\2022\02_February\P2560380.JPG)
2026-04-24 10:35:13  INFO      core.mover  DUPE  P2560382.JPG  (original: C:\Users\sippa\Desktop\destination_folder_test\Photos\Panasonic GX85\2022\02_February\P2560382.JPG)
2026-04-24 10:35:13  INFO      core.mover  DUPE  P2560383.JPG  (original: C:\Users\sippa\Desktop\destination_folder_test\Photos\Panasonic GX85\2022\02_February\P2560383.JPG)
2026-04-24 10:35:13  INFO      core.mover  DUPE  P2560393.JPG  (original: C:\Users\sippa\Desktop\destination_folder_test\Photos\Panasonic GX85\2022\02_February\P2560393.JPG)
2026-04-24 10:35:13  INFO      core.mover  Done. moved=82 dupes=288 resumed=0 errors=0 elapsed=5.1s @ 72.3 files/s
2026-04-24 10:36:13  WARNING   exifread  PNG file does not have exif data.
2026-04-24 10:36:13  WARNING   exifread  PNG file does not have exif data.
2026-04-24 10:36:13  WARNING   exifread  PNG file does not have exif data.
2026-04-24 10:36:13  INFO      core.mover  DRY   C:\Users\sippa\Desktop\photo_test - test run\00003.MTS  =>  C:\Users\sippa\Desktop\destination_folder_test\Videos\Sony AVCHD\2019\08_August\00003.MTS
2026-04-24 10:36:13  INFO      core.mover  DRY   C:\Users\sippa\Desktop\photo_test - test run\00013.MTS  =>  C:\Users\sippa\Desktop\destination_folder_test\Videos\Sony AVCHD\2014\06_June\00013.MTS
2026-04-24 10:36:13  INFO      core.mover  DRY   C:\Users\sippa\Desktop\photo_test - test run\00073.MTS  =>  C:\Users\sippa\Desktop\destination_folder_test\Videos\Sony AVCHD\2018\09_September\00073.MTS
2026-04-24 10:36:13  INFO      core.mover  DRY   C:\Users\sippa\Desktop\photo_test - test run\00074.MTS  =>  C:\Users\sippa\Desktop\destination_folder_test\Videos\Sony AVCHD\2018\09_September\00074.MTS
2026-04-24 10:36:13  INFO      core.mover  DRY   C:\Users\sippa\Desktop\photo_test - test run\00081.MTS  =>  C:\Users\sippa\Desktop\destination_folder_test\Videos\Sony AVCHD\2018\09_September\00081.MTS
2026-04-24 10:36:13  INFO      core.mover  DRY   C:\Users\sippa\Desktop\photo_test - test run\1505891619099.jpg  =>  C:\Users\sippa\Desktop\destination_folder_test\Photos\Unknown_Device\2017\12_December\1505891619099.jpg
2026-04-24 10:36:13  INFO      core.mover  DRY   C:\Users\sippa\Desktop\photo_test - test run\1507032871478.jpg  =>  C:\Users\sippa\Desktop\destination_folder_test\Photos\Unknown_Device\2017\12_December\1507032871478.jpg
2026-04-24 10:36:13  INFO      core.mover  DRY   C:\Users\sippa\Desktop\photo_test - test run\1509169149018_fact_1.jpg  =>  C:\Users\sippa\Desktop\destination_folder_test\Photos\Unknown_Device\2017\10_October\1509169149018_fact_1.jpg
2026-04-24 10:36:14  INFO      core.mover  DRY   C:\Users\sippa\Desktop\photo_test - test run\1548945374710_fact_1.jpg  =>  C:\Users\sippa\Desktop\destination_folder_test\Photos\Unknown_Device\2019\01_January\1548945374710_fact_1.jpg
2026-04-24 10:36:14  INFO      core.mover  DRY   C:\Users\sippa\Desktop\photo_test - test run\20151219_155545.jpg  =>  C:\Users\sippa\Desktop\destination_folder_test\Photos\Samsung Galaxy Note 4\2015\12_December\20151219_155545.jpg
2026-04-24 10:36:14  INFO      core.mover  DRY   C:\Users\sippa\Desktop\photo_test - test run\20160530_195932.jpg  =>  C:\Users\sippa\Desktop\destination_folder_test\Photos\Samsung Galaxy Note 4\2016\05_May\20160530_195932.jpg
2026-04-24 10:36:14  INFO      core.mover  DRY   C:\Users\sippa\Desktop\photo_test - test run\20170828_192518.jpg  =>  C:\Users\sippa\Desktop\destination_folder_test\Photos\Samsung Galaxy Note 4\2017\08_August\20170828_192518.jpg
2026-04-24 10:36:14  INFO      core.mover  DRY   C:\Users\sippa\Desktop\photo_test - test run\20170828_222242.jpg  =>  C:\Users\sippa\Desktop\destination_folder_test\Photos\Samsung Galaxy Note 4\2017\08_August\20170828_222242.jpg
2026-04-24 10:36:14  INFO      core.mover  DRY   C:\Users\sippa\Desktop\photo_test - test run\20170903_163928.jpg  =>  C:\Users\sippa\Desktop\destination_folder_test\Photos\Samsung Galaxy Note 4\2017\09_September\20170903_163928.jpg
2026-04-24 10:36:14  INFO      core.mover  DRY   C:\Users\sippa\Desktop\photo_test - test run\20170903_194250.jpg  =>  C:\Users\sippa\Desktop\destination_folder_test\Photos\Samsung Galaxy Note 4\2017\09_September\20170903_194250.jpg
2026-04-24 10:36:14  INFO      core.mover  DRY   C:\Users\sippa\Desktop\photo_test - test run\20170903_194254.jpg  =>  C:\Users\sippa\Desktop\destination_folder_test\Photos\Samsung Galaxy Note 4\2017\09_September\20170903_194254.jpg
2026-04-24 10:36:14  INFO      core.mover  DRY   C:\Users\sippa\Desktop\photo_test - test run\20170909_182011.jpg  =>  C:\Users\sippa\Desktop\destination_folder_test\Photos\Samsung Galaxy Note 4\2017\09_September\20170909_182011.jpg
2026-04-24 10:36:14  INFO      core.mover  DRY   C:\Users\sippa\Desktop\photo_test - test run\20170909_182016.jpg  =>  C:\Users\sippa\Desktop\destination_folder_test\Photos\Samsung Galaxy Note 4\2017\09_September\20170909_182016.jpg
2026-04-24 10:36:14  INFO      core.mover  DRY   C:\Users\sippa\Desktop\photo_test - test run\20170910_134231.jpg  =>  C:\Users\sippa\Desktop\destination_folder_test\Photos\Samsung Galaxy Note 4\2017\09_September\20170910_134231.jpg
2026-04-24 10:36:14  INFO      core.mover  DRY   C:\Users\sippa\Desktop\photo_test - test run\20170913_193231.jpg  =>  C:\Users\sippa\Desktop\destination_folder_test\Photos\Samsung Galaxy Note 4\2017\09_September\20170913_193231.jpg
2026-04-24 10:36:14  INFO      core.mover  DRY   C:\Users\sippa\Desktop\photo_test - test run\20170913_193722.jpg  =>  C:\Users\sippa\Desktop\destination_folder_test\Photos\Samsung Galaxy Note 4\2017\09_September\20170913_193722.jpg
2026-04-24 10:36:14  INFO      core.mover  DRY   C:\Users\sippa\Desktop\photo_test - test run\20170914_082221.jpg  =>  C:\Users\sippa\Desktop\destination_folder_test\Photos\Samsung Galaxy Note 4\2017\09_September\20170914_082221.jpg
2026-04-24 10:36:14  INFO      core.mover  DRY   C:\Users\sippa\Desktop\photo_test - test run\20170918_210731.jpg  =>  C:\Users\sippa\Desktop\destination_folder_test\Photos\Samsung Galaxy Note 4\2017\09_September\20170918_210731.jpg
2026-04-24 10:36:14  INFO      core.mover  DRY   C:\Users\sippa\Desktop\photo_test - test run\20170920_091921.jpg  =>  C:\Users\sippa\Desktop\destination_folder_test\Photos\Samsung Galaxy Note 4\2017\09_September\20170920_091921.jpg
2026-04-24 10:36:14  INFO      core.mover  DRY   C:\Users\sippa\Desktop\photo_test - test run\20170920_183506.jpg  =>  C:\Users\sippa\Desktop\destination_folder_test\Photos\Samsung Galaxy Note 4\2017\09_September\20170920_183506.jpg
2026-04-24 10:36:14  INFO      core.mover  DRY   C:\Users\sippa\Desktop\photo_test - test run\20170922_070834.jpg  =>  C:\Users\sippa\Desktop\destination_folder_test\Photos\Samsung Galaxy Note 4\2017\09_September\20170922_070834.jpg
2026-04-24 10:36:14  INFO      core.mover  DRY   C:\Users\sippa\Desktop\photo_test - test run\20171214_232725.jpg  =>  C:\Users\sippa\Desktop\destination_folder_test\Photos\Samsung Galaxy Note 8\2017\12_December\20171214_232725.jpg
2026-04-24 10:36:14  INFO      core.mover  DRY   C:\Users\sippa\Desktop\photo_test - test run\20171215_084609.jpg  =>  C:\Users\sippa\Desktop\destination_folder_test\Photos\Samsung Galaxy Note 8\2017\12_December\20171215_084609.jpg
2026-04-24 10:36:14  INFO      core.mover  DRY   C:\Users\sippa\Desktop\photo_test - test run\20171215_131459.jpg  =>  C:\Users\sippa\Desktop\destination_folder_test\Photos\Samsung Galaxy Note 8\2017\12_December\20171215_131459.jpg
2026-04-24 10:36:14  INFO      core.mover  DRY   C:\Users\sippa\Desktop\photo_test - test run\20171216_075334.jpg  =>  C:\Users\sippa\Desktop\destination_folder_test\Photos\Samsung Galaxy Note 8\2017\12_December\20171216_075334.jpg
2026-04-24 10:36:14  INFO      core.mover  DRY   C:\Users\sippa\Desktop\photo_test - test run\20180106_131509.jpg  =>  C:\Users\sippa\Desktop\destination_folder_test\Photos\Samsung Galaxy Note 8\2018\01_January\20180106_131509.jpg
2026-04-24 10:36:14  INFO      core.mover  DRY   C:\Users\sippa\Desktop\photo_test - test run\20180107_163817.jpg  =>  C:\Users\sippa\Desktop\destination_folder_test\Photos\Samsung Galaxy Note 8\2018\01_January\20180107_163817.jpg
2026-04-24 10:36:14  INFO      core.mover  DRY   C:\Users\sippa\Desktop\photo_test - test run\20180108_094914.jpg  =>  C:\Users\sippa\Desktop\destination_folder_test\Photos\Samsung Galaxy Note 8\2018\01_January\20180108_094914.jpg
2026-04-24 10:36:14  INFO      core.mover  DRY   C:\Users\sippa\Desktop\photo_test - test run\20180108_094916.jpg  =>  C:\Users\sippa\Desktop\destination_folder_test\Photos\Samsung Galaxy Note 8\2018\01_January\20180108_094916.jpg
2026-04-24 10:36:14  INFO      core.mover  DRY   C:\Users\sippa\Desktop\photo_test - test run\20180112_185251.jpg  =>  C:\Users\sippa\Desktop\destination_folder_test\Photos\Samsung Galaxy Note 8\2018\01_January\20180112_185251.jpg
2026-04-24 10:36:14  INFO      core.mover  DRY   C:\Users\sippa\Desktop\photo_test - test run\20180120_125333.jpg  =>  C:\Users\sippa\Desktop\destination_folder_test\Photos\Samsung Galaxy Note 8\2018\01_January\20180120_125333.jpg
2026-04-24 10:36:14  INFO      core.mover  DRY   C:\Users\sippa\Desktop\photo_test - test run\20180120_125336.jpg  =>  C:\Users\sippa\Desktop\destination_folder_test\Photos\Samsung Galaxy Note 8\2018\01_January\20180120_125336.jpg
2026-04-24 10:36:14  INFO      core.mover  DRY   C:\Users\sippa\Desktop\photo_test - test run\20180304_182410.mp4  =>  C:\Users\sippa\Desktop\destination_folder_test\Videos\Android Camera\2018\03_March\20180304_182410.mp4
2026-04-24 10:36:14  INFO      core.mover  DRY   C:\Users\sippa\Desktop\photo_test - test run\20180310_175705.mp4  =>  C:\Users\sippa\Desktop\destination_folder_test\Videos\Android Camera\2018\03_March\20180310_175705.mp4
2026-04-24 10:36:14  INFO      core.mover  DRY   C:\Users\sippa\Desktop\photo_test - test run\20190131_075907.jpg  =>  C:\Users\sippa\Desktop\destination_folder_test\Photos\samsung SM-G950F\2019\01_January\20190131_075907.jpg
2026-04-24 10:36:14  INFO      core.mover  DRY   C:\Users\sippa\Desktop\photo_test - test run\20190201_135857.jpg  =>  C:\Users\sippa\Desktop\destination_folder_test\Photos\samsung SM-G950F\2019\02_February\20190201_135857.jpg
2026-04-24 10:36:14  INFO      core.mover  DRY   C:\Users\sippa\Desktop\photo_test - test run\20190206_172621.jpg  =>  C:\Users\sippa\Desktop\destination_folder_test\Photos\samsung SM-G950F\2019\02_February\20190206_172621.jpg
2026-04-24 10:36:14  INFO      core.mover  DRY   C:\Users\sippa\Desktop\photo_test - test run\20190208_172441.jpg  =>  C:\Users\sippa\Desktop\destination_folder_test\Photos\samsung SM-G950F\2019\02_February\20190208_172441.jpg
2026-04-24 10:36:14  INFO      core.mover  DRY   C:\Users\sippa\Desktop\photo_test - test run\20190214_161930.jpg  =>  C:\Users\sippa\Desktop\destination_folder_test\Photos\samsung SM-G950F\2019\02_February\20190214_161930.jpg
2026-04-24 10:36:14  INFO      core.mover  DRY   C:\Users\sippa\Desktop\photo_test - test run\20190228_131541.mp4  =>  C:\Users\sippa\Desktop\destination_folder_test\Videos\Android Camera\2019\02_February\20190228_131541.mp4
2026-04-24 10:36:14  INFO      core.mover  DRY   C:\Users\sippa\Desktop\photo_test - test run\20190420_153005.jpg  =>  C:\Users\sippa\Desktop\destination_folder_test\Photos\samsung SM-G950F\2019\04_April\20190420_153005.jpg
2026-04-24 10:36:14  INFO      core.mover  DRY   C:\Users\sippa\Desktop\photo_test - test run\20190420_153007.jpg  =>  C:\Users\sippa\Desktop\destination_folder_test\Photos\samsung SM-G950F\2019\04_April\20190420_153007.jpg
2026-04-24 10:36:14  INFO      core.mover  DRY   C:\Users\sippa\Desktop\photo_test - test run\20190420_181427.mp4  =>  C:\Users\sippa\Desktop\destination_folder_test\Videos\Android Camera\2019\04_April\20190420_181427.mp4
2026-04-24 10:36:14  INFO      core.mover  DRY   C:\Users\sippa\Desktop\photo_test - test run\20190422_105910.jpg  =>  C:\Users\sippa\Desktop\destination_folder_test\Photos\samsung SM-G950F\2019\04_April\20190422_105910.jpg
2026-04-24 10:36:14  INFO      core.mover  DRY   C:\Users\sippa\Desktop\photo_test - test run\20190422_105913.jpg  =>  C:\Users\sippa\Desktop\destination_folder_test\Photos\samsung SM-G950F\2019\04_April\20190422_105913.jpg
2026-04-24 10:36:14  INFO      core.mover  DRY   C:\Users\sippa\Desktop\photo_test - test run\20190424_134215.jpg  =>  C:\Users\sippa\Desktop\destination_folder_test\Photos\samsung SM-G950F\2019\04_April\20190424_134215.jpg
2026-04-24 10:36:14  INFO      core.mover  DRY   C:\Users\sippa\Desktop\photo_test - test run\20190425_154405.jpg  =>  C:\Users\sippa\Desktop\destination_folder_test\Photos\samsung SM-G950F\2019\04_April\20190425_154405.jpg
2026-04-24 10:36:14  INFO      core.mover  DRY   C:\Users\sippa\Desktop\photo_test - test run\20190625_170010.jpg  =>  C:\Users\sippa\Desktop\destination_folder_test\Photos\samsung SM-G950F\2019\06_June\20190625_170010.jpg
2026-04-24 10:36:14  INFO      core.mover  DRY   C:\Users\sippa\Desktop\photo_test - test run\20190708_080120.jpg  =>  C:\Users\sippa\Desktop\destination_folder_test\Photos\samsung SM-G950F\2019\07_July\20190708_080120.jpg
2026-04-24 10:36:14  INFO      core.mover  DRY   C:\Users\sippa\Desktop\photo_test - test run\20190712_071652.jpg  =>  C:\Users\sippa\Desktop\destination_folder_test\Photos\samsung SM-G950F\2019\07_July\20190712_071652.jpg
2026-04-24 10:36:14  INFO      core.mover  DRY   C:\Users\sippa\Desktop\photo_test - test run\20190718_081459.mp4  =>  C:\Users\sippa\Desktop\destination_folder_test\Videos\Android Camera\2019\07_July\20190718_081459.mp4
2026-04-24 10:36:14  INFO      core.mover  DRY   C:\Users\sippa\Desktop\photo_test - test run\20190722_122434.jpg  =>  C:\Users\sippa\Desktop\destination_folder_test\Photos\samsung SM-G950F\2019\07_July\20190722_122434.jpg
2026-04-24 10:36:14  INFO      core.mover  DRY   C:\Users\sippa\Desktop\photo_test - test run\20190723_075510.jpg  =>  C:\Users\sippa\Desktop\destination_folder_test\Photos\samsung SM-G950F\2019\07_July\20190723_075510.jpg
2026-04-24 10:36:14  INFO      core.mover  DRY   C:\Users\sippa\Desktop\photo_test - test run\20190723_221645.mp4  =>  C:\Users\sippa\Desktop\destination_folder_test\Videos\Android Camera\2019\07_July\20190723_221645.mp4
2026-04-24 10:36:14  INFO      core.mover  DRY   C:\Users\sippa\Desktop\photo_test - test run\20190728_075803.mp4  =>  C:\Users\sippa\Desktop\destination_folder_test\Videos\Android Camera\2019\07_July\20190728_075803.mp4
2026-04-24 10:36:14  INFO      core.mover  DRY   C:\Users\sippa\Desktop\photo_test - test run\20200213_094515.mp4  =>  C:\Users\sippa\Desktop\destination_folder_test\Videos\Android Camera\2020\02_February\20200213_094515.mp4
2026-04-24 10:36:14  INFO      core.mover  DRY   C:\Users\sippa\Desktop\photo_test - test run\20200227_081540.mp4  =>  C:\Users\sippa\Desktop\destination_folder_test\Videos\Android Camera\2020\02_February\20200227_081540.mp4
2026-04-24 10:36:15  INFO      core.mover  DRY   C:\Users\sippa\Desktop\photo_test - test run\20200624_193426.mp4  =>  C:\Users\sippa\Desktop\destination_folder_test\Videos\Android Camera\2020\06_June\20200624_193426.mp4
2026-04-24 10:36:15  INFO      core.mover  DRY   C:\Users\sippa\Desktop\photo_test - test run\20230730_170149.jpg  =>  C:\Users\sippa\Desktop\destination_folder_test\Photos\Samsung Galaxy Note 8\2023\07_July\20230730_170149.jpg
2026-04-24 10:36:15  INFO      core.mover  DRY   C:\Users\sippa\Desktop\photo_test - test run\20230730_174024.jpg  =>  C:\Users\sippa\Desktop\destination_folder_test\Photos\Samsung Galaxy Note 8\2023\07_July\20230730_174024.jpg
2026-04-24 10:36:15  INFO      core.mover  DRY   C:\Users\sippa\Desktop\photo_test - test run\20230730_174030.jpg  =>  C:\Users\sippa\Desktop\destination_folder_test\Photos\Samsung Galaxy Note 8\2023\07_July\20230730_174030.jpg
2026-04-24 10:36:15  INFO      core.mover  DRY   C:\Users\sippa\Desktop\photo_test - test run\20230731_172322.mp4  =>  C:\Users\sippa\Desktop\destination_folder_test\Videos\Android Camera\2023\07_July\20230731_172322.mp4
2026-04-24 10:36:15  INFO      core.mover  DRY   C:\Users\sippa\Desktop\photo_test - test run\20260306_070840.jpg  =>  C:\Users\sippa\Desktop\destination_folder_test\Photos\Samsung Galaxy S25 Ultra\2026\03_March\20260306_070840.jpg
2026-04-24 10:36:15  INFO      core.mover  DRY   C:\Users\sippa\Desktop\photo_test - test run\20260306_070844.jpg  =>  C:\Users\sippa\Desktop\destination_folder_test\Photos\Samsung Galaxy S25 Ultra\2026\03_March\20260306_070844.jpg
2026-04-24 10:36:15  INFO      core.mover  DRY   C:\Users\sippa\Desktop\photo_test - test run\20260306_082037.jpg  =>  C:\Users\sippa\Desktop\destination_folder_test\Photos\Samsung Galaxy S25 Ultra\2026\03_March\20260306_082037.jpg
2026-04-24 10:36:15  INFO      core.mover  DRY   C:\Users\sippa\Desktop\photo_test - test run\20260306_082039.jpg  =>  C:\Users\sippa\Desktop\destination_folder_test\Photos\Samsung Galaxy S25 Ultra\2026\03_March\20260306_082039.jpg
2026-04-24 10:36:15  INFO      core.mover  DRY   C:\Users\sippa\Desktop\photo_test - test run\20260306_132126.jpg  =>  C:\Users\sippa\Desktop\destination_folder_test\Photos\Samsung Galaxy S25 Ultra\2026\03_March\20260306_132126.jpg
2026-04-24 10:36:15  INFO      core.mover  DRY   C:\Users\sippa\Desktop\photo_test - test run\20260306_132128.jpg  =>  C:\Users\sippa\Desktop\destination_folder_test\Photos\Samsung Galaxy S25 Ultra\2026\03_March\20260306_132128.jpg
2026-04-24 10:36:15  INFO      core.mover  DRY   C:\Users\sippa\Desktop\photo_test - test run\A7I07804.JPG  =>  C:\Users\sippa\Desktop\destination_folder_test\Photos\Sony A7 II\2022\12_December\A7I07804.JPG
2026-04-24 10:36:15  INFO      core.mover  DRY   C:\Users\sippa\Desktop\photo_test - test run\A7I07823.JPG  =>  C:\Users\sippa\Desktop\destination_folder_test\Photos\Sony A7 II\2022\12_December\A7I07823.JPG
2026-04-24 10:36:15  INFO      core.mover  DRY   C:\Users\sippa\Desktop\photo_test - test run\A7I07826.JPG  =>  C:\Users\sippa\Desktop\destination_folder_test\Photos\Sony A7 II\2022\12_December\A7I07826.JPG
2026-04-24 10:36:15  INFO      core.mover  DRY   C:\Users\sippa\Desktop\photo_test - test run\A7I07833.JPG  =>  C:\Users\sippa\Desktop\destination_folder_test\Photos\Sony A7 II\2022\12_December\A7I07833.JPG
2026-04-24 10:36:15  INFO      core.mover  DRY   C:\Users\sippa\Desktop\photo_test - test run\A7I07835.JPG  =>  C:\Users\sippa\Desktop\destination_folder_test\Photos\Sony A7 II\2022\12_December\A7I07835.JPG
2026-04-24 10:36:15  INFO      core.mover  DRY   C:\Users\sippa\Desktop\photo_test - test run\A7I07989.JPG  =>  C:\Users\sippa\Desktop\destination_folder_test\Photos\Sony A7 II\2022\12_December\A7I07989.JPG
2026-04-24 10:36:15  INFO      core.mover  DRY   C:\Users\sippa\Desktop\photo_test - test run\C0322.MP4  =>  C:\Users\sippa\Desktop\destination_folder_test\Videos\Panasonic Lumix\2020\09_September\C0322.MP4
2026-04-24 10:36:15  INFO      core.mover  DRY   C:\Users\sippa\Desktop\photo_test - test run\C0526.MP4  =>  C:\Users\sippa\Desktop\destination_folder_test\Videos\Panasonic Lumix\2020\12_December\C0526.MP4
2026-04-24 10:36:15  INFO      core.mover  DRY   C:\Users\sippa\Desktop\photo_test - test run\C1640.MP4  =>  C:\Users\sippa\Desktop\destination_folder_test\Videos\Panasonic Lumix\2022\10_October\C1640.MP4
2026-04-24 10:36:15  INFO      core.mover  DRY   C:\Users\sippa\Desktop\photo_test - test run\capture_29.png  =>  C:\Users\sippa\Desktop\destination_folder_test\Photos\Unknown_Device\2012\03_March\capture_29.png
2026-04-24 10:36:15  INFO      core.mover  DRY   C:\Users\sippa\Desktop\photo_test - test run\complete_ver2_youtube.avi  =>  C:\Users\sippa\Desktop\destination_folder_test\Videos\Unknown_Device\2016\03_March\complete_ver2_youtube.avi
2026-04-24 10:36:15  INFO      core.mover  DRY   C:\Users\sippa\Desktop\photo_test - test run\DJI_0890.JPG  =>  C:\Users\sippa\Desktop\destination_folder_test\Photos\DJI Spark\2020\12_December\DJI_0890.JPG
2026-04-24 10:36:15  INFO      core.mover  DRY   C:\Users\sippa\Desktop\photo_test - test run\DJI_0891.JPG  =>  C:\Users\sippa\Desktop\destination_folder_test\Photos\DJI Spark\2020\12_December\DJI_0891.JPG
2026-04-24 10:36:15  INFO      core.mover  DRY   C:\Users\sippa\Desktop\photo_test - test run\DJI_0892.JPG  =>  C:\Users\sippa\Desktop\destination_folder_test\Photos\DJI Spark\2020\12_December\DJI_0892.JPG
2026-04-24 10:36:15  INFO      core.mover  DRY   C:\Users\sippa\Desktop\photo_test - test run\DJI_0914.MP4  =>  C:\Users\sippa\Desktop\destination_folder_test\Videos\DJI Drone\2021\01_January\DJI_0914.MP4
2026-04-24 10:36:15  INFO      core.mover  DRY   C:\Users\sippa\Desktop\photo_test - test run\DJI_0959.JPG  =>  C:\Users\sippa\Desktop\destination_folder_test\Photos\DJI Spark\2023\01_January\DJI_0959.JPG
2026-04-24 10:36:15  INFO      core.mover  DRY   C:\Users\sippa\Desktop\photo_test - test run\DJI_1292.MP4  =>  C:\Users\sippa\Desktop\destination_folder_test\Videos\DJI Drone\2026\04_April\DJI_1292.MP4
2026-04-24 10:36:15  INFO      core.mover  DRY   C:\Users\sippa\Desktop\photo_test - test run\DJI_1295.JPG  =>  C:\Users\sippa\Desktop\destination_folder_test\Photos\DJI Spark\2026\04_April\DJI_1295.JPG
2026-04-24 10:36:15  INFO      core.mover  DRY   C:\Users\sippa\Desktop\photo_test - test run\DJI_1296.JPG  =>  C:\Users\sippa\Desktop\destination_folder_test\Photos\DJI Spark\2026\04_April\DJI_1296.JPG
2026-04-24 10:36:15  INFO      core.mover  DRY   C:\Users\sippa\Desktop\photo_test - test run\DSC00526.JPG  =>  C:\Users\sippa\Desktop\destination_folder_test\Photos\SONY ILCE-5000\2015\01_January\DSC00526.JPG
2026-04-24 10:36:15  INFO      core.mover  DRY   C:\Users\sippa\Desktop\photo_test - test run\DSC00560.JPG  =>  C:\Users\sippa\Desktop\destination_folder_test\Photos\SONY ILCE-5000\2015\01_January\DSC00560.JPG
2026-04-24 10:36:15  INFO      core.mover  DRY   C:\Users\sippa\Desktop\photo_test - test run\DSC00570.JPG  =>  C:\Users\sippa\Desktop\destination_folder_test\Photos\SONY ILCE-5000\2015\01_January\DSC00570.JPG
2026-04-24 10:36:15  INFO      core.mover  DRY   C:\Users\sippa\Desktop\photo_test - test run\DSC00619.JPG  =>  C:\Users\sippa\Desktop\destination_folder_test\Photos\SONY ILCE-5000\2015\01_January\DSC00619.JPG
2026-04-24 10:36:15  INFO      core.mover  DRY   C:\Users\sippa\Desktop\photo_test - test run\DSC00670.JPG  =>  C:\Users\sippa\Desktop\destination_folder_test\Photos\SONY ILCE-5000\2015\01_January\DSC00670.JPG
2026-04-24 10:36:15  INFO      core.mover  DRY   C:\Users\sippa\Desktop\photo_test - test run\DSC02383.JPG  =>  C:\Users\sippa\Desktop\destination_folder_test\Photos\Sony FDR-AX33\2023\04_April\DSC02383.JPG
2026-04-24 10:36:15  INFO      core.mover  DRY   C:\Users\sippa\Desktop\photo_test - test run\DSC02403.JPG  =>  C:\Users\sippa\Desktop\destination_folder_test\Photos\Sony FDR-AX33\2023\04_April\DSC02403.JPG
2026-04-24 10:36:15  INFO      core.mover  DRY   C:\Users\sippa\Desktop\photo_test - test run\DSC02427.JPG  =>  C:\Users\sippa\Desktop\destination_folder_test\Photos\Sony FDR-AX33\2023\04_April\DSC02427.JPG
2026-04-24 10:36:15  INFO      core.mover  DRY   C:\Users\sippa\Desktop\photo_test - test run\DSC02447.JPG  =>  C:\Users\sippa\Desktop\destination_folder_test\Photos\Sony FDR-AX33\2023\04_April\DSC02447.JPG
2026-04-24 10:36:15  INFO      core.mover  DRY   C:\Users\sippa\Desktop\photo_test - test run\DSC02460.JPG  =>  C:\Users\sippa\Desktop\destination_folder_test\Photos\Sony FDR-AX33\2023\04_April\DSC02460.JPG
2026-04-24 10:36:15  INFO      core.mover  DRY   C:\Users\sippa\Desktop\photo_test - test run\DSC02462.JPG  =>  C:\Users\sippa\Desktop\destination_folder_test\Photos\Sony FDR-AX33\2023\04_April\DSC02462.JPG
2026-04-24 10:36:15  INFO      core.mover  DRY   C:\Users\sippa\Desktop\photo_test - test run\DSC07301.JPG  =>  C:\Users\sippa\Desktop\destination_folder_test\Photos\SONY ILCE-5000\2014\12_December\DSC07301.JPG
2026-04-24 10:36:15  INFO      core.mover  DRY   C:\Users\sippa\Desktop\photo_test - test run\DSC07435.JPG  =>  C:\Users\sippa\Desktop\destination_folder_test\Photos\SONY ILCE-5000\2014\12_December\DSC07435.JPG
2026-04-24 10:36:15  INFO      core.mover  DRY   C:\Users\sippa\Desktop\photo_test - test run\DSC07544.JPG  =>  C:\Users\sippa\Desktop\destination_folder_test\Photos\SONY ILCE-5000\2014\12_December\DSC07544.JPG
2026-04-24 10:36:15  INFO      core.mover  DRY   C:\Users\sippa\Desktop\photo_test - test run\DSC07571.JPG  =>  C:\Users\sippa\Desktop\destination_folder_test\Photos\SONY ILCE-5000\2014\12_December\DSC07571.JPG
2026-04-24 10:36:15  INFO      core.mover  DRY   C:\Users\sippa\Desktop\photo_test - test run\FB_IMG_1610886602794.jpg  =>  C:\Users\sippa\Desktop\destination_folder_test\Photos\Facebook\2021\01_January\FB_IMG_1610886602794.jpg
2026-04-24 10:36:15  INFO      core.mover  DRY   C:\Users\sippa\Desktop\photo_test - test run\FB_IMG_1610978846038.jpg  =>  C:\Users\sippa\Desktop\destination_folder_test\Photos\Facebook\2021\01_January\FB_IMG_1610978846038.jpg
2026-04-24 10:36:15  INFO      core.mover  DRY   C:\Users\sippa\Desktop\photo_test - test run\FB_IMG_1611486097513.jpg  =>  C:\Users\sippa\Desktop\destination_folder_test\Photos\Facebook\2021\01_January\FB_IMG_1611486097513.jpg
2026-04-24 10:36:15  INFO      core.mover  DRY   C:\Users\sippa\Desktop\photo_test - test run\FB_IMG_1611898136859.jpg  =>  C:\Users\sippa\Desktop\destination_folder_test\Photos\Facebook\2021\01_January\FB_IMG_1611898136859.jpg
2026-04-24 10:36:15  INFO      core.mover  DRY   C:\Users\sippa\Desktop\photo_test - test run\FB_IMG_1612071086257.jpg  =>  C:\Users\sippa\Desktop\destination_folder_test\Photos\Facebook\2021\01_January\FB_IMG_1612071086257.jpg
2026-04-24 10:36:15  INFO      core.mover  DRY   C:\Users\sippa\Desktop\photo_test - test run\FB_IMG_1613374817091.jpg  =>  C:\Users\sippa\Desktop\destination_folder_test\Photos\Facebook\2021\02_February\FB_IMG_1613374817091.jpg
2026-04-24 10:36:15  INFO      core.mover  DRY   C:\Users\sippa\Desktop\photo_test - test run\FB_IMG_1613999273542.jpg  =>  C:\Users\sippa\Desktop\destination_folder_test\Photos\Facebook\2021\02_February\FB_IMG_1613999273542.jpg
2026-04-24 10:36:15  INFO      core.mover  DRY   C:\Users\sippa\Desktop\photo_test - test run\FB_IMG_1614128489222.jpg  =>  C:\Users\sippa\Desktop\destination_folder_test\Photos\Facebook\2021\02_February\FB_IMG_1614128489222.jpg
2026-04-24 10:36:15  INFO      core.mover  DRY   C:\Users\sippa\Desktop\photo_test - test run\FB_IMG_1614495158485.jpg  =>  C:\Users\sippa\Desktop\destination_folder_test\Photos\Facebook\2021\02_February\FB_IMG_1614495158485.jpg
2026-04-24 10:36:15  INFO      core.mover  DRY   C:\Users\sippa\Desktop\photo_test - test run\FB_IMG_1614771485590.jpg  =>  C:\Users\sippa\Desktop\destination_folder_test\Photos\Facebook\2021\03_March\FB_IMG_1614771485590.jpg
2026-04-24 10:36:15  INFO      core.mover  DRY   C:\Users\sippa\Desktop\photo_test - test run\FB_IMG_1614776237701.jpg  =>  C:\Users\sippa\Desktop\destination_folder_test\Photos\Facebook\2021\03_March\FB_IMG_1614776237701.jpg
2026-04-24 10:36:15  INFO      core.mover  DRY   C:\Users\sippa\Desktop\photo_test - test run\FB_IMG_1614865539175.jpg  =>  C:\Users\sippa\Desktop\destination_folder_test\Photos\Facebook\2021\03_March\FB_IMG_1614865539175.jpg
2026-04-24 10:36:15  INFO      core.mover  DRY   C:\Users\sippa\Desktop\photo_test - test run\FB_IMG_1614915905520.jpg  =>  C:\Users\sippa\Desktop\destination_folder_test\Photos\Facebook\2021\03_March\FB_IMG_1614915905520.jpg
2026-04-24 10:36:15  INFO      core.mover  DRY   C:\Users\sippa\Desktop\photo_test - test run\FB_IMG_1615025595566.jpg  =>  C:\Users\sippa\Desktop\destination_folder_test\Photos\Facebook\2021\03_March\FB_IMG_1615025595566.jpg
2026-04-24 10:36:15  INFO      core.mover  DRY   C:\Users\sippa\Desktop\photo_test - test run\FB_IMG_1615514453996.jpg  =>  C:\Users\sippa\Desktop\destination_folder_test\Photos\Facebook\2021\03_March\FB_IMG_1615514453996.jpg
2026-04-24 10:36:15  INFO      core.mover  DRY   C:\Users\sippa\Desktop\photo_test - test run\FB_IMG_1615530520541.jpg  =>  C:\Users\sippa\Desktop\destination_folder_test\Photos\Facebook\2021\03_March\FB_IMG_1615530520541.jpg
2026-04-24 10:36:15  INFO      core.mover  DRY   C:\Users\sippa\Desktop\photo_test - test run\FB_IMG_1615530528077.jpg  =>  C:\Users\sippa\Desktop\destination_folder_test\Photos\Facebook\2021\03_March\FB_IMG_1615530528077.jpg
2026-04-24 10:36:15  INFO      core.mover  DRY   C:\Users\sippa\Desktop\photo_test - test run\FB_IMG_1615768292470.jpg  =>  C:\Users\sippa\Desktop\destination_folder_test\Photos\Facebook\2021\03_March\FB_IMG_1615768292470.jpg
2026-04-24 10:36:15  INFO      core.mover  DRY   C:\Users\sippa\Desktop\photo_test - test run\FB_IMG_1615768294845.jpg  =>  C:\Users\sippa\Desktop\destination_folder_test\Photos\Facebook\2021\03_March\FB_IMG_1615768294845.jpg
2026-04-24 10:36:15  INFO      core.mover  DRY   C:\Users\sippa\Desktop\photo_test - test run\FB_IMG_1615768296975.jpg  =>  C:\Users\sippa\Desktop\destination_folder_test\Photos\Facebook\2021\03_March\FB_IMG_1615768296975.jpg
2026-04-24 10:36:15  INFO      core.mover  DRY   C:\Users\sippa\Desktop\photo_test - test run\FB_IMG_1615768299212.jpg  =>  C:\Users\sippa\Desktop\destination_folder_test\Photos\Facebook\2021\03_March\FB_IMG_1615768299212.jpg
2026-04-24 10:36:15  INFO      core.mover  DRY   C:\Users\sippa\Desktop\photo_test - test run\FB_IMG_1615768301847.jpg  =>  C:\Users\sippa\Desktop\destination_folder_test\Photos\Facebook\2021\03_March\FB_IMG_1615768301847.jpg
2026-04-24 10:36:15  INFO      core.mover  DRY   C:\Users\sippa\Desktop\photo_test - test run\FB_IMG_1615768305498.jpg  =>  C:\Users\sippa\Desktop\destination_folder_test\Photos\Facebook\2021\03_March\FB_IMG_1615768305498.jpg
2026-04-24 10:36:15  INFO      core.mover  DRY   C:\Users\sippa\Desktop\photo_test - test run\FB_IMG_1616400261556.jpg  =>  C:\Users\sippa\Desktop\destination_folder_test\Photos\Facebook\2021\03_March\FB_IMG_1616400261556.jpg
2026-04-24 10:36:15  INFO      core.mover  DRY   C:\Users\sippa\Desktop\photo_test - test run\FB_IMG_1616588202981.jpg  =>  C:\Users\sippa\Desktop\destination_folder_test\Photos\Facebook\2021\03_March\FB_IMG_1616588202981.jpg
2026-04-24 10:36:15  INFO      core.mover  DRY   C:\Users\sippa\Desktop\photo_test - test run\FB_IMG_1616918172165.jpg  =>  C:\Users\sippa\Desktop\destination_folder_test\Photos\Facebook\2021\03_March\FB_IMG_1616918172165.jpg
2026-04-24 10:36:16  INFO      core.mover  DRY   C:\Users\sippa\Desktop\photo_test - test run\FB_IMG_1616918175756.jpg  =>  C:\Users\sippa\Desktop\destination_folder_test\Photos\Facebook\2021\03_March\FB_IMG_1616918175756.jpg
2026-04-24 10:36:16  INFO      core.mover  DRY   C:\Users\sippa\Desktop\photo_test - test run\FB_IMG_1618041578519.jpg  =>  C:\Users\sippa\Desktop\destination_folder_test\Photos\Facebook\2021\04_April\FB_IMG_1618041578519.jpg
2026-04-24 10:36:16  INFO      core.mover  DRY   C:\Users\sippa\Desktop\photo_test - test run\FB_IMG_1618456115721.jpg  =>  C:\Users\sippa\Desktop\destination_folder_test\Photos\Facebook\2021\04_April\FB_IMG_1618456115721.jpg
2026-04-24 10:36:16  INFO      core.mover  DRY   C:\Users\sippa\Desktop\photo_test - test run\FB_IMG_1618625350020.jpg  =>  C:\Users\sippa\Desktop\destination_folder_test\Photos\Facebook\2021\04_April\FB_IMG_1618625350020.jpg
2026-04-24 10:36:16  INFO      core.mover  DRY   C:\Users\sippa\Desktop\photo_test - test run\FB_IMG_1618625355355.jpg  =>  C:\Users\sippa\Desktop\destination_folder_test\Photos\Facebook\2021\04_April\FB_IMG_1618625355355.jpg
2026-04-24 10:36:16  INFO      core.mover  DRY   C:\Users\sippa\Desktop\photo_test - test run\FB_IMG_1618842604396.jpg  =>  C:\Users\sippa\Desktop\destination_folder_test\Photos\Facebook\2021\04_April\FB_IMG_1618842604396.jpg
2026-04-24 10:36:16  INFO      core.mover  DRY   C:\Users\sippa\Desktop\photo_test - test run\FB_IMG_1618899721741.jpg  =>  C:\Users\sippa\Desktop\destination_folder_test\Photos\Facebook\2021\04_April\FB_IMG_1618899721741.jpg
2026-04-24 10:36:16  INFO      core.mover  DRY   C:\Users\sippa\Desktop\photo_test - test run\FB_IMG_1619160306874.jpg  =>  C:\Users\sippa\Desktop\destination_folder_test\Photos\Facebook\2021\04_April\FB_IMG_1619160306874.jpg
2026-04-24 10:36:16  INFO      core.mover  DRY   C:\Users\sippa\Desktop\photo_test - test run\FB_IMG_1619160312469.jpg  =>  C:\Users\sippa\Desktop\destination_folder_test\Photos\Facebook\2021\04_April\FB_IMG_1619160312469.jpg
2026-04-24 10:36:16  INFO      core.mover  DRY   C:\Users\sippa\Desktop\photo_test - test run\FB_IMG_1619244251396.jpg  =>  C:\Users\sippa\Desktop\destination_folder_test\Photos\Facebook\2021\04_April\FB_IMG_1619244251396.jpg
2026-04-24 10:36:16  INFO      core.mover  DRY   C:\Users\sippa\Desktop\photo_test - test run\FB_IMG_1619361153010.jpg  =>  C:\Users\sippa\Desktop\destination_folder_test\Photos\Facebook\2021\04_April\FB_IMG_1619361153010.jpg
2026-04-24 10:36:16  INFO      core.mover  DRY   C:\Users\sippa\Desktop\photo_test - test run\FB_IMG_1619776600282.jpg  =>  C:\Users\sippa\Desktop\destination_folder_test\Photos\Facebook\2021\04_April\FB_IMG_1619776600282.jpg
2026-04-24 10:36:16  INFO      core.mover  DRY   C:\Users\sippa\Desktop\photo_test - test run\FB_IMG_1619930641041.jpg  =>  C:\Users\sippa\Desktop\destination_folder_test\Photos\Facebook\2021\05_May\FB_IMG_1619930641041.jpg
2026-04-24 10:36:16  INFO      core.mover  DRY   C:\Users\sippa\Desktop\photo_test - test run\FB_IMG_1619930660810.jpg  =>  C:\Users\sippa\Desktop\destination_folder_test\Photos\Facebook\2021\05_May\FB_IMG_1619930660810.jpg
2026-04-24 10:36:16  INFO      core.mover  DRY   C:\Users\sippa\Desktop\photo_test - test run\FB_IMG_1619930685988.jpg  =>  C:\Users\sippa\Desktop\destination_folder_test\Photos\Facebook\2021\05_May\FB_IMG_1619930685988.jpg
2026-04-24 10:36:16  INFO      core.mover  DRY   C:\Users\sippa\Desktop\photo_test - test run\FB_IMG_1619970194614.jpg  =>  C:\Users\sippa\Desktop\destination_folder_test\Photos\Facebook\2021\05_May\FB_IMG_1619970194614.jpg
2026-04-24 10:36:16  INFO      core.mover  DRY   C:\Users\sippa\Desktop\photo_test - test run\FB_IMG_1620050153735.jpg  =>  C:\Users\sippa\Desktop\destination_folder_test\Photos\Facebook\2021\05_May\FB_IMG_1620050153735.jpg
2026-04-24 10:36:16  INFO      core.mover  DRY   C:\Users\sippa\Desktop\photo_test - test run\FB_IMG_1620274269356.jpg  =>  C:\Users\sippa\Desktop\destination_folder_test\Photos\Facebook\2021\05_May\FB_IMG_1620274269356.jpg
2026-04-24 10:36:16  INFO      core.mover  DRY   C:\Users\sippa\Desktop\photo_test - test run\FB_IMG_1620282147781.jpg  =>  C:\Users\sippa\Desktop\destination_folder_test\Photos\Facebook\2021\05_May\FB_IMG_1620282147781.jpg
2026-04-24 10:36:16  INFO      core.mover  DRY   C:\Users\sippa\Desktop\photo_test - test run\FB_IMG_1620715456938.jpg  =>  C:\Users\sippa\Desktop\destination_folder_test\Photos\Facebook\2021\05_May\FB_IMG_1620715456938.jpg
2026-04-24 10:36:16  INFO      core.mover  DRY   C:\Users\sippa\Desktop\photo_test - test run\FB_IMG_1620787788997.jpg  =>  C:\Users\sippa\Desktop\destination_folder_test\Photos\Facebook\2021\05_May\FB_IMG_1620787788997.jpg
2026-04-24 10:36:16  INFO      core.mover  DRY   C:\Users\sippa\Desktop\photo_test - test run\FB_IMG_1620787803147.jpg  =>  C:\Users\sippa\Desktop\destination_folder_test\Photos\Facebook\2021\05_May\FB_IMG_1620787803147.jpg
2026-04-24 10:36:16  INFO      core.mover  DRY   C:\Users\sippa\Desktop\photo_test - test run\FB_IMG_1621136854904.jpg  =>  C:\Users\sippa\Desktop\destination_folder_test\Photos\Facebook\2021\05_May\FB_IMG_1621136854904.jpg
2026-04-24 10:36:16  INFO      core.mover  DRY   C:\Users\sippa\Desktop\photo_test - test run\FB_IMG_1621372923787.jpg  =>  C:\Users\sippa\Desktop\destination_folder_test\Photos\Facebook\2021\05_May\FB_IMG_1621372923787.jpg
2026-04-24 10:36:16  INFO      core.mover  DRY   C:\Users\sippa\Desktop\photo_test - test run\FB_IMG_1621561840556.jpg  =>  C:\Users\sippa\Desktop\destination_folder_test\Photos\Facebook\2021\05_May\FB_IMG_1621561840556.jpg
2026-04-24 10:36:16  INFO      core.mover  DRY   C:\Users\sippa\Desktop\photo_test - test run\FB_IMG_1621572203015.jpg  =>  C:\Users\sippa\Desktop\destination_folder_test\Photos\Facebook\2021\05_May\FB_IMG_1621572203015.jpg
2026-04-24 10:36:16  INFO      core.mover  DRY   C:\Users\sippa\Desktop\photo_test - test run\FB_IMG_1621655594649.jpg  =>  C:\Users\sippa\Desktop\destination_folder_test\Photos\Facebook\2021\05_May\FB_IMG_1621655594649.jpg
2026-04-24 10:36:16  INFO      core.mover  DRY   C:\Users\sippa\Desktop\photo_test - test run\FB_IMG_1621831348180.jpg  =>  C:\Users\sippa\Desktop\destination_folder_test\Photos\Facebook\2021\05_May\FB_IMG_1621831348180.jpg
2026-04-24 10:36:16  INFO      core.mover  DRY   C:\Users\sippa\Desktop\photo_test - test run\FB_IMG_1621848499759.jpg  =>  C:\Users\sippa\Desktop\destination_folder_test\Photos\Facebook\2021\05_May\FB_IMG_1621848499759.jpg
2026-04-24 10:36:16  INFO      core.mover  DRY   C:\Users\sippa\Desktop\photo_test - test run\FB_IMG_1622323782060.jpg  =>  C:\Users\sippa\Desktop\destination_folder_test\Photos\Facebook\2021\05_May\FB_IMG_1622323782060.jpg
2026-04-24 10:36:16  INFO      core.mover  DRY   C:\Users\sippa\Desktop\photo_test - test run\FB_IMG_1622325473985.jpg  =>  C:\Users\sippa\Desktop\destination_folder_test\Photos\Facebook\2021\05_May\FB_IMG_1622325473985.jpg
2026-04-24 10:36:16  INFO      core.mover  DRY   C:\Users\sippa\Desktop\photo_test - test run\FB_IMG_1622325644882.jpg  =>  C:\Users\sippa\Desktop\destination_folder_test\Photos\Facebook\2021\05_May\FB_IMG_1622325644882.jpg
2026-04-24 10:36:16  INFO      core.mover  DRY   C:\Users\sippa\Desktop\photo_test - test run\FB_IMG_1622325738403.jpg  =>  C:\Users\sippa\Desktop\destination_folder_test\Photos\Facebook\2021\05_May\FB_IMG_1622325738403.jpg
2026-04-24 10:36:16  INFO      core.mover  DRY   C:\Users\sippa\Desktop\photo_test - test run\FB_IMG_1622325841435.jpg  =>  C:\Users\sippa\Desktop\destination_folder_test\Photos\Facebook\2021\05_May\FB_IMG_1622325841435.jpg
2026-04-24 10:36:16  INFO      core.mover  DRY   C:\Users\sippa\Desktop\photo_test - test run\FB_IMG_1622373136478.jpg  =>  C:\Users\sippa\Desktop\destination_folder_test\Photos\Facebook\2021\05_May\FB_IMG_1622373136478.jpg
2026-04-24 10:36:16  INFO      core.mover  DRY   C:\Users\sippa\Desktop\photo_test - test run\FB_IMG_1622453947143.jpg  =>  C:\Users\sippa\Desktop\destination_folder_test\Photos\Facebook\2021\05_May\FB_IMG_1622453947143.jpg
2026-04-24 10:36:16  INFO      core.mover  DRY   C:\Users\sippa\Desktop\photo_test - test run\FB_IMG_1622467885452.jpg  =>  C:\Users\sippa\Desktop\destination_folder_test\Photos\Facebook\2021\05_May\FB_IMG_1622467885452.jpg
2026-04-24 10:36:16  INFO      core.mover  DRY   C:\Users\sippa\Desktop\photo_test - test run\FB_IMG_1622475212335.jpg  =>  C:\Users\sippa\Desktop\destination_folder_test\Photos\Facebook\2021\05_May\FB_IMG_1622475212335.jpg
2026-04-24 10:36:16  INFO      core.mover  DRY   C:\Users\sippa\Desktop\photo_test - test run\FB_IMG_1622479508198.jpg  =>  C:\Users\sippa\Desktop\destination_folder_test\Photos\Facebook\2021\05_May\FB_IMG_1622479508198.jpg
2026-04-24 10:36:16  INFO      core.mover  DRY   C:\Users\sippa\Desktop\photo_test - test run\FB_IMG_1622700007326.jpg  =>  C:\Users\sippa\Desktop\destination_folder_test\Photos\Facebook\2021\06_June\FB_IMG_1622700007326.jpg
2026-04-24 10:36:16  INFO      core.mover  DRY   C:\Users\sippa\Desktop\photo_test - test run\FB_IMG_1622796590372.jpg  =>  C:\Users\sippa\Desktop\destination_folder_test\Photos\Facebook\2021\06_June\FB_IMG_1622796590372.jpg
2026-04-24 10:36:16  INFO      core.mover  DRY   C:\Users\sippa\Desktop\photo_test - test run\FB_IMG_1622969411071.jpg  =>  C:\Users\sippa\Desktop\destination_folder_test\Photos\Facebook\2021\06_June\FB_IMG_1622969411071.jpg
2026-04-24 10:36:16  INFO      core.mover  DRY   C:\Users\sippa\Desktop\photo_test - test run\FB_IMG_1623162319868.jpg  =>  C:\Users\sippa\Desktop\destination_folder_test\Photos\Facebook\2021\06_June\FB_IMG_1623162319868.jpg
2026-04-24 10:36:16  INFO      core.mover  DRY   C:\Users\sippa\Desktop\photo_test - test run\FB_IMG_1623163565451.jpg  =>  C:\Users\sippa\Desktop\destination_folder_test\Photos\Facebook\2021\06_June\FB_IMG_1623163565451.jpg
2026-04-24 10:36:16  INFO      core.mover  DRY   C:\Users\sippa\Desktop\photo_test - test run\FB_IMG_1623495191744.jpg  =>  C:\Users\sippa\Desktop\destination_folder_test\Photos\Facebook\2021\06_June\FB_IMG_1623495191744.jpg
2026-04-24 10:36:16  INFO      core.mover  DRY   C:\Users\sippa\Desktop\photo_test - test run\FB_IMG_1623559632776.jpg  =>  C:\Users\sippa\Desktop\destination_folder_test\Photos\Facebook\2021\06_June\FB_IMG_1623559632776.jpg
2026-04-24 10:36:16  INFO      core.mover  DRY   C:\Users\sippa\Desktop\photo_test - test run\FB_IMG_1623635637586.jpg  =>  C:\Users\sippa\Desktop\destination_folder_test\Photos\Facebook\2021\06_June\FB_IMG_1623635637586.jpg
2026-04-24 10:36:16  INFO      core.mover  DRY   C:\Users\sippa\Desktop\photo_test - test run\FB_IMG_1623839764971.jpg  =>  C:\Users\sippa\Desktop\destination_folder_test\Photos\Facebook\2021\06_June\FB_IMG_1623839764971.jpg
2026-04-24 10:36:16  INFO      core.mover  DRY   C:\Users\sippa\Desktop\photo_test - test run\FB_IMG_1623839819157.jpg  =>  C:\Users\sippa\Desktop\destination_folder_test\Photos\Facebook\2021\06_June\FB_IMG_1623839819157.jpg
2026-04-24 10:36:16  INFO      core.mover  DRY   C:\Users\sippa\Desktop\photo_test - test run\FB_IMG_1623839838499.jpg  =>  C:\Users\sippa\Desktop\destination_folder_test\Photos\Facebook\2021\06_June\FB_IMG_1623839838499.jpg
2026-04-24 10:36:16  INFO      core.mover  DRY   C:\Users\sippa\Desktop\photo_test - test run\FB_IMG_1623839841647.jpg  =>  C:\Users\sippa\Desktop\destination_folder_test\Photos\Facebook\2021\06_June\FB_IMG_1623839841647.jpg
2026-04-24 10:36:16  INFO      core.mover  DRY   C:\Users\sippa\Desktop\photo_test - test run\FB_IMG_1623839844029.jpg  =>  C:\Users\sippa\Desktop\destination_folder_test\Photos\Facebook\2021\06_June\FB_IMG_1623839844029.jpg
2026-04-24 10:36:16  INFO      core.mover  DRY   C:\Users\sippa\Desktop\photo_test - test run\FB_IMG_1623849478314.jpg  =>  C:\Users\sippa\Desktop\destination_folder_test\Photos\Facebook\2021\06_June\FB_IMG_1623849478314.jpg
2026-04-24 10:36:16  INFO      core.mover  DRY   C:\Users\sippa\Desktop\photo_test - test run\FB_IMG_1624160483647.jpg  =>  C:\Users\sippa\Desktop\destination_folder_test\Photos\Facebook\2021\06_June\FB_IMG_1624160483647.jpg
2026-04-24 10:36:16  INFO      core.mover  DRY   C:\Users\sippa\Desktop\photo_test - test run\FB_IMG_1624160492923.jpg  =>  C:\Users\sippa\Desktop\destination_folder_test\Photos\Facebook\2021\06_June\FB_IMG_1624160492923.jpg
2026-04-24 10:36:16  INFO      core.mover  DRY   C:\Users\sippa\Desktop\photo_test - test run\FB_IMG_1624160527258.jpg  =>  C:\Users\sippa\Desktop\destination_folder_test\Photos\Facebook\2021\06_June\FB_IMG_1624160527258.jpg
2026-04-24 10:36:16  INFO      core.mover  DRY   C:\Users\sippa\Desktop\photo_test - test run\FB_IMG_1624160549465.jpg  =>  C:\Users\sippa\Desktop\destination_folder_test\Photos\Facebook\2021\06_June\FB_IMG_1624160549465.jpg
2026-04-24 10:36:16  INFO      core.mover  DRY   C:\Users\sippa\Desktop\photo_test - test run\FB_IMG_1624160569880.jpg  =>  C:\Users\sippa\Desktop\destination_folder_test\Photos\Facebook\2021\06_June\FB_IMG_1624160569880.jpg
2026-04-24 10:36:16  INFO      core.mover  DRY   C:\Users\sippa\Desktop\photo_test - test run\FB_IMG_1624160602014.jpg  =>  C:\Users\sippa\Desktop\destination_folder_test\Photos\Facebook\2021\06_June\FB_IMG_1624160602014.jpg
2026-04-24 10:36:16  INFO      core.mover  DRY   C:\Users\sippa\Desktop\photo_test - test run\FB_IMG_1624160630260.jpg  =>  C:\Users\sippa\Desktop\destination_folder_test\Photos\Facebook\2021\06_June\FB_IMG_1624160630260.jpg
2026-04-24 10:36:16  INFO      core.mover  DRY   C:\Users\sippa\Desktop\photo_test - test run\FB_IMG_1624535578732.jpg  =>  C:\Users\sippa\Desktop\destination_folder_test\Photos\Facebook\2021\06_June\FB_IMG_1624535578732.jpg
2026-04-24 10:36:16  INFO      core.mover  DRY   C:\Users\sippa\Desktop\photo_test - test run\FB_IMG_1624786704258.jpg  =>  C:\Users\sippa\Desktop\destination_folder_test\Photos\Facebook\2021\06_June\FB_IMG_1624786704258.jpg
2026-04-24 10:36:16  INFO      core.mover  DRY   C:\Users\sippa\Desktop\photo_test - test run\FB_IMG_1624790461520.jpg  =>  C:\Users\sippa\Desktop\destination_folder_test\Photos\Facebook\2021\06_June\FB_IMG_1624790461520.jpg
2026-04-24 10:36:16  INFO      core.mover  DRY   C:\Users\sippa\Desktop\photo_test - test run\FB_IMG_1625033732451.jpg  =>  C:\Users\sippa\Desktop\destination_folder_test\Photos\Facebook\2021\06_June\FB_IMG_1625033732451.jpg
2026-04-24 10:36:16  INFO      core.mover  DRY   C:\Users\sippa\Desktop\photo_test - test run\FB_IMG_1625321076759.jpg  =>  C:\Users\sippa\Desktop\destination_folder_test\Photos\Facebook\2021\07_July\FB_IMG_1625321076759.jpg
2026-04-24 10:36:16  INFO      core.mover  DRY   C:\Users\sippa\Desktop\photo_test - test run\FB_IMG_1625536762607.jpg  =>  C:\Users\sippa\Desktop\destination_folder_test\Photos\Facebook\2021\07_July\FB_IMG_1625536762607.jpg
2026-04-24 10:36:16  INFO      core.mover  DRY   C:\Users\sippa\Desktop\photo_test - test run\FB_IMG_1625544499558.jpg  =>  C:\Users\sippa\Desktop\destination_folder_test\Photos\Facebook\2021\07_July\FB_IMG_1625544499558.jpg
2026-04-24 10:36:16  INFO      core.mover  DRY   C:\Users\sippa\Desktop\photo_test - test run\FB_IMG_1625544562014.jpg  =>  C:\Users\sippa\Desktop\destination_folder_test\Photos\Facebook\2021\07_July\FB_IMG_1625544562014.jpg
2026-04-24 10:36:16  INFO      core.mover  DRY   C:\Users\sippa\Desktop\photo_test - test run\FB_IMG_1625544571220.jpg  =>  C:\Users\sippa\Desktop\destination_folder_test\Photos\Facebook\2021\07_July\FB_IMG_1625544571220.jpg
2026-04-24 10:36:16  INFO      core.mover  DRY   C:\Users\sippa\Desktop\photo_test - test run\FB_IMG_1625935802503.jpg  =>  C:\Users\sippa\Desktop\destination_folder_test\Photos\Facebook\2021\07_July\FB_IMG_1625935802503.jpg
2026-04-24 10:36:16  INFO      core.mover  DRY   C:\Users\sippa\Desktop\photo_test - test run\FB_IMG_1625935933720.jpg  =>  C:\Users\sippa\Desktop\destination_folder_test\Photos\Facebook\2021\07_July\FB_IMG_1625935933720.jpg
2026-04-24 10:36:16  INFO      core.mover  DRY   C:\Users\sippa\Desktop\photo_test - test run\FB_IMG_1626269564118.jpg  =>  C:\Users\sippa\Desktop\destination_folder_test\Photos\Facebook\2021\07_July\FB_IMG_1626269564118.jpg
2026-04-24 10:36:16  INFO      core.mover  DRY   C:\Users\sippa\Desktop\photo_test - test run\FB_IMG_1627001269969.jpg  =>  C:\Users\sippa\Desktop\destination_folder_test\Photos\Facebook\2021\07_July\FB_IMG_1627001269969.jpg
2026-04-24 10:36:16  INFO      core.mover  DRY   C:\Users\sippa\Desktop\photo_test - test run\FB_IMG_1627116435630.jpg  =>  C:\Users\sippa\Desktop\destination_folder_test\Photos\Facebook\2021\07_July\FB_IMG_1627116435630.jpg
2026-04-24 10:36:16  INFO      core.mover  DRY   C:\Users\sippa\Desktop\photo_test - test run\FB_IMG_1627188818970.jpg  =>  C:\Users\sippa\Desktop\destination_folder_test\Photos\Facebook\2021\07_July\FB_IMG_1627188818970.jpg
2026-04-24 10:36:16  INFO      core.mover  DRY   C:\Users\sippa\Desktop\photo_test - test run\FB_IMG_1627268756737.jpg  =>  C:\Users\sippa\Desktop\destination_folder_test\Photos\Facebook\2021\07_July\FB_IMG_1627268756737.jpg
2026-04-24 10:36:16  INFO      core.mover  DRY   C:\Users\sippa\Desktop\photo_test - test run\FB_IMG_1627817381582.jpg  =>  C:\Users\sippa\Desktop\destination_folder_test\Photos\Facebook\2021\08_August\FB_IMG_1627817381582.jpg
2026-04-24 10:36:16  INFO      core.mover  DRY   C:\Users\sippa\Desktop\photo_test - test run\FB_IMG_1628006103025.jpg  =>  C:\Users\sippa\Desktop\destination_folder_test\Photos\Facebook\2021\08_August\FB_IMG_1628006103025.jpg
2026-04-24 10:36:16  INFO      core.mover  DRY   C:\Users\sippa\Desktop\photo_test - test run\FB_IMG_1628006105692.jpg  =>  C:\Users\sippa\Desktop\destination_folder_test\Photos\Facebook\2021\08_August\FB_IMG_1628006105692.jpg
2026-04-24 10:36:16  INFO      core.mover  DRY   C:\Users\sippa\Desktop\photo_test - test run\FB_IMG_1628006108037.jpg  =>  C:\Users\sippa\Desktop\destination_folder_test\Photos\Facebook\2021\08_August\FB_IMG_1628006108037.jpg
2026-04-24 10:36:16  INFO      core.mover  DRY   C:\Users\sippa\Desktop\photo_test - test run\FB_IMG_1628528842615.jpg  =>  C:\Users\sippa\Desktop\destination_folder_test\Photos\Facebook\2021\08_August\FB_IMG_1628528842615.jpg
2026-04-24 10:36:16  INFO      core.mover  DRY   C:\Users\sippa\Desktop\photo_test - test run\FB_IMG_1628737607591.jpg  =>  C:\Users\sippa\Desktop\destination_folder_test\Photos\Facebook\2021\08_August\FB_IMG_1628737607591.jpg
2026-04-24 10:36:16  INFO      core.mover  DRY   C:\Users\sippa\Desktop\photo_test - test run\FB_IMG_1628816749698.jpg  =>  C:\Users\sippa\Desktop\destination_folder_test\Photos\Facebook\2021\08_August\FB_IMG_1628816749698.jpg
2026-04-24 10:36:16  INFO      core.mover  DRY   C:\Users\sippa\Desktop\photo_test - test run\FB_IMG_1628865732905.jpg  =>  C:\Users\sippa\Desktop\destination_folder_test\Photos\Facebook\2021\08_August\FB_IMG_1628865732905.jpg
2026-04-24 10:36:16  INFO      core.mover  DRY   C:\Users\sippa\Desktop\photo_test - test run\FB_IMG_1628868302500.jpg  =>  C:\Users\sippa\Desktop\destination_folder_test\Photos\Facebook\2021\08_August\FB_IMG_1628868302500.jpg
2026-04-24 10:36:16  INFO      core.mover  DRY   C:\Users\sippa\Desktop\photo_test - test run\FB_IMG_1628913750818.jpg  =>  C:\Users\sippa\Desktop\destination_folder_test\Photos\Facebook\2021\08_August\FB_IMG_1628913750818.jpg
2026-04-24 10:36:16  INFO      core.mover  DRY   C:\Users\sippa\Desktop\photo_test - test run\FB_IMG_1628917594131.jpg  =>  C:\Users\sippa\Desktop\destination_folder_test\Photos\Facebook\2021\08_August\FB_IMG_1628917594131.jpg
2026-04-24 10:36:16  INFO      core.mover  DRY   C:\Users\sippa\Desktop\photo_test - test run\FB_IMG_1628917596504.jpg  =>  C:\Users\sippa\Desktop\destination_folder_test\Photos\Facebook\2021\08_August\FB_IMG_1628917596504.jpg
2026-04-24 10:36:16  INFO      core.mover  DRY   C:\Users\sippa\Desktop\photo_test - test run\FB_IMG_1628917598590.jpg  =>  C:\Users\sippa\Desktop\destination_folder_test\Photos\Facebook\2021\08_August\FB_IMG_1628917598590.jpg
2026-04-24 10:36:16  INFO      core.mover  DRY   C:\Users\sippa\Desktop\photo_test - test run\FB_IMG_1628917600969.jpg  =>  C:\Users\sippa\Desktop\destination_folder_test\Photos\Facebook\2021\08_August\FB_IMG_1628917600969.jpg
2026-04-24 10:36:16  INFO      core.mover  DRY   C:\Users\sippa\Desktop\photo_test - test run\FB_IMG_1628917605042.jpg  =>  C:\Users\sippa\Desktop\destination_folder_test\Photos\Facebook\2021\08_August\FB_IMG_1628917605042.jpg
2026-04-24 10:36:16  INFO      core.mover  DRY   C:\Users\sippa\Desktop\photo_test - test run\FB_IMG_1628917607465.jpg  =>  C:\Users\sippa\Desktop\destination_folder_test\Photos\Facebook\2021\08_August\FB_IMG_1628917607465.jpg
2026-04-24 10:36:16  INFO      core.mover  DRY   C:\Users\sippa\Desktop\photo_test - test run\FB_IMG_1628985112639.jpg  =>  C:\Users\sippa\Desktop\destination_folder_test\Photos\Facebook\2021\08_August\FB_IMG_1628985112639.jpg
2026-04-24 10:36:16  INFO      core.mover  DRY   C:\Users\sippa\Desktop\photo_test - test run\FB_IMG_1629611227433.jpg  =>  C:\Users\sippa\Desktop\destination_folder_test\Photos\Facebook\2021\08_August\FB_IMG_1629611227433.jpg
2026-04-24 10:36:16  INFO      core.mover  DRY   C:\Users\sippa\Desktop\photo_test - test run\FB_IMG_1630376017799.jpg  =>  C:\Users\sippa\Desktop\destination_folder_test\Photos\Facebook\2021\08_August\FB_IMG_1630376017799.jpg
2026-04-24 10:36:16  INFO      core.mover  DRY   C:\Users\sippa\Desktop\photo_test - test run\FB_IMG_1630378338646.jpg  =>  C:\Users\sippa\Desktop\destination_folder_test\Photos\Facebook\2021\08_August\FB_IMG_1630378338646.jpg
2026-04-24 10:36:16  INFO      core.mover  DRY   C:\Users\sippa\Desktop\photo_test - test run\FB_IMG_1631425192265.jpg  =>  C:\Users\sippa\Desktop\destination_folder_test\Photos\Facebook\2021\09_September\FB_IMG_1631425192265.jpg
2026-04-24 10:36:16  INFO      core.mover  DRY   C:\Users\sippa\Desktop\photo_test - test run\FB_IMG_1631906302246.jpg  =>  C:\Users\sippa\Desktop\destination_folder_test\Photos\Facebook\2021\09_September\FB_IMG_1631906302246.jpg
2026-04-24 10:36:16  INFO      core.mover  DRY   C:\Users\sippa\Desktop\photo_test - test run\FB_IMG_1632441262440.jpg  =>  C:\Users\sippa\Desktop\destination_folder_test\Photos\Facebook\2021\09_September\FB_IMG_1632441262440.jpg
2026-04-24 10:36:16  INFO      core.mover  DRY   C:\Users\sippa\Desktop\photo_test - test run\FB_IMG_1632754910486.jpg  =>  C:\Users\sippa\Desktop\destination_folder_test\Photos\Facebook\2021\09_September\FB_IMG_1632754910486.jpg
2026-04-24 10:36:16  INFO      core.mover  DRY   C:\Users\sippa\Desktop\photo_test - test run\FB_IMG_1633418644449.jpg  =>  C:\Users\sippa\Desktop\destination_folder_test\Photos\Facebook\2021\10_October\FB_IMG_1633418644449.jpg
2026-04-24 10:36:16  INFO      core.mover  DRY   C:\Users\sippa\Desktop\photo_test - test run\FB_IMG_1634438935238.jpg  =>  C:\Users\sippa\Desktop\destination_folder_test\Photos\Facebook\2021\10_October\FB_IMG_1634438935238.jpg
2026-04-24 10:36:16  INFO      core.mover  DRY   C:\Users\sippa\Desktop\photo_test - test run\FB_IMG_1635790918796.jpg  =>  C:\Users\sippa\Desktop\destination_folder_test\Photos\Facebook\2021\11_November\FB_IMG_1635790918796.jpg
2026-04-24 10:36:16  INFO      core.mover  DRY   C:\Users\sippa\Desktop\photo_test - test run\FB_IMG_1635790994295.jpg  =>  C:\Users\sippa\Desktop\destination_folder_test\Photos\Facebook\2021\11_November\FB_IMG_1635790994295.jpg
2026-04-24 10:36:16  INFO      core.mover  DRY   C:\Users\sippa\Desktop\photo_test - test run\FB_IMG_1636647491309.jpg  =>  C:\Users\sippa\Desktop\destination_folder_test\Photos\Facebook\2021\11_November\FB_IMG_1636647491309.jpg
2026-04-24 10:36:16  INFO      core.mover  DRY   C:\Users\sippa\Desktop\photo_test - test run\FB_IMG_1637159150973.jpg  =>  C:\Users\sippa\Desktop\destination_folder_test\Photos\Facebook\2021\11_November\FB_IMG_1637159150973.jpg
2026-04-24 10:36:16  INFO      core.mover  DRY   C:\Users\sippa\Desktop\photo_test - test run\FB_IMG_1637159435061.jpg  =>  C:\Users\sippa\Desktop\destination_folder_test\Photos\Facebook\2021\11_November\FB_IMG_1637159435061.jpg
2026-04-24 10:36:16  INFO      core.mover  DRY   C:\Users\sippa\Desktop\photo_test - test run\FB_IMG_1637231262467.jpg  =>  C:\Users\sippa\Desktop\destination_folder_test\Photos\Facebook\2021\11_November\FB_IMG_1637231262467.jpg
2026-04-24 10:36:16  INFO      core.mover  DRY   C:\Users\sippa\Desktop\photo_test - test run\FB_IMG_1637504906304.jpg  =>  C:\Users\sippa\Desktop\destination_folder_test\Photos\Facebook\2021\11_November\FB_IMG_1637504906304.jpg
2026-04-24 10:36:16  INFO      core.mover  DRY   C:\Users\sippa\Desktop\photo_test - test run\FB_IMG_1637980180374.jpg  =>  C:\Users\sippa\Desktop\destination_folder_test\Photos\Facebook\2021\11_November\FB_IMG_1637980180374.jpg
2026-04-24 10:36:16  INFO      core.mover  DRY   C:\Users\sippa\Desktop\photo_test - test run\FB_IMG_1638679965982.jpg  =>  C:\Users\sippa\Desktop\destination_folder_test\Photos\Facebook\2021\12_December\FB_IMG_1638679965982.jpg
2026-04-24 10:36:16  INFO      core.mover  DRY   C:\Users\sippa\Desktop\photo_test - test run\FB_IMG_1640288252972.jpg  =>  C:\Users\sippa\Desktop\destination_folder_test\Photos\Facebook\2021\12_December\FB_IMG_1640288252972.jpg
2026-04-24 10:36:16  INFO      core.mover  DRY   C:\Users\sippa\Desktop\photo_test - test run\FB_IMG_1640514991849.jpg  =>  C:\Users\sippa\Desktop\destination_folder_test\Photos\Facebook\2021\12_December\FB_IMG_1640514991849.jpg
2026-04-24 10:36:16  INFO      core.mover  DRY   C:\Users\sippa\Desktop\photo_test - test run\FB_IMG_1640855263846.jpg  =>  C:\Users\sippa\Desktop\destination_folder_test\Photos\Facebook\2021\12_December\FB_IMG_1640855263846.jpg
2026-04-24 10:36:16  INFO      core.mover  DRY   C:\Users\sippa\Desktop\photo_test - test run\FB_IMG_1641445517930.jpg  =>  C:\Users\sippa\Desktop\destination_folder_test\Photos\Facebook\2022\01_January\FB_IMG_1641445517930.jpg
2026-04-24 10:36:16  INFO      core.mover  DRY   C:\Users\sippa\Desktop\photo_test - test run\FB_IMG_1641704151198.jpg  =>  C:\Users\sippa\Desktop\destination_folder_test\Photos\Facebook\2022\01_January\FB_IMG_1641704151198.jpg
2026-04-24 10:36:16  INFO      core.mover  DRY   C:\Users\sippa\Desktop\photo_test - test run\FB_IMG_1642410969667.jpg  =>  C:\Users\sippa\Desktop\destination_folder_test\Photos\Facebook\2022\01_January\FB_IMG_1642410969667.jpg
2026-04-24 10:36:16  INFO      core.mover  DRY   C:\Users\sippa\Desktop\photo_test - test run\FB_IMG_1643434438784.jpg  =>  C:\Users\sippa\Desktop\destination_folder_test\Photos\Facebook\2022\01_January\FB_IMG_1643434438784.jpg
2026-04-24 10:36:16  INFO      core.mover  DRY   C:\Users\sippa\Desktop\photo_test - test run\FB_IMG_1643816542993.jpg  =>  C:\Users\sippa\Desktop\destination_folder_test\Photos\Facebook\2022\02_February\FB_IMG_1643816542993.jpg
2026-04-24 10:36:16  INFO      core.mover  DRY   C:\Users\sippa\Desktop\photo_test - test run\FB_IMG_1644695531344.jpg  =>  C:\Users\sippa\Desktop\destination_folder_test\Photos\Facebook\2022\02_February\FB_IMG_1644695531344.jpg
2026-04-24 10:36:16  INFO      core.mover  DRY   C:\Users\sippa\Desktop\photo_test - test run\FB_IMG_1645109439095.jpg  =>  C:\Users\sippa\Desktop\destination_folder_test\Photos\Facebook\2022\02_February\FB_IMG_1645109439095.jpg
2026-04-24 10:36:16  INFO      core.mover  DRY   C:\Users\sippa\Desktop\photo_test - test run\FB_IMG_1645716310134.jpg  =>  C:\Users\sippa\Desktop\destination_folder_test\Photos\Facebook\2022\02_February\FB_IMG_1645716310134.jpg
2026-04-24 10:36:16  INFO      core.mover  DRY   C:\Users\sippa\Desktop\photo_test - test run\FB_IMG_1647058817455.jpg  =>  C:\Users\sippa\Desktop\destination_folder_test\Photos\Facebook\2022\03_March\FB_IMG_1647058817455.jpg
2026-04-24 10:36:16  INFO      core.mover  DRY   C:\Users\sippa\Desktop\photo_test - test run\FB_IMG_1647085804573.jpg  =>  C:\Users\sippa\Desktop\destination_folder_test\Photos\Facebook\2022\03_March\FB_IMG_1647085804573.jpg
2026-04-24 10:36:16  INFO      core.mover  DRY   C:\Users\sippa\Desktop\photo_test - test run\FB_IMG_1647745933134.jpg  =>  C:\Users\sippa\Desktop\destination_folder_test\Photos\Facebook\2022\03_March\FB_IMG_1647745933134.jpg
2026-04-24 10:36:16  INFO      core.mover  DRY   C:\Users\sippa\Desktop\photo_test - test run\FB_IMG_1648009914551.jpg  =>  C:\Users\sippa\Desktop\destination_folder_test\Photos\Facebook\2022\03_March\FB_IMG_1648009914551.jpg
2026-04-24 10:36:16  INFO      core.mover  DRY   C:\Users\sippa\Desktop\photo_test - test run\FB_IMG_1648009936992.jpg  =>  C:\Users\sippa\Desktop\destination_folder_test\Photos\Facebook\2022\03_March\FB_IMG_1648009936992.jpg
2026-04-24 10:36:16  INFO      core.mover  DRY   C:\Users\sippa\Desktop\photo_test - test run\FB_IMG_1648444275397.jpg  =>  C:\Users\sippa\Desktop\destination_folder_test\Photos\Facebook\2022\03_March\FB_IMG_1648444275397.jpg
2026-04-24 10:36:16  INFO      core.mover  DRY   C:\Users\sippa\Desktop\photo_test - test run\FB_IMG_1648444296132.jpg  =>  C:\Users\sippa\Desktop\destination_folder_test\Photos\Facebook\2022\03_March\FB_IMG_1648444296132.jpg
2026-04-24 10:36:16  INFO      core.mover  DRY   C:\Users\sippa\Desktop\photo_test - test run\FB_IMG_1649934609426.jpg  =>  C:\Users\sippa\Desktop\destination_folder_test\Photos\Facebook\2022\04_April\FB_IMG_1649934609426.jpg
2026-04-24 10:36:16  INFO      core.mover  DRY   C:\Users\sippa\Desktop\photo_test - test run\FB_IMG_1650216661518.jpg  =>  C:\Users\sippa\Desktop\destination_folder_test\Photos\Facebook\2022\04_April\FB_IMG_1650216661518.jpg
2026-04-24 10:36:16  INFO      core.mover  DRY   C:\Users\sippa\Desktop\photo_test - test run\FB_IMG_1650468429353.jpg  =>  C:\Users\sippa\Desktop\destination_folder_test\Photos\Facebook\2022\04_April\FB_IMG_1650468429353.jpg
2026-04-24 10:36:16  INFO      core.mover  DRY   C:\Users\sippa\Desktop\photo_test - test run\how_topsd-oom.jpg  =>  C:\Users\sippa\Desktop\destination_folder_test\Photos\Unknown_Device\2012\10_October\how_topsd-oom.jpg
2026-04-24 10:36:16  INFO      core.mover  DRY   C:\Users\sippa\Desktop\photo_test - test run\Image2017-10-28_12-39-13.png  =>  C:\Users\sippa\Desktop\destination_folder_test\Photos\Unknown_Device\2017\10_October\Image2017-10-28_12-39-13.png
2026-04-24 10:36:16  INFO      core.mover  DRY   C:\Users\sippa\Desktop\photo_test - test run\IMG_3698.JPG  =>  C:\Users\sippa\Desktop\destination_folder_test\Photos\Canon EOS RP\2025\04_April\IMG_3698.JPG
2026-04-24 10:36:16  INFO      core.mover  DRY   C:\Users\sippa\Desktop\photo_test - test run\IMG_3740.JPG  =>  C:\Users\sippa\Desktop\destination_folder_test\Photos\Canon EOS RP\2025\04_April\IMG_3740.JPG
2026-04-24 10:36:16  INFO      core.mover  DRY   C:\Users\sippa\Desktop\photo_test - test run\IMG_3741.JPG  =>  C:\Users\sippa\Desktop\destination_folder_test\Photos\Canon EOS RP\2025\04_April\IMG_3741.JPG
2026-04-24 10:36:16  INFO      core.mover  DRY   C:\Users\sippa\Desktop\photo_test - test run\IMG_3750.JPG  =>  C:\Users\sippa\Desktop\destination_folder_test\Photos\Canon EOS RP\2025\04_April\IMG_3750.JPG
2026-04-24 10:36:17  INFO      core.mover  DRY   C:\Users\sippa\Desktop\photo_test - test run\IMG_3751.JPG  =>  C:\Users\sippa\Desktop\destination_folder_test\Photos\Canon EOS RP\2025\04_April\IMG_3751.JPG
2026-04-24 10:36:17  INFO      core.mover  DRY   C:\Users\sippa\Desktop\photo_test - test run\IMG_3759.JPG  =>  C:\Users\sippa\Desktop\destination_folder_test\Photos\Canon EOS RP\2025\04_April\IMG_3759.JPG
2026-04-24 10:36:17  INFO      core.mover  DRY   C:\Users\sippa\Desktop\photo_test - test run\IMG_3760.JPG  =>  C:\Users\sippa\Desktop\destination_folder_test\Photos\Canon EOS RP\2025\04_April\IMG_3760.JPG
2026-04-24 10:36:17  INFO      core.mover  DRY   C:\Users\sippa\Desktop\photo_test - test run\IMG_3849.JPG  =>  C:\Users\sippa\Desktop\destination_folder_test\Photos\Canon EOS RP\2025\04_April\IMG_3849.JPG
2026-04-24 10:36:17  INFO      core.mover  DRY   C:\Users\sippa\Desktop\photo_test - test run\IMG_6410_0.jpg  =>  C:\Users\sippa\Desktop\destination_folder_test\Photos\Canon EOS RP\2026\02_February\IMG_6410_0.jpg
2026-04-24 10:36:17  INFO      core.mover  DRY   C:\Users\sippa\Desktop\photo_test - test run\IMG_6411_0.jpg  =>  C:\Users\sippa\Desktop\destination_folder_test\Photos\Canon EOS RP\2026\02_February\IMG_6411_0.jpg
2026-04-24 10:36:17  INFO      core.mover  DRY   C:\Users\sippa\Desktop\photo_test - test run\IMG_6412_0.jpg  =>  C:\Users\sippa\Desktop\destination_folder_test\Photos\Canon EOS RP\2026\02_February\IMG_6412_0.jpg
2026-04-24 10:36:17  INFO      core.mover  DRY   C:\Users\sippa\Desktop\photo_test - test run\IMG_6414_0.jpg  =>  C:\Users\sippa\Desktop\destination_folder_test\Photos\Canon EOS RP\2026\02_February\IMG_6414_0.jpg
2026-04-24 10:36:17  INFO      core.mover  DRY   C:\Users\sippa\Desktop\photo_test - test run\IMG_6429_0.jpg  =>  C:\Users\sippa\Desktop\destination_folder_test\Photos\Canon EOS RP\2026\02_February\IMG_6429_0.jpg
2026-04-24 10:36:17  INFO      core.mover  DRY   C:\Users\sippa\Desktop\photo_test - test run\IMG_9472.JPG  =>  C:\Users\sippa\Desktop\destination_folder_test\Photos\Apple iPad mini 1G\2015\09_September\IMG_9472.JPG
2026-04-24 10:36:17  INFO      core.mover  DRY   C:\Users\sippa\Desktop\photo_test - test run\IMG_9478.JPG  =>  C:\Users\sippa\Desktop\destination_folder_test\Photos\Apple iPad mini 1G\2015\09_September\IMG_9478.JPG
2026-04-24 10:36:17  INFO      core.mover  DRY   C:\Users\sippa\Desktop\photo_test - test run\Jumping_Race_2017-07-28T123453+0000_E485DC.jpg  =>  C:\Users\sippa\Desktop\destination_folder_test\Photos\Parrot Jumping Race\2017\07_July\Jumping_Race_2017-07-28T123453+0000_E485DC.jpg
2026-04-24 10:36:17  INFO      core.mover  DRY   C:\Users\sippa\Desktop\photo_test - test run\Jumping_Race_2017-07-28T123548+0000_DD4B51.jpg  =>  C:\Users\sippa\Desktop\destination_folder_test\Photos\Parrot Jumping Race\2017\07_July\Jumping_Race_2017-07-28T123548+0000_DD4B51.jpg
2026-04-24 10:36:17  INFO      core.mover  DRY   C:\Users\sippa\Desktop\photo_test - test run\Jumping_Race_2017-07-28T123621+0000_C2F6AB.jpg  =>  C:\Users\sippa\Desktop\destination_folder_test\Photos\Parrot Jumping Race\2017\07_July\Jumping_Race_2017-07-28T123621+0000_C2F6AB.jpg
2026-04-24 10:36:17  INFO      core.mover  DRY   C:\Users\sippa\Desktop\photo_test - test run\Jumping_Race_2017-08-20T155617+0000_69B95B.jpg  =>  C:\Users\sippa\Desktop\destination_folder_test\Photos\Parrot Jumping Race\2017\08_August\Jumping_Race_2017-08-20T155617+0000_69B95B.jpg
2026-04-24 10:36:17  INFO      core.mover  DRY   C:\Users\sippa\Desktop\photo_test - test run\mom_gen.jpg  =>  C:\Users\sippa\Desktop\destination_folder_test\Photos\Unknown_Device\2012\01_January\mom_gen.jpg
2026-04-24 10:36:17  INFO      core.mover  DRY   C:\Users\sippa\Desktop\photo_test - test run\oom profile pic.jpg  =>  C:\Users\sippa\Desktop\destination_folder_test\Photos\SONY DSLR-A200\2012\01_January\oom profile pic.jpg
2026-04-24 10:36:17  INFO      core.mover  DRY   C:\Users\sippa\Desktop\photo_test - test run\oom racing profile.jpg  =>  C:\Users\sippa\Desktop\destination_folder_test\Photos\Sony NEX-5N\2012\12_December\oom racing profile.jpg
2026-04-24 10:36:17  INFO      core.mover  DRY   C:\Users\sippa\Desktop\photo_test - test run\oom1.jpg  =>  C:\Users\sippa\Desktop\destination_folder_test\Photos\Unknown_Device\2007\11_November\oom1.jpg
2026-04-24 10:36:17  INFO      core.mover  DRY   C:\Users\sippa\Desktop\photo_test - test run\oom2.jpg  =>  C:\Users\sippa\Desktop\destination_folder_test\Photos\Unknown_Device\2007\11_November\oom2.jpg
2026-04-24 10:36:17  INFO      core.mover  DRY   C:\Users\sippa\Desktop\photo_test - test run\P2400145.JPG  =>  C:\Users\sippa\Desktop\destination_folder_test\Photos\Panasonic GX85\2021\03_March\P2400145.JPG
2026-04-24 10:36:17  INFO      core.mover  DRY   C:\Users\sippa\Desktop\photo_test - test run\P2440732.JPG  =>  C:\Users\sippa\Desktop\destination_folder_test\Photos\Panasonic GX85\2021\06_June\P2440732.JPG
2026-04-24 10:36:17  INFO      core.mover  DRY   C:\Users\sippa\Desktop\photo_test - test run\P2440733.JPG  =>  C:\Users\sippa\Desktop\destination_folder_test\Photos\Panasonic GX85\2021\06_June\P2440733.JPG
2026-04-24 10:36:17  INFO      core.mover  DRY   C:\Users\sippa\Desktop\photo_test - test run\P2480116.JPG  =>  C:\Users\sippa\Desktop\destination_folder_test\Photos\Panasonic GX85\2021\07_July\P2480116.JPG
2026-04-24 10:36:17  INFO      core.mover  DRY   C:\Users\sippa\Desktop\photo_test - test run\P2890961.JPG  =>  C:\Users\sippa\Desktop\destination_folder_test\Photos\Panasonic GX85\2022\09_September\P2890961.JPG
2026-04-24 10:36:17  INFO      core.mover  DRY   C:\Users\sippa\Desktop\photo_test - test run\P2890962.JPG  =>  C:\Users\sippa\Desktop\destination_folder_test\Photos\Panasonic GX85\2022\09_September\P2890962.JPG
2026-04-24 10:36:17  INFO      core.mover  DRY   C:\Users\sippa\Desktop\photo_test - test run\P2890963.JPG  =>  C:\Users\sippa\Desktop\destination_folder_test\Photos\Panasonic GX85\2022\09_September\P2890963.JPG
2026-04-24 10:36:17  INFO      core.mover  DRY   C:\Users\sippa\Desktop\photo_test - test run\P4120847.JPG  =>  C:\Users\sippa\Desktop\destination_folder_test\Photos\Panasonic GX85\2026\02_February\P4120847.JPG
2026-04-24 10:36:17  INFO      core.mover  DRY   C:\Users\sippa\Desktop\photo_test - test run\P4120848.JPG  =>  C:\Users\sippa\Desktop\destination_folder_test\Photos\Panasonic GX85\2026\02_February\P4120848.JPG
2026-04-24 10:36:17  INFO      core.mover  DRY   C:\Users\sippa\Desktop\photo_test - test run\P4120858.JPG  =>  C:\Users\sippa\Desktop\destination_folder_test\Photos\Panasonic GX85\2026\02_February\P4120858.JPG
2026-04-24 10:36:17  INFO      core.mover  DRY   C:\Users\sippa\Desktop\photo_test - test run\poster_all.jpg  =>  C:\Users\sippa\Desktop\destination_folder_test\Photos\Unknown_Device\2012\09_September\poster_all.jpg
2026-04-24 10:36:17  INFO      core.mover  DRY   C:\Users\sippa\Desktop\photo_test - test run\poster_japan_new1.jpg  =>  C:\Users\sippa\Desktop\destination_folder_test\Photos\Unknown_Device\2012\08_August\poster_japan_new1.jpg
2026-04-24 10:36:17  INFO      core.mover  DRY   C:\Users\sippa\Desktop\photo_test - test run\poster_send gift.jpg  =>  C:\Users\sippa\Desktop\destination_folder_test\Photos\Unknown_Device\2012\10_October\poster_send gift.jpg
2026-04-24 10:36:17  INFO      core.mover  DRY   C:\Users\sippa\Desktop\photo_test - test run\Q11_55.jpg  =>  C:\Users\sippa\Desktop\destination_folder_test\Photos\Unknown_Device\2017\12_December\Q11_55.jpg
2026-04-24 10:36:17  INFO      core.mover  DRY   C:\Users\sippa\Desktop\photo_test - test run\QR-oom ziggaza.png  =>  C:\Users\sippa\Desktop\destination_folder_test\Photos\Unknown_Device\2012\10_October\QR-oom ziggaza.png
2026-04-24 10:36:17  INFO      core.mover  DRY   C:\Users\sippa\Desktop\photo_test - test run\Q_06_6.JPG  =>  C:\Users\sippa\Desktop\destination_folder_test\Photos\Panasonic GX85\2017\06_June\Q_06_6.JPG
2026-04-24 10:36:17  INFO      core.mover  DRY   C:\Users\sippa\Desktop\photo_test - test run\Q_06_8.JPG  =>  C:\Users\sippa\Desktop\destination_folder_test\Photos\Panasonic GX85\2017\06_June\Q_06_8.JPG
2026-04-24 10:36:17  INFO      core.mover  DRY   C:\Users\sippa\Desktop\photo_test - test run\Q_09_03.JPG  =>  C:\Users\sippa\Desktop\destination_folder_test\Photos\Panasonic GX85\2017\09_September\Q_09_03.JPG
2026-04-24 10:36:17  INFO      core.mover  DRY   C:\Users\sippa\Desktop\photo_test - test run\Q_12_07.JPG  =>  C:\Users\sippa\Desktop\destination_folder_test\Photos\Panasonic GX85\2017\12_December\Q_12_07.JPG
2026-04-24 10:36:17  INFO      core.mover  DRY   C:\Users\sippa\Desktop\photo_test - test run\Q_12_08.JPG  =>  C:\Users\sippa\Desktop\destination_folder_test\Photos\Panasonic GX85\2017\12_December\Q_12_08.JPG
2026-04-24 10:36:17  INFO      core.mover  DRY   C:\Users\sippa\Desktop\photo_test - test run\test_drum_nano.mp4  =>  C:\Users\sippa\Desktop\destination_folder_test\Videos\Unknown_Device\2021\07_July\test_drum_nano.mp4
2026-04-24 10:36:17  INFO      core.mover  DRY   C:\Users\sippa\Desktop\photo_test - test run\test_drum_nano_2.mp4  =>  C:\Users\sippa\Desktop\destination_folder_test\Videos\Unknown_Device\2021\07_July\test_drum_nano_2.mp4
2026-04-24 10:36:17  INFO      core.mover  DRY   C:\Users\sippa\Desktop\photo_test - test run\ticker.jpg  =>  C:\Users\sippa\Desktop\destination_folder_test\Photos\Sony NEX-5N\2013\04_April\ticker.jpg
2026-04-24 10:36:17  INFO      core.mover  DRY   C:\Users\sippa\Desktop\photo_test - test run\VID_165730512_193223_687.mp4  =>  C:\Users\sippa\Desktop\destination_folder_test\Videos\Unknown_Device\2019\11_November\VID_165730512_193223_687.mp4
2026-04-24 10:36:17  INFO      core.mover  DRY   C:\Users\sippa\Desktop\photo_test - test run\VID_92500220_085013_366.mp4  =>  C:\Users\sippa\Desktop\destination_folder_test\Videos\Unknown_Device\2019\08_August\VID_92500220_085013_366.mp4
2026-04-24 10:36:17  INFO      core.mover  DRY   C:\Users\sippa\Desktop\photo_test - test run\XPLB0292.JPG  =>  C:\Users\sippa\Desktop\destination_folder_test\Photos\Apple iPad mini 1G\2015\11_November\XPLB0292.JPG
2026-04-24 10:36:17  INFO      core.mover  DRY   C:\Users\sippa\Desktop\photo_test - test run\ziggaza_cover4-stamp.jpg  =>  C:\Users\sippa\Desktop\destination_folder_test\Photos\Unknown_Device\2014\02_February\ziggaza_cover4-stamp.jpg
2026-04-24 10:36:17  INFO      core.mover  DRY   C:\Users\sippa\Desktop\photo_test - test run\20221018 fence post\11218294-8ef0-481a-ae00-3fcc7e44b8c9.mp4  =>  C:\Users\sippa\Desktop\destination_folder_test\Videos\Unknown_Device\2022\10_October\11218294-8ef0-481a-ae00-3fcc7e44b8c9.mp4
2026-04-24 10:36:17  INFO      core.mover  DRY   C:\Users\sippa\Desktop\photo_test - test run\20221018 fence post\1220777.jpg  =>  C:\Users\sippa\Desktop\destination_folder_test\Photos\Unknown_Device\2022\10_October\1220777.jpg
2026-04-24 10:36:17  INFO      core.mover  DRY   C:\Users\sippa\Desktop\photo_test - test run\20221018 fence post\1222446.jpg  =>  C:\Users\sippa\Desktop\destination_folder_test\Photos\Unknown_Device\2022\10_October\1222446.jpg
2026-04-24 10:36:17  INFO      core.mover  DRY   C:\Users\sippa\Desktop\photo_test - test run\20221018 fence post\1_10.30.53.avi  =>  C:\Users\sippa\Desktop\destination_folder_test\Videos\Unknown_Device\2022\10_October\1_10.30.53.avi
2026-04-24 10:36:17  INFO      core.mover  DRY   C:\Users\sippa\Desktop\photo_test - test run\20221018 fence post\P2850539.JPG  =>  C:\Users\sippa\Desktop\destination_folder_test\Photos\Panasonic GX85\2022\09_September\P2850539.JPG
2026-04-24 10:36:17  INFO      core.mover  DRY   C:\Users\sippa\Desktop\photo_test - test run\20221018 fence post\P2910198.JPG  =>  C:\Users\sippa\Desktop\destination_folder_test\Photos\Panasonic GX85\2022\10_October\P2910198.JPG
2026-04-24 10:36:17  INFO      core.mover  DRY   C:\Users\sippa\Desktop\photo_test - test run\20221018 fence post\P2910199.JPG  =>  C:\Users\sippa\Desktop\destination_folder_test\Photos\Panasonic GX85\2022\10_October\P2910199.JPG
2026-04-24 10:36:17  INFO      core.mover  DRY   C:\Users\sippa\Desktop\photo_test - test run\20221018 fence post\P2940040.JPG  =>  C:\Users\sippa\Desktop\destination_folder_test\Photos\Panasonic GX85\2022\10_October\P2940040.JPG
2026-04-24 10:36:17  INFO      core.mover  DRY   C:\Users\sippa\Desktop\photo_test - test run\20221018 fence post\P2940069.JPG  =>  C:\Users\sippa\Desktop\destination_folder_test\Photos\Panasonic GX85\2022\10_October\P2940069.JPG
2026-04-24 10:36:17  INFO      core.mover  DRY   C:\Users\sippa\Desktop\photo_test - test run\20221018 fence post\P2940074.JPG  =>  C:\Users\sippa\Desktop\destination_folder_test\Photos\Panasonic GX85\2022\10_October\P2940074.JPG
2026-04-24 10:36:17  INFO      core.mover  DRY   C:\Users\sippa\Desktop\photo_test - test run\20221018 fence post\P2940113.JPG  =>  C:\Users\sippa\Desktop\destination_folder_test\Photos\Panasonic GX85\2022\10_October\P2940113.JPG
2026-04-24 10:36:17  INFO      core.mover  DRY   C:\Users\sippa\Desktop\photo_test - test run\20221018 fence post\P2940130.JPG  =>  C:\Users\sippa\Desktop\destination_folder_test\Photos\Panasonic GX85\2022\10_October\P2940130.JPG
2026-04-24 10:36:17  INFO      core.mover  DRY   C:\Users\sippa\Desktop\photo_test - test run\20221018 fence post\P2940404.JPG  =>  C:\Users\sippa\Desktop\destination_folder_test\Photos\Panasonic GX85\2022\10_October\P2940404.JPG
2026-04-24 10:36:17  INFO      core.mover  DRY   C:\Users\sippa\Desktop\photo_test - test run\20221018 fence post\P2940409.JPG  =>  C:\Users\sippa\Desktop\destination_folder_test\Photos\Panasonic GX85\2022\10_October\P2940409.JPG
2026-04-24 10:36:17  INFO      core.mover  DRY   C:\Users\sippa\Desktop\photo_test - test run\20221018 fence post\Untitled.mp4  =>  C:\Users\sippa\Desktop\destination_folder_test\Videos\Unknown_Device\2022\10_October\Untitled.mp4
2026-04-24 10:36:17  INFO      core.mover  DRY   C:\Users\sippa\Desktop\photo_test - test run\261_PANA\P2610449.MP4  =>  C:\Users\sippa\Desktop\destination_folder_test\Videos\Panasonic Lumix\2022\05_May\P2610449.MP4
2026-04-24 10:36:17  INFO      core.mover  DRY   C:\Users\sippa\Desktop\photo_test - test run\261_PANA\P2610457.JPG  =>  C:\Users\sippa\Desktop\destination_folder_test\Photos\Panasonic GX85\2022\05_May\P2610457.JPG
2026-04-24 10:36:17  INFO      core.mover  DRY   C:\Users\sippa\Desktop\photo_test - test run\261_PANA\P2610467.JPG  =>  C:\Users\sippa\Desktop\destination_folder_test\Photos\Panasonic GX85\2022\05_May\P2610467.JPG
2026-04-24 10:36:17  INFO      core.mover  DRY   C:\Users\sippa\Desktop\photo_test - test run\261_PANA\P2610477.JPG  =>  C:\Users\sippa\Desktop\destination_folder_test\Photos\Panasonic GX85\2022\05_May\P2610477.JPG
2026-04-24 10:36:17  INFO      core.mover  DRY   C:\Users\sippa\Desktop\photo_test - test run\261_PANA\P2610757.JPG  =>  C:\Users\sippa\Desktop\destination_folder_test\Photos\Panasonic GX85\2022\05_May\P2610757.JPG
2026-04-24 10:36:17  INFO      core.mover  DRY   C:\Users\sippa\Desktop\photo_test - test run\261_PANA\P2610763.JPG  =>  C:\Users\sippa\Desktop\destination_folder_test\Photos\Panasonic GX85\2022\05_May\P2610763.JPG
2026-04-24 10:36:17  INFO      core.mover  DRY   C:\Users\sippa\Desktop\photo_test - test run\261_PANA\P2610764.JPG  =>  C:\Users\sippa\Desktop\destination_folder_test\Photos\Panasonic GX85\2022\05_May\P2610764.JPG
2026-04-24 10:36:17  INFO      core.mover  DRY   C:\Users\sippa\Desktop\photo_test - test run\261_PANA\P2610781.JPG  =>  C:\Users\sippa\Desktop\destination_folder_test\Photos\Panasonic GX85\2022\05_May\P2610781.JPG
2026-04-24 10:36:17  INFO      core.mover  DRY   C:\Users\sippa\Desktop\photo_test - test run\324_PANA\P3240001.MP4  =>  C:\Users\sippa\Desktop\destination_folder_test\Videos\Panasonic Lumix\2023\04_April\P3240001.MP4
2026-04-24 10:36:17  INFO      core.mover  DRY   C:\Users\sippa\Desktop\photo_test - test run\324_PANA\P3240015.JPG  =>  C:\Users\sippa\Desktop\destination_folder_test\Photos\Panasonic GX85\2023\04_April\P3240015.JPG
2026-04-24 10:36:17  INFO      core.mover  DRY   C:\Users\sippa\Desktop\photo_test - test run\324_PANA\P3240020.JPG  =>  C:\Users\sippa\Desktop\destination_folder_test\Photos\Panasonic GX85\2023\04_April\P3240020.JPG
2026-04-24 10:36:17  INFO      core.mover  DRY   C:\Users\sippa\Desktop\photo_test - test run\324_PANA\P3240025.JPG  =>  C:\Users\sippa\Desktop\destination_folder_test\Photos\Panasonic GX85\2023\04_April\P3240025.JPG
2026-04-24 10:36:17  INFO      core.mover  DRY   C:\Users\sippa\Desktop\photo_test - test run\324_PANA\P3240026.JPG  =>  C:\Users\sippa\Desktop\destination_folder_test\Photos\Panasonic GX85\2023\04_April\P3240026.JPG
2026-04-24 10:36:18  INFO      core.mover  DRY   C:\Users\sippa\Desktop\photo_test - test run\324_PANA\P3240357.JPG  =>  C:\Users\sippa\Desktop\destination_folder_test\Photos\Panasonic GX85\2023\04_April\P3240357.JPG
2026-04-24 10:36:18  INFO      core.mover  DRY   C:\Users\sippa\Desktop\photo_test - test run\324_PANA\P3240366.JPG  =>  C:\Users\sippa\Desktop\destination_folder_test\Photos\Panasonic GX85\2023\04_April\P3240366.JPG
2026-04-24 10:36:18  INFO      core.mover  DRY   C:\Users\sippa\Desktop\photo_test - test run\324_PANA\P3240715.JPG  =>  C:\Users\sippa\Desktop\destination_folder_test\Photos\Panasonic GX85\2023\04_April\P3240715.JPG
2026-04-24 10:36:18  INFO      core.mover  DRY   C:\Users\sippa\Desktop\photo_test - test run\324_PANA\P3240716.JPG  =>  C:\Users\sippa\Desktop\destination_folder_test\Photos\Panasonic GX85\2023\04_April\P3240716.JPG
2026-04-24 10:36:18  INFO      core.mover  DRY   C:\Users\sippa\Desktop\photo_test - test run\324_PANA\P3240854.JPG  =>  C:\Users\sippa\Desktop\destination_folder_test\Photos\Panasonic GX85\2023\04_April\P3240854.JPG
2026-04-24 10:36:18  INFO      core.mover  DRY   C:\Users\sippa\Desktop\photo_test - test run\324_PANA\P3240856.JPG  =>  C:\Users\sippa\Desktop\destination_folder_test\Photos\Panasonic GX85\2023\04_April\P3240856.JPG
2026-04-24 10:36:18  INFO      core.mover  DRY   C:\Users\sippa\Desktop\photo_test - test run\407_PANA\P4070462.MP4  =>  C:\Users\sippa\Desktop\destination_folder_test\Videos\Panasonic Lumix\2025\11_November\P4070462.MP4
2026-04-24 10:36:18  INFO      core.mover  DRY   C:\Users\sippa\Desktop\photo_test - test run\407_PANA\P4070475.JPG  =>  C:\Users\sippa\Desktop\destination_folder_test\Photos\Panasonic GX85\2025\11_November\P4070475.JPG
2026-04-24 10:36:18  INFO      core.mover  DRY   C:\Users\sippa\Desktop\photo_test - test run\407_PANA\P4070485.JPG  =>  C:\Users\sippa\Desktop\destination_folder_test\Photos\Panasonic GX85\2025\11_November\P4070485.JPG
2026-04-24 10:36:18  INFO      core.mover  DRY   C:\Users\sippa\Desktop\photo_test - test run\407_PANA\P4070494.JPG  =>  C:\Users\sippa\Desktop\destination_folder_test\Photos\Panasonic GX85\2025\11_November\P4070494.JPG
2026-04-24 10:36:18  INFO      core.mover  DRY   C:\Users\sippa\Desktop\photo_test - test run\407_PANA\P4070495.JPG  =>  C:\Users\sippa\Desktop\destination_folder_test\Photos\Panasonic GX85\2025\11_November\P4070495.JPG
2026-04-24 10:36:18  INFO      core.mover  DRY   C:\Users\sippa\Desktop\photo_test - test run\407_PANA\P4070505.JPG  =>  C:\Users\sippa\Desktop\destination_folder_test\Photos\Panasonic GX85\2025\11_November\P4070505.JPG
2026-04-24 10:36:18  INFO      core.mover  DRY   C:\Users\sippa\Desktop\photo_test - test run\407_PANA\P4070506.JPG  =>  C:\Users\sippa\Desktop\destination_folder_test\Photos\Panasonic GX85\2025\11_November\P4070506.JPG
2026-04-24 10:36:18  INFO      core.mover  DRY   C:\Users\sippa\Desktop\photo_test - test run\407_PANA\P4070625.JPG  =>  C:\Users\sippa\Desktop\destination_folder_test\Photos\Panasonic GX85\2025\11_November\P4070625.JPG
2026-04-24 10:36:18  INFO      core.mover  DRY   C:\Users\sippa\Desktop\photo_test - test run\407_PANA\P4070627.JPG  =>  C:\Users\sippa\Desktop\destination_folder_test\Photos\Panasonic GX85\2025\11_November\P4070627.JPG
2026-04-24 10:36:18  INFO      core.mover  DRY   C:\Users\sippa\Desktop\photo_test - test run\407_PANA\P4070766.JPG  =>  C:\Users\sippa\Desktop\destination_folder_test\Photos\Panasonic GX85\2025\11_November\P4070766.JPG
2026-04-24 10:36:18  INFO      core.mover  DRY   C:\Users\sippa\Desktop\photo_test - test run\407_PANA\P4070768.JPG  =>  C:\Users\sippa\Desktop\destination_folder_test\Photos\Panasonic GX85\2025\11_November\P4070768.JPG
2026-04-24 10:36:18  INFO      core.mover  DRY   C:\Users\sippa\Desktop\photo_test - test run\Pyjamas\P2560373.JPG  =>  C:\Users\sippa\Desktop\destination_folder_test\Photos\Panasonic GX85\2022\02_February\P2560373.JPG
2026-04-24 10:36:18  INFO      core.mover  DRY   C:\Users\sippa\Desktop\photo_test - test run\Pyjamas\P2560374.JPG  =>  C:\Users\sippa\Desktop\destination_folder_test\Photos\Panasonic GX85\2022\02_February\P2560374.JPG
2026-04-24 10:36:18  INFO      core.mover  DRY   C:\Users\sippa\Desktop\photo_test - test run\Pyjamas\P2560375.JPG  =>  C:\Users\sippa\Desktop\destination_folder_test\Photos\Panasonic GX85\2022\02_February\P2560375.JPG
2026-04-24 10:36:18  INFO      core.mover  DRY   C:\Users\sippa\Desktop\photo_test - test run\Pyjamas\P2560380.JPG  =>  C:\Users\sippa\Desktop\destination_folder_test\Photos\Panasonic GX85\2022\02_February\P2560380.JPG
2026-04-24 10:36:18  INFO      core.mover  DRY   C:\Users\sippa\Desktop\photo_test - test run\Pyjamas\P2560382.JPG  =>  C:\Users\sippa\Desktop\destination_folder_test\Photos\Panasonic GX85\2022\02_February\P2560382.JPG
2026-04-24 10:36:18  INFO      core.mover  DRY   C:\Users\sippa\Desktop\photo_test - test run\Pyjamas\P2560383.JPG  =>  C:\Users\sippa\Desktop\destination_folder_test\Photos\Panasonic GX85\2022\02_February\P2560383.JPG
2026-04-24 10:36:18  INFO      core.mover  DRY   C:\Users\sippa\Desktop\photo_test - test run\Pyjamas\P2560393.JPG  =>  C:\Users\sippa\Desktop\destination_folder_test\Photos\Panasonic GX85\2022\02_February\P2560393.JPG
2026-04-24 10:36:18  INFO      core.mover  Done. moved=370 dupes=0 resumed=0 errors=0 elapsed=5.4s @ 68.8 files/s
2026-04-24 10:45:03  WARNING   exifread  PNG file does not have exif data.
2026-04-24 10:45:03  WARNING   exifread  PNG file does not have exif data.
2026-04-24 10:45:03  WARNING   exifread  PNG file does not have exif data.
2026-04-24 10:45:03  INFO      core.mover  DRY   C:\Users\sippa\Desktop\photo_test - test run\00003.MTS  =>  C:\Users\sippa\Desktop\destination_folder_test\Videos\Sony AVCHD\2019\08_August\00003.MTS
2026-04-24 10:45:03  INFO      core.mover  DRY   C:\Users\sippa\Desktop\photo_test - test run\00013.MTS  =>  C:\Users\sippa\Desktop\destination_folder_test\Videos\Sony AVCHD\2014\06_June\00013.MTS
2026-04-24 10:45:03  INFO      core.mover  DRY   C:\Users\sippa\Desktop\photo_test - test run\00073.MTS  =>  C:\Users\sippa\Desktop\destination_folder_test\Videos\Sony AVCHD\2018\09_September\00073.MTS
2026-04-24 10:45:03  INFO      core.mover  DRY   C:\Users\sippa\Desktop\photo_test - test run\00074.MTS  =>  C:\Users\sippa\Desktop\destination_folder_test\Videos\Sony AVCHD\2018\09_September\00074.MTS
2026-04-24 10:45:03  INFO      core.mover  DRY   C:\Users\sippa\Desktop\photo_test - test run\00081.MTS  =>  C:\Users\sippa\Desktop\destination_folder_test\Videos\Sony AVCHD\2018\09_September\00081.MTS
2026-04-24 10:45:03  INFO      core.mover  DRY   C:\Users\sippa\Desktop\photo_test - test run\1505891619099.jpg  =>  C:\Users\sippa\Desktop\destination_folder_test\Photos\Unknown_Device\2017\12_December\1505891619099.jpg
2026-04-24 10:45:03  INFO      core.mover  DRY   C:\Users\sippa\Desktop\photo_test - test run\1507032871478.jpg  =>  C:\Users\sippa\Desktop\destination_folder_test\Photos\Unknown_Device\2017\12_December\1507032871478.jpg
2026-04-24 10:45:03  INFO      core.mover  DRY   C:\Users\sippa\Desktop\photo_test - test run\1509169149018_fact_1.jpg  =>  C:\Users\sippa\Desktop\destination_folder_test\Photos\Unknown_Device\2017\10_October\1509169149018_fact_1.jpg
2026-04-24 10:45:03  INFO      core.mover  DRY   C:\Users\sippa\Desktop\photo_test - test run\1548945374710_fact_1.jpg  =>  C:\Users\sippa\Desktop\destination_folder_test\Photos\Unknown_Device\2019\01_January\1548945374710_fact_1.jpg
2026-04-24 10:45:03  INFO      core.mover  DRY   C:\Users\sippa\Desktop\photo_test - test run\20151219_155545.jpg  =>  C:\Users\sippa\Desktop\destination_folder_test\Photos\Samsung Galaxy Note 4\2015\12_December\20151219_155545.jpg
2026-04-24 10:45:03  INFO      core.mover  DRY   C:\Users\sippa\Desktop\photo_test - test run\20160530_195932.jpg  =>  C:\Users\sippa\Desktop\destination_folder_test\Photos\Samsung Galaxy Note 4\2016\05_May\20160530_195932.jpg
2026-04-24 10:45:03  INFO      core.mover  DRY   C:\Users\sippa\Desktop\photo_test - test run\20170828_192518.jpg  =>  C:\Users\sippa\Desktop\destination_folder_test\Photos\Samsung Galaxy Note 4\2017\08_August\20170828_192518.jpg
2026-04-24 10:45:03  INFO      core.mover  DRY   C:\Users\sippa\Desktop\photo_test - test run\20170828_222242.jpg  =>  C:\Users\sippa\Desktop\destination_folder_test\Photos\Samsung Galaxy Note 4\2017\08_August\20170828_222242.jpg
2026-04-24 10:45:03  INFO      core.mover  DRY   C:\Users\sippa\Desktop\photo_test - test run\20170903_163928.jpg  =>  C:\Users\sippa\Desktop\destination_folder_test\Photos\Samsung Galaxy Note 4\2017\09_September\20170903_163928.jpg
2026-04-24 10:45:03  INFO      core.mover  DRY   C:\Users\sippa\Desktop\photo_test - test run\20170903_194250.jpg  =>  C:\Users\sippa\Desktop\destination_folder_test\Photos\Samsung Galaxy Note 4\2017\09_September\20170903_194250.jpg
2026-04-24 10:45:03  INFO      core.mover  DRY   C:\Users\sippa\Desktop\photo_test - test run\20170903_194254.jpg  =>  C:\Users\sippa\Desktop\destination_folder_test\Photos\Samsung Galaxy Note 4\2017\09_September\20170903_194254.jpg
2026-04-24 10:45:03  INFO      core.mover  DRY   C:\Users\sippa\Desktop\photo_test - test run\20170909_182011.jpg  =>  C:\Users\sippa\Desktop\destination_folder_test\Photos\Samsung Galaxy Note 4\2017\09_September\20170909_182011.jpg
2026-04-24 10:45:03  INFO      core.mover  DRY   C:\Users\sippa\Desktop\photo_test - test run\20170909_182016.jpg  =>  C:\Users\sippa\Desktop\destination_folder_test\Photos\Samsung Galaxy Note 4\2017\09_September\20170909_182016.jpg
2026-04-24 10:45:03  INFO      core.mover  DRY   C:\Users\sippa\Desktop\photo_test - test run\20170910_134231.jpg  =>  C:\Users\sippa\Desktop\destination_folder_test\Photos\Samsung Galaxy Note 4\2017\09_September\20170910_134231.jpg
2026-04-24 10:45:03  INFO      core.mover  DRY   C:\Users\sippa\Desktop\photo_test - test run\20170913_193231.jpg  =>  C:\Users\sippa\Desktop\destination_folder_test\Photos\Samsung Galaxy Note 4\2017\09_September\20170913_193231.jpg
2026-04-24 10:45:03  INFO      core.mover  DRY   C:\Users\sippa\Desktop\photo_test - test run\20170913_193722.jpg  =>  C:\Users\sippa\Desktop\destination_folder_test\Photos\Samsung Galaxy Note 4\2017\09_September\20170913_193722.jpg
2026-04-24 10:45:03  INFO      core.mover  DRY   C:\Users\sippa\Desktop\photo_test - test run\20170914_082221.jpg  =>  C:\Users\sippa\Desktop\destination_folder_test\Photos\Samsung Galaxy Note 4\2017\09_September\20170914_082221.jpg
2026-04-24 10:45:03  INFO      core.mover  DRY   C:\Users\sippa\Desktop\photo_test - test run\20170918_210731.jpg  =>  C:\Users\sippa\Desktop\destination_folder_test\Photos\Samsung Galaxy Note 4\2017\09_September\20170918_210731.jpg
2026-04-24 10:45:03  INFO      core.mover  DRY   C:\Users\sippa\Desktop\photo_test - test run\20170920_091921.jpg  =>  C:\Users\sippa\Desktop\destination_folder_test\Photos\Samsung Galaxy Note 4\2017\09_September\20170920_091921.jpg
2026-04-24 10:45:03  INFO      core.mover  DRY   C:\Users\sippa\Desktop\photo_test - test run\20170920_183506.jpg  =>  C:\Users\sippa\Desktop\destination_folder_test\Photos\Samsung Galaxy Note 4\2017\09_September\20170920_183506.jpg
2026-04-24 10:45:03  INFO      core.mover  DRY   C:\Users\sippa\Desktop\photo_test - test run\20170922_070834.jpg  =>  C:\Users\sippa\Desktop\destination_folder_test\Photos\Samsung Galaxy Note 4\2017\09_September\20170922_070834.jpg
2026-04-24 10:45:03  INFO      core.mover  DRY   C:\Users\sippa\Desktop\photo_test - test run\20171214_232725.jpg  =>  C:\Users\sippa\Desktop\destination_folder_test\Photos\Samsung Galaxy Note 8\2017\12_December\20171214_232725.jpg
2026-04-24 10:45:03  INFO      core.mover  DRY   C:\Users\sippa\Desktop\photo_test - test run\20171215_084609.jpg  =>  C:\Users\sippa\Desktop\destination_folder_test\Photos\Samsung Galaxy Note 8\2017\12_December\20171215_084609.jpg
2026-04-24 10:45:03  INFO      core.mover  DRY   C:\Users\sippa\Desktop\photo_test - test run\20171215_131459.jpg  =>  C:\Users\sippa\Desktop\destination_folder_test\Photos\Samsung Galaxy Note 8\2017\12_December\20171215_131459.jpg
2026-04-24 10:45:03  INFO      core.mover  DRY   C:\Users\sippa\Desktop\photo_test - test run\20171216_075334.jpg  =>  C:\Users\sippa\Desktop\destination_folder_test\Photos\Samsung Galaxy Note 8\2017\12_December\20171216_075334.jpg
2026-04-24 10:45:03  INFO      core.mover  DRY   C:\Users\sippa\Desktop\photo_test - test run\20180106_131509.jpg  =>  C:\Users\sippa\Desktop\destination_folder_test\Photos\Samsung Galaxy Note 8\2018\01_January\20180106_131509.jpg
2026-04-24 10:45:03  INFO      core.mover  DRY   C:\Users\sippa\Desktop\photo_test - test run\20180107_163817.jpg  =>  C:\Users\sippa\Desktop\destination_folder_test\Photos\Samsung Galaxy Note 8\2018\01_January\20180107_163817.jpg
2026-04-24 10:45:03  INFO      core.mover  DRY   C:\Users\sippa\Desktop\photo_test - test run\20180108_094914.jpg  =>  C:\Users\sippa\Desktop\destination_folder_test\Photos\Samsung Galaxy Note 8\2018\01_January\20180108_094914.jpg
2026-04-24 10:45:03  INFO      core.mover  DRY   C:\Users\sippa\Desktop\photo_test - test run\20180108_094916.jpg  =>  C:\Users\sippa\Desktop\destination_folder_test\Photos\Samsung Galaxy Note 8\2018\01_January\20180108_094916.jpg
2026-04-24 10:45:03  INFO      core.mover  DRY   C:\Users\sippa\Desktop\photo_test - test run\20180112_185251.jpg  =>  C:\Users\sippa\Desktop\destination_folder_test\Photos\Samsung Galaxy Note 8\2018\01_January\20180112_185251.jpg
2026-04-24 10:45:03  INFO      core.mover  DRY   C:\Users\sippa\Desktop\photo_test - test run\20180120_125333.jpg  =>  C:\Users\sippa\Desktop\destination_folder_test\Photos\Samsung Galaxy Note 8\2018\01_January\20180120_125333.jpg
2026-04-24 10:45:03  INFO      core.mover  DRY   C:\Users\sippa\Desktop\photo_test - test run\20180120_125336.jpg  =>  C:\Users\sippa\Desktop\destination_folder_test\Photos\Samsung Galaxy Note 8\2018\01_January\20180120_125336.jpg
2026-04-24 10:45:03  INFO      core.mover  DRY   C:\Users\sippa\Desktop\photo_test - test run\20180304_182410.mp4  =>  C:\Users\sippa\Desktop\destination_folder_test\Videos\Android Camera\2018\03_March\20180304_182410.mp4
2026-04-24 10:45:03  INFO      core.mover  DRY   C:\Users\sippa\Desktop\photo_test - test run\20180310_175705.mp4  =>  C:\Users\sippa\Desktop\destination_folder_test\Videos\Android Camera\2018\03_March\20180310_175705.mp4
2026-04-24 10:45:03  INFO      core.mover  DRY   C:\Users\sippa\Desktop\photo_test - test run\20190131_075907.jpg  =>  C:\Users\sippa\Desktop\destination_folder_test\Photos\samsung SM-G950F\2019\01_January\20190131_075907.jpg
2026-04-24 10:45:03  INFO      core.mover  DRY   C:\Users\sippa\Desktop\photo_test - test run\20190201_135857.jpg  =>  C:\Users\sippa\Desktop\destination_folder_test\Photos\samsung SM-G950F\2019\02_February\20190201_135857.jpg
2026-04-24 10:45:03  INFO      core.mover  DRY   C:\Users\sippa\Desktop\photo_test - test run\20190206_172621.jpg  =>  C:\Users\sippa\Desktop\destination_folder_test\Photos\samsung SM-G950F\2019\02_February\20190206_172621.jpg
2026-04-24 10:45:03  INFO      core.mover  DRY   C:\Users\sippa\Desktop\photo_test - test run\20190208_172441.jpg  =>  C:\Users\sippa\Desktop\destination_folder_test\Photos\samsung SM-G950F\2019\02_February\20190208_172441.jpg
2026-04-24 10:45:03  INFO      core.mover  DRY   C:\Users\sippa\Desktop\photo_test - test run\20190214_161930.jpg  =>  C:\Users\sippa\Desktop\destination_folder_test\Photos\samsung SM-G950F\2019\02_February\20190214_161930.jpg
2026-04-24 10:45:03  INFO      core.mover  DRY   C:\Users\sippa\Desktop\photo_test - test run\20190228_131541.mp4  =>  C:\Users\sippa\Desktop\destination_folder_test\Videos\Android Camera\2019\02_February\20190228_131541.mp4
2026-04-24 10:45:03  INFO      core.mover  DRY   C:\Users\sippa\Desktop\photo_test - test run\20190420_153005.jpg  =>  C:\Users\sippa\Desktop\destination_folder_test\Photos\samsung SM-G950F\2019\04_April\20190420_153005.jpg
2026-04-24 10:45:03  INFO      core.mover  DRY   C:\Users\sippa\Desktop\photo_test - test run\20190420_153007.jpg  =>  C:\Users\sippa\Desktop\destination_folder_test\Photos\samsung SM-G950F\2019\04_April\20190420_153007.jpg
2026-04-24 10:45:03  INFO      core.mover  DRY   C:\Users\sippa\Desktop\photo_test - test run\20190420_181427.mp4  =>  C:\Users\sippa\Desktop\destination_folder_test\Videos\Android Camera\2019\04_April\20190420_181427.mp4
2026-04-24 10:45:03  INFO      core.mover  DRY   C:\Users\sippa\Desktop\photo_test - test run\20190422_105910.jpg  =>  C:\Users\sippa\Desktop\destination_folder_test\Photos\samsung SM-G950F\2019\04_April\20190422_105910.jpg
2026-04-24 10:45:03  INFO      core.mover  DRY   C:\Users\sippa\Desktop\photo_test - test run\20190422_105913.jpg  =>  C:\Users\sippa\Desktop\destination_folder_test\Photos\samsung SM-G950F\2019\04_April\20190422_105913.jpg
2026-04-24 10:45:03  INFO      core.mover  DRY   C:\Users\sippa\Desktop\photo_test - test run\20190424_134215.jpg  =>  C:\Users\sippa\Desktop\destination_folder_test\Photos\samsung SM-G950F\2019\04_April\20190424_134215.jpg
2026-04-24 10:45:03  INFO      core.mover  DRY   C:\Users\sippa\Desktop\photo_test - test run\20190425_154405.jpg  =>  C:\Users\sippa\Desktop\destination_folder_test\Photos\samsung SM-G950F\2019\04_April\20190425_154405.jpg
2026-04-24 10:45:03  INFO      core.mover  DRY   C:\Users\sippa\Desktop\photo_test - test run\20190625_170010.jpg  =>  C:\Users\sippa\Desktop\destination_folder_test\Photos\samsung SM-G950F\2019\06_June\20190625_170010.jpg
2026-04-24 10:45:03  INFO      core.mover  DRY   C:\Users\sippa\Desktop\photo_test - test run\20190708_080120.jpg  =>  C:\Users\sippa\Desktop\destination_folder_test\Photos\samsung SM-G950F\2019\07_July\20190708_080120.jpg
2026-04-24 10:45:03  INFO      core.mover  DRY   C:\Users\sippa\Desktop\photo_test - test run\20190712_071652.jpg  =>  C:\Users\sippa\Desktop\destination_folder_test\Photos\samsung SM-G950F\2019\07_July\20190712_071652.jpg
2026-04-24 10:45:03  INFO      core.mover  DRY   C:\Users\sippa\Desktop\photo_test - test run\20190718_081459.mp4  =>  C:\Users\sippa\Desktop\destination_folder_test\Videos\Android Camera\2019\07_July\20190718_081459.mp4
2026-04-24 10:45:03  INFO      core.mover  DRY   C:\Users\sippa\Desktop\photo_test - test run\20190722_122434.jpg  =>  C:\Users\sippa\Desktop\destination_folder_test\Photos\samsung SM-G950F\2019\07_July\20190722_122434.jpg
2026-04-24 10:45:03  INFO      core.mover  DRY   C:\Users\sippa\Desktop\photo_test - test run\20190723_075510.jpg  =>  C:\Users\sippa\Desktop\destination_folder_test\Photos\samsung SM-G950F\2019\07_July\20190723_075510.jpg
2026-04-24 10:45:03  INFO      core.mover  DRY   C:\Users\sippa\Desktop\photo_test - test run\20190723_221645.mp4  =>  C:\Users\sippa\Desktop\destination_folder_test\Videos\Android Camera\2019\07_July\20190723_221645.mp4
2026-04-24 10:45:03  INFO      core.mover  DRY   C:\Users\sippa\Desktop\photo_test - test run\20190728_075803.mp4  =>  C:\Users\sippa\Desktop\destination_folder_test\Videos\Android Camera\2019\07_July\20190728_075803.mp4
2026-04-24 10:45:04  INFO      core.mover  DRY   C:\Users\sippa\Desktop\photo_test - test run\20200213_094515.mp4  =>  C:\Users\sippa\Desktop\destination_folder_test\Videos\Android Camera\2020\02_February\20200213_094515.mp4
2026-04-24 10:45:04  INFO      core.mover  DRY   C:\Users\sippa\Desktop\photo_test - test run\20200227_081540.mp4  =>  C:\Users\sippa\Desktop\destination_folder_test\Videos\Android Camera\2020\02_February\20200227_081540.mp4
2026-04-24 10:45:04  INFO      core.mover  DRY   C:\Users\sippa\Desktop\photo_test - test run\20200624_193426.mp4  =>  C:\Users\sippa\Desktop\destination_folder_test\Videos\Android Camera\2020\06_June\20200624_193426.mp4
2026-04-24 10:45:04  INFO      core.mover  DRY   C:\Users\sippa\Desktop\photo_test - test run\20230730_170149.jpg  =>  C:\Users\sippa\Desktop\destination_folder_test\Photos\Samsung Galaxy Note 8\2023\07_July\20230730_170149.jpg
2026-04-24 10:45:04  INFO      core.mover  DRY   C:\Users\sippa\Desktop\photo_test - test run\20230730_174024.jpg  =>  C:\Users\sippa\Desktop\destination_folder_test\Photos\Samsung Galaxy Note 8\2023\07_July\20230730_174024.jpg
2026-04-24 10:45:04  INFO      core.mover  DRY   C:\Users\sippa\Desktop\photo_test - test run\20230730_174030.jpg  =>  C:\Users\sippa\Desktop\destination_folder_test\Photos\Samsung Galaxy Note 8\2023\07_July\20230730_174030.jpg
2026-04-24 10:45:04  INFO      core.mover  DRY   C:\Users\sippa\Desktop\photo_test - test run\20230731_172322.mp4  =>  C:\Users\sippa\Desktop\destination_folder_test\Videos\Android Camera\2023\07_July\20230731_172322.mp4
2026-04-24 10:45:04  INFO      core.mover  DRY   C:\Users\sippa\Desktop\photo_test - test run\20260306_070840.jpg  =>  C:\Users\sippa\Desktop\destination_folder_test\Photos\Samsung Galaxy S25 Ultra\2026\03_March\20260306_070840.jpg
2026-04-24 10:45:04  INFO      core.mover  DRY   C:\Users\sippa\Desktop\photo_test - test run\20260306_070844.jpg  =>  C:\Users\sippa\Desktop\destination_folder_test\Photos\Samsung Galaxy S25 Ultra\2026\03_March\20260306_070844.jpg
2026-04-24 10:45:04  INFO      core.mover  DRY   C:\Users\sippa\Desktop\photo_test - test run\20260306_082037.jpg  =>  C:\Users\sippa\Desktop\destination_folder_test\Photos\Samsung Galaxy S25 Ultra\2026\03_March\20260306_082037.jpg
2026-04-24 10:45:04  INFO      core.mover  DRY   C:\Users\sippa\Desktop\photo_test - test run\20260306_082039.jpg  =>  C:\Users\sippa\Desktop\destination_folder_test\Photos\Samsung Galaxy S25 Ultra\2026\03_March\20260306_082039.jpg
2026-04-24 10:45:04  INFO      core.mover  DRY   C:\Users\sippa\Desktop\photo_test - test run\20260306_132126.jpg  =>  C:\Users\sippa\Desktop\destination_folder_test\Photos\Samsung Galaxy S25 Ultra\2026\03_March\20260306_132126.jpg
2026-04-24 10:45:04  INFO      core.mover  DRY   C:\Users\sippa\Desktop\photo_test - test run\20260306_132128.jpg  =>  C:\Users\sippa\Desktop\destination_folder_test\Photos\Samsung Galaxy S25 Ultra\2026\03_March\20260306_132128.jpg
2026-04-24 10:45:04  INFO      core.mover  DRY   C:\Users\sippa\Desktop\photo_test - test run\A7I07804.JPG  =>  C:\Users\sippa\Desktop\destination_folder_test\Photos\Sony A7 II\2022\12_December\A7I07804.JPG
2026-04-24 10:45:04  INFO      core.mover  DRY   C:\Users\sippa\Desktop\photo_test - test run\A7I07823.JPG  =>  C:\Users\sippa\Desktop\destination_folder_test\Photos\Sony A7 II\2022\12_December\A7I07823.JPG
2026-04-24 10:45:04  INFO      core.mover  DRY   C:\Users\sippa\Desktop\photo_test - test run\A7I07826.JPG  =>  C:\Users\sippa\Desktop\destination_folder_test\Photos\Sony A7 II\2022\12_December\A7I07826.JPG
2026-04-24 10:45:04  INFO      core.mover  DRY   C:\Users\sippa\Desktop\photo_test - test run\A7I07833.JPG  =>  C:\Users\sippa\Desktop\destination_folder_test\Photos\Sony A7 II\2022\12_December\A7I07833.JPG
2026-04-24 10:45:04  INFO      core.mover  DRY   C:\Users\sippa\Desktop\photo_test - test run\A7I07835.JPG  =>  C:\Users\sippa\Desktop\destination_folder_test\Photos\Sony A7 II\2022\12_December\A7I07835.JPG
2026-04-24 10:45:04  INFO      core.mover  DRY   C:\Users\sippa\Desktop\photo_test - test run\A7I07989.JPG  =>  C:\Users\sippa\Desktop\destination_folder_test\Photos\Sony A7 II\2022\12_December\A7I07989.JPG
2026-04-24 10:45:04  INFO      core.mover  DRY   C:\Users\sippa\Desktop\photo_test - test run\C0322.MP4  =>  C:\Users\sippa\Desktop\destination_folder_test\Videos\Panasonic Lumix\2020\09_September\C0322.MP4
2026-04-24 10:45:04  INFO      core.mover  DRY   C:\Users\sippa\Desktop\photo_test - test run\C0526.MP4  =>  C:\Users\sippa\Desktop\destination_folder_test\Videos\Panasonic Lumix\2020\12_December\C0526.MP4
2026-04-24 10:45:04  INFO      core.mover  DRY   C:\Users\sippa\Desktop\photo_test - test run\C1640.MP4  =>  C:\Users\sippa\Desktop\destination_folder_test\Videos\Panasonic Lumix\2022\10_October\C1640.MP4
2026-04-24 10:45:04  INFO      core.mover  DRY   C:\Users\sippa\Desktop\photo_test - test run\capture_29.png  =>  C:\Users\sippa\Desktop\destination_folder_test\Photos\Unknown_Device\2012\03_March\capture_29.png
2026-04-24 10:45:04  INFO      core.mover  DRY   C:\Users\sippa\Desktop\photo_test - test run\complete_ver2_youtube.avi  =>  C:\Users\sippa\Desktop\destination_folder_test\Videos\Unknown_Device\2016\03_March\complete_ver2_youtube.avi
2026-04-24 10:45:04  INFO      core.mover  DRY   C:\Users\sippa\Desktop\photo_test - test run\DJI_0890.JPG  =>  C:\Users\sippa\Desktop\destination_folder_test\Photos\DJI Spark\2020\12_December\DJI_0890.JPG
2026-04-24 10:45:04  INFO      core.mover  DRY   C:\Users\sippa\Desktop\photo_test - test run\DJI_0891.JPG  =>  C:\Users\sippa\Desktop\destination_folder_test\Photos\DJI Spark\2020\12_December\DJI_0891.JPG
2026-04-24 10:45:04  INFO      core.mover  DRY   C:\Users\sippa\Desktop\photo_test - test run\DJI_0892.JPG  =>  C:\Users\sippa\Desktop\destination_folder_test\Photos\DJI Spark\2020\12_December\DJI_0892.JPG
2026-04-24 10:45:04  INFO      core.mover  DRY   C:\Users\sippa\Desktop\photo_test - test run\DJI_0914.MP4  =>  C:\Users\sippa\Desktop\destination_folder_test\Videos\DJI Drone\2021\01_January\DJI_0914.MP4
2026-04-24 10:45:04  INFO      core.mover  DRY   C:\Users\sippa\Desktop\photo_test - test run\DJI_0959.JPG  =>  C:\Users\sippa\Desktop\destination_folder_test\Photos\DJI Spark\2023\01_January\DJI_0959.JPG
2026-04-24 10:45:04  INFO      core.mover  DRY   C:\Users\sippa\Desktop\photo_test - test run\DJI_1292.MP4  =>  C:\Users\sippa\Desktop\destination_folder_test\Videos\DJI Drone\2026\04_April\DJI_1292.MP4
2026-04-24 10:45:04  INFO      core.mover  DRY   C:\Users\sippa\Desktop\photo_test - test run\DJI_1295.JPG  =>  C:\Users\sippa\Desktop\destination_folder_test\Photos\DJI Spark\2026\04_April\DJI_1295.JPG
2026-04-24 10:45:04  INFO      core.mover  DRY   C:\Users\sippa\Desktop\photo_test - test run\DJI_1296.JPG  =>  C:\Users\sippa\Desktop\destination_folder_test\Photos\DJI Spark\2026\04_April\DJI_1296.JPG
2026-04-24 10:45:04  INFO      core.mover  DRY   C:\Users\sippa\Desktop\photo_test - test run\DSC00526.JPG  =>  C:\Users\sippa\Desktop\destination_folder_test\Photos\SONY ILCE-5000\2015\01_January\DSC00526.JPG
2026-04-24 10:45:04  INFO      core.mover  DRY   C:\Users\sippa\Desktop\photo_test - test run\DSC00560.JPG  =>  C:\Users\sippa\Desktop\destination_folder_test\Photos\SONY ILCE-5000\2015\01_January\DSC00560.JPG
2026-04-24 10:45:04  INFO      core.mover  DRY   C:\Users\sippa\Desktop\photo_test - test run\DSC00570.JPG  =>  C:\Users\sippa\Desktop\destination_folder_test\Photos\SONY ILCE-5000\2015\01_January\DSC00570.JPG
2026-04-24 10:45:04  INFO      core.mover  DRY   C:\Users\sippa\Desktop\photo_test - test run\DSC00619.JPG  =>  C:\Users\sippa\Desktop\destination_folder_test\Photos\SONY ILCE-5000\2015\01_January\DSC00619.JPG
2026-04-24 10:45:04  INFO      core.mover  DRY   C:\Users\sippa\Desktop\photo_test - test run\DSC00670.JPG  =>  C:\Users\sippa\Desktop\destination_folder_test\Photos\SONY ILCE-5000\2015\01_January\DSC00670.JPG
2026-04-24 10:45:04  INFO      core.mover  DRY   C:\Users\sippa\Desktop\photo_test - test run\DSC02383.JPG  =>  C:\Users\sippa\Desktop\destination_folder_test\Photos\Sony FDR-AX33\2023\04_April\DSC02383.JPG
2026-04-24 10:45:04  INFO      core.mover  DRY   C:\Users\sippa\Desktop\photo_test - test run\DSC02403.JPG  =>  C:\Users\sippa\Desktop\destination_folder_test\Photos\Sony FDR-AX33\2023\04_April\DSC02403.JPG
2026-04-24 10:45:04  INFO      core.mover  DRY   C:\Users\sippa\Desktop\photo_test - test run\DSC02427.JPG  =>  C:\Users\sippa\Desktop\destination_folder_test\Photos\Sony FDR-AX33\2023\04_April\DSC02427.JPG
2026-04-24 10:45:04  INFO      core.mover  DRY   C:\Users\sippa\Desktop\photo_test - test run\DSC02447.JPG  =>  C:\Users\sippa\Desktop\destination_folder_test\Photos\Sony FDR-AX33\2023\04_April\DSC02447.JPG
2026-04-24 10:45:04  INFO      core.mover  DRY   C:\Users\sippa\Desktop\photo_test - test run\DSC02460.JPG  =>  C:\Users\sippa\Desktop\destination_folder_test\Photos\Sony FDR-AX33\2023\04_April\DSC02460.JPG
2026-04-24 10:45:04  INFO      core.mover  DRY   C:\Users\sippa\Desktop\photo_test - test run\DSC02462.JPG  =>  C:\Users\sippa\Desktop\destination_folder_test\Photos\Sony FDR-AX33\2023\04_April\DSC02462.JPG
2026-04-24 10:45:04  INFO      core.mover  DRY   C:\Users\sippa\Desktop\photo_test - test run\DSC07301.JPG  =>  C:\Users\sippa\Desktop\destination_folder_test\Photos\SONY ILCE-5000\2014\12_December\DSC07301.JPG
2026-04-24 10:45:04  INFO      core.mover  DRY   C:\Users\sippa\Desktop\photo_test - test run\DSC07435.JPG  =>  C:\Users\sippa\Desktop\destination_folder_test\Photos\SONY ILCE-5000\2014\12_December\DSC07435.JPG
2026-04-24 10:45:04  INFO      core.mover  DRY   C:\Users\sippa\Desktop\photo_test - test run\DSC07544.JPG  =>  C:\Users\sippa\Desktop\destination_folder_test\Photos\SONY ILCE-5000\2014\12_December\DSC07544.JPG
2026-04-24 10:45:04  INFO      core.mover  DRY   C:\Users\sippa\Desktop\photo_test - test run\DSC07571.JPG  =>  C:\Users\sippa\Desktop\destination_folder_test\Photos\SONY ILCE-5000\2014\12_December\DSC07571.JPG
2026-04-24 10:45:04  INFO      core.mover  DRY   C:\Users\sippa\Desktop\photo_test - test run\FB_IMG_1610886602794.jpg  =>  C:\Users\sippa\Desktop\destination_folder_test\Photos\Facebook\2021\01_January\FB_IMG_1610886602794.jpg
2026-04-24 10:45:04  INFO      core.mover  DRY   C:\Users\sippa\Desktop\photo_test - test run\FB_IMG_1610978846038.jpg  =>  C:\Users\sippa\Desktop\destination_folder_test\Photos\Facebook\2021\01_January\FB_IMG_1610978846038.jpg
2026-04-24 10:45:04  INFO      core.mover  DRY   C:\Users\sippa\Desktop\photo_test - test run\FB_IMG_1611486097513.jpg  =>  C:\Users\sippa\Desktop\destination_folder_test\Photos\Facebook\2021\01_January\FB_IMG_1611486097513.jpg
2026-04-24 10:45:04  INFO      core.mover  DRY   C:\Users\sippa\Desktop\photo_test - test run\FB_IMG_1611898136859.jpg  =>  C:\Users\sippa\Desktop\destination_folder_test\Photos\Facebook\2021\01_January\FB_IMG_1611898136859.jpg
2026-04-24 10:45:04  INFO      core.mover  DRY   C:\Users\sippa\Desktop\photo_test - test run\FB_IMG_1612071086257.jpg  =>  C:\Users\sippa\Desktop\destination_folder_test\Photos\Facebook\2021\01_January\FB_IMG_1612071086257.jpg
2026-04-24 10:45:04  INFO      core.mover  DRY   C:\Users\sippa\Desktop\photo_test - test run\FB_IMG_1613374817091.jpg  =>  C:\Users\sippa\Desktop\destination_folder_test\Photos\Facebook\2021\02_February\FB_IMG_1613374817091.jpg
2026-04-24 10:45:04  INFO      core.mover  DRY   C:\Users\sippa\Desktop\photo_test - test run\FB_IMG_1613999273542.jpg  =>  C:\Users\sippa\Desktop\destination_folder_test\Photos\Facebook\2021\02_February\FB_IMG_1613999273542.jpg
2026-04-24 10:45:04  INFO      core.mover  DRY   C:\Users\sippa\Desktop\photo_test - test run\FB_IMG_1614128489222.jpg  =>  C:\Users\sippa\Desktop\destination_folder_test\Photos\Facebook\2021\02_February\FB_IMG_1614128489222.jpg
2026-04-24 10:45:04  INFO      core.mover  DRY   C:\Users\sippa\Desktop\photo_test - test run\FB_IMG_1614495158485.jpg  =>  C:\Users\sippa\Desktop\destination_folder_test\Photos\Facebook\2021\02_February\FB_IMG_1614495158485.jpg
2026-04-24 10:45:04  INFO      core.mover  DRY   C:\Users\sippa\Desktop\photo_test - test run\FB_IMG_1614771485590.jpg  =>  C:\Users\sippa\Desktop\destination_folder_test\Photos\Facebook\2021\03_March\FB_IMG_1614771485590.jpg
2026-04-24 10:45:04  INFO      core.mover  DRY   C:\Users\sippa\Desktop\photo_test - test run\FB_IMG_1614776237701.jpg  =>  C:\Users\sippa\Desktop\destination_folder_test\Photos\Facebook\2021\03_March\FB_IMG_1614776237701.jpg
2026-04-24 10:45:04  INFO      core.mover  DRY   C:\Users\sippa\Desktop\photo_test - test run\FB_IMG_1614865539175.jpg  =>  C:\Users\sippa\Desktop\destination_folder_test\Photos\Facebook\2021\03_March\FB_IMG_1614865539175.jpg
2026-04-24 10:45:04  INFO      core.mover  DRY   C:\Users\sippa\Desktop\photo_test - test run\FB_IMG_1614915905520.jpg  =>  C:\Users\sippa\Desktop\destination_folder_test\Photos\Facebook\2021\03_March\FB_IMG_1614915905520.jpg
2026-04-24 10:45:04  INFO      core.mover  DRY   C:\Users\sippa\Desktop\photo_test - test run\FB_IMG_1615025595566.jpg  =>  C:\Users\sippa\Desktop\destination_folder_test\Photos\Facebook\2021\03_March\FB_IMG_1615025595566.jpg
2026-04-24 10:45:04  INFO      core.mover  DRY   C:\Users\sippa\Desktop\photo_test - test run\FB_IMG_1615514453996.jpg  =>  C:\Users\sippa\Desktop\destination_folder_test\Photos\Facebook\2021\03_March\FB_IMG_1615514453996.jpg
2026-04-24 10:45:04  INFO      core.mover  DRY   C:\Users\sippa\Desktop\photo_test - test run\FB_IMG_1615530520541.jpg  =>  C:\Users\sippa\Desktop\destination_folder_test\Photos\Facebook\2021\03_March\FB_IMG_1615530520541.jpg
2026-04-24 10:45:04  INFO      core.mover  DRY   C:\Users\sippa\Desktop\photo_test - test run\FB_IMG_1615530528077.jpg  =>  C:\Users\sippa\Desktop\destination_folder_test\Photos\Facebook\2021\03_March\FB_IMG_1615530528077.jpg
2026-04-24 10:45:04  INFO      core.mover  DRY   C:\Users\sippa\Desktop\photo_test - test run\FB_IMG_1615768292470.jpg  =>  C:\Users\sippa\Desktop\destination_folder_test\Photos\Facebook\2021\03_March\FB_IMG_1615768292470.jpg
2026-04-24 10:45:04  INFO      core.mover  DRY   C:\Users\sippa\Desktop\photo_test - test run\FB_IMG_1615768294845.jpg  =>  C:\Users\sippa\Desktop\destination_folder_test\Photos\Facebook\2021\03_March\FB_IMG_1615768294845.jpg
2026-04-24 10:45:04  INFO      core.mover  DRY   C:\Users\sippa\Desktop\photo_test - test run\FB_IMG_1615768296975.jpg  =>  C:\Users\sippa\Desktop\destination_folder_test\Photos\Facebook\2021\03_March\FB_IMG_1615768296975.jpg
2026-04-24 10:45:04  INFO      core.mover  DRY   C:\Users\sippa\Desktop\photo_test - test run\FB_IMG_1615768299212.jpg  =>  C:\Users\sippa\Desktop\destination_folder_test\Photos\Facebook\2021\03_March\FB_IMG_1615768299212.jpg
2026-04-24 10:45:04  INFO      core.mover  DRY   C:\Users\sippa\Desktop\photo_test - test run\FB_IMG_1615768301847.jpg  =>  C:\Users\sippa\Desktop\destination_folder_test\Photos\Facebook\2021\03_March\FB_IMG_1615768301847.jpg
2026-04-24 10:45:04  INFO      core.mover  DRY   C:\Users\sippa\Desktop\photo_test - test run\FB_IMG_1615768305498.jpg  =>  C:\Users\sippa\Desktop\destination_folder_test\Photos\Facebook\2021\03_March\FB_IMG_1615768305498.jpg
2026-04-24 10:45:04  INFO      core.mover  DRY   C:\Users\sippa\Desktop\photo_test - test run\FB_IMG_1616400261556.jpg  =>  C:\Users\sippa\Desktop\destination_folder_test\Photos\Facebook\2021\03_March\FB_IMG_1616400261556.jpg
2026-04-24 10:45:04  INFO      core.mover  DRY   C:\Users\sippa\Desktop\photo_test - test run\FB_IMG_1616588202981.jpg  =>  C:\Users\sippa\Desktop\destination_folder_test\Photos\Facebook\2021\03_March\FB_IMG_1616588202981.jpg
2026-04-24 10:45:04  INFO      core.mover  DRY   C:\Users\sippa\Desktop\photo_test - test run\FB_IMG_1616918172165.jpg  =>  C:\Users\sippa\Desktop\destination_folder_test\Photos\Facebook\2021\03_March\FB_IMG_1616918172165.jpg
2026-04-24 10:45:04  INFO      core.mover  DRY   C:\Users\sippa\Desktop\photo_test - test run\FB_IMG_1616918175756.jpg  =>  C:\Users\sippa\Desktop\destination_folder_test\Photos\Facebook\2021\03_March\FB_IMG_1616918175756.jpg
2026-04-24 10:45:04  INFO      core.mover  DRY   C:\Users\sippa\Desktop\photo_test - test run\FB_IMG_1618041578519.jpg  =>  C:\Users\sippa\Desktop\destination_folder_test\Photos\Facebook\2021\04_April\FB_IMG_1618041578519.jpg
2026-04-24 10:45:04  INFO      core.mover  DRY   C:\Users\sippa\Desktop\photo_test - test run\FB_IMG_1618456115721.jpg  =>  C:\Users\sippa\Desktop\destination_folder_test\Photos\Facebook\2021\04_April\FB_IMG_1618456115721.jpg
2026-04-24 10:45:04  INFO      core.mover  DRY   C:\Users\sippa\Desktop\photo_test - test run\FB_IMG_1618625350020.jpg  =>  C:\Users\sippa\Desktop\destination_folder_test\Photos\Facebook\2021\04_April\FB_IMG_1618625350020.jpg
2026-04-24 10:45:04  INFO      core.mover  DRY   C:\Users\sippa\Desktop\photo_test - test run\FB_IMG_1618625355355.jpg  =>  C:\Users\sippa\Desktop\destination_folder_test\Photos\Facebook\2021\04_April\FB_IMG_1618625355355.jpg
2026-04-24 10:45:04  INFO      core.mover  DRY   C:\Users\sippa\Desktop\photo_test - test run\FB_IMG_1618842604396.jpg  =>  C:\Users\sippa\Desktop\destination_folder_test\Photos\Facebook\2021\04_April\FB_IMG_1618842604396.jpg
2026-04-24 10:45:04  INFO      core.mover  DRY   C:\Users\sippa\Desktop\photo_test - test run\FB_IMG_1618899721741.jpg  =>  C:\Users\sippa\Desktop\destination_folder_test\Photos\Facebook\2021\04_April\FB_IMG_1618899721741.jpg
2026-04-24 10:45:04  INFO      core.mover  DRY   C:\Users\sippa\Desktop\photo_test - test run\FB_IMG_1619160306874.jpg  =>  C:\Users\sippa\Desktop\destination_folder_test\Photos\Facebook\2021\04_April\FB_IMG_1619160306874.jpg
2026-04-24 10:45:04  INFO      core.mover  DRY   C:\Users\sippa\Desktop\photo_test - test run\FB_IMG_1619160312469.jpg  =>  C:\Users\sippa\Desktop\destination_folder_test\Photos\Facebook\2021\04_April\FB_IMG_1619160312469.jpg
2026-04-24 10:45:04  INFO      core.mover  DRY   C:\Users\sippa\Desktop\photo_test - test run\FB_IMG_1619244251396.jpg  =>  C:\Users\sippa\Desktop\destination_folder_test\Photos\Facebook\2021\04_April\FB_IMG_1619244251396.jpg
2026-04-24 10:45:04  INFO      core.mover  DRY   C:\Users\sippa\Desktop\photo_test - test run\FB_IMG_1619361153010.jpg  =>  C:\Users\sippa\Desktop\destination_folder_test\Photos\Facebook\2021\04_April\FB_IMG_1619361153010.jpg
2026-04-24 10:45:04  INFO      core.mover  DRY   C:\Users\sippa\Desktop\photo_test - test run\FB_IMG_1619776600282.jpg  =>  C:\Users\sippa\Desktop\destination_folder_test\Photos\Facebook\2021\04_April\FB_IMG_1619776600282.jpg
2026-04-24 10:45:04  INFO      core.mover  DRY   C:\Users\sippa\Desktop\photo_test - test run\FB_IMG_1619930641041.jpg  =>  C:\Users\sippa\Desktop\destination_folder_test\Photos\Facebook\2021\05_May\FB_IMG_1619930641041.jpg
2026-04-24 10:45:04  INFO      core.mover  DRY   C:\Users\sippa\Desktop\photo_test - test run\FB_IMG_1619930660810.jpg  =>  C:\Users\sippa\Desktop\destination_folder_test\Photos\Facebook\2021\05_May\FB_IMG_1619930660810.jpg
2026-04-24 10:45:04  INFO      core.mover  DRY   C:\Users\sippa\Desktop\photo_test - test run\FB_IMG_1619930685988.jpg  =>  C:\Users\sippa\Desktop\destination_folder_test\Photos\Facebook\2021\05_May\FB_IMG_1619930685988.jpg
2026-04-24 10:45:04  INFO      core.mover  DRY   C:\Users\sippa\Desktop\photo_test - test run\FB_IMG_1619970194614.jpg  =>  C:\Users\sippa\Desktop\destination_folder_test\Photos\Facebook\2021\05_May\FB_IMG_1619970194614.jpg
2026-04-24 10:45:04  INFO      core.mover  DRY   C:\Users\sippa\Desktop\photo_test - test run\FB_IMG_1620050153735.jpg  =>  C:\Users\sippa\Desktop\destination_folder_test\Photos\Facebook\2021\05_May\FB_IMG_1620050153735.jpg
2026-04-24 10:45:04  INFO      core.mover  DRY   C:\Users\sippa\Desktop\photo_test - test run\FB_IMG_1620274269356.jpg  =>  C:\Users\sippa\Desktop\destination_folder_test\Photos\Facebook\2021\05_May\FB_IMG_1620274269356.jpg
2026-04-24 10:45:04  INFO      core.mover  DRY   C:\Users\sippa\Desktop\photo_test - test run\FB_IMG_1620282147781.jpg  =>  C:\Users\sippa\Desktop\destination_folder_test\Photos\Facebook\2021\05_May\FB_IMG_1620282147781.jpg
2026-04-24 10:45:04  INFO      core.mover  DRY   C:\Users\sippa\Desktop\photo_test - test run\FB_IMG_1620715456938.jpg  =>  C:\Users\sippa\Desktop\destination_folder_test\Photos\Facebook\2021\05_May\FB_IMG_1620715456938.jpg
2026-04-24 10:45:04  INFO      core.mover  DRY   C:\Users\sippa\Desktop\photo_test - test run\FB_IMG_1620787788997.jpg  =>  C:\Users\sippa\Desktop\destination_folder_test\Photos\Facebook\2021\05_May\FB_IMG_1620787788997.jpg
2026-04-24 10:45:04  INFO      core.mover  DRY   C:\Users\sippa\Desktop\photo_test - test run\FB_IMG_1620787803147.jpg  =>  C:\Users\sippa\Desktop\destination_folder_test\Photos\Facebook\2021\05_May\FB_IMG_1620787803147.jpg
2026-04-24 10:45:04  INFO      core.mover  DRY   C:\Users\sippa\Desktop\photo_test - test run\FB_IMG_1621136854904.jpg  =>  C:\Users\sippa\Desktop\destination_folder_test\Photos\Facebook\2021\05_May\FB_IMG_1621136854904.jpg
2026-04-24 10:45:04  INFO      core.mover  DRY   C:\Users\sippa\Desktop\photo_test - test run\FB_IMG_1621372923787.jpg  =>  C:\Users\sippa\Desktop\destination_folder_test\Photos\Facebook\2021\05_May\FB_IMG_1621372923787.jpg
2026-04-24 10:45:04  INFO      core.mover  DRY   C:\Users\sippa\Desktop\photo_test - test run\FB_IMG_1621561840556.jpg  =>  C:\Users\sippa\Desktop\destination_folder_test\Photos\Facebook\2021\05_May\FB_IMG_1621561840556.jpg
2026-04-24 10:45:04  INFO      core.mover  DRY   C:\Users\sippa\Desktop\photo_test - test run\FB_IMG_1621572203015.jpg  =>  C:\Users\sippa\Desktop\destination_folder_test\Photos\Facebook\2021\05_May\FB_IMG_1621572203015.jpg
2026-04-24 10:45:04  INFO      core.mover  DRY   C:\Users\sippa\Desktop\photo_test - test run\FB_IMG_1621655594649.jpg  =>  C:\Users\sippa\Desktop\destination_folder_test\Photos\Facebook\2021\05_May\FB_IMG_1621655594649.jpg
2026-04-24 10:45:04  INFO      core.mover  DRY   C:\Users\sippa\Desktop\photo_test - test run\FB_IMG_1621831348180.jpg  =>  C:\Users\sippa\Desktop\destination_folder_test\Photos\Facebook\2021\05_May\FB_IMG_1621831348180.jpg
2026-04-24 10:45:04  INFO      core.mover  DRY   C:\Users\sippa\Desktop\photo_test - test run\FB_IMG_1621848499759.jpg  =>  C:\Users\sippa\Desktop\destination_folder_test\Photos\Facebook\2021\05_May\FB_IMG_1621848499759.jpg
2026-04-24 10:45:04  INFO      core.mover  DRY   C:\Users\sippa\Desktop\photo_test - test run\FB_IMG_1622323782060.jpg  =>  C:\Users\sippa\Desktop\destination_folder_test\Photos\Facebook\2021\05_May\FB_IMG_1622323782060.jpg
2026-04-24 10:45:04  INFO      core.mover  DRY   C:\Users\sippa\Desktop\photo_test - test run\FB_IMG_1622325473985.jpg  =>  C:\Users\sippa\Desktop\destination_folder_test\Photos\Facebook\2021\05_May\FB_IMG_1622325473985.jpg
2026-04-24 10:45:04  INFO      core.mover  DRY   C:\Users\sippa\Desktop\photo_test - test run\FB_IMG_1622325644882.jpg  =>  C:\Users\sippa\Desktop\destination_folder_test\Photos\Facebook\2021\05_May\FB_IMG_1622325644882.jpg
2026-04-24 10:45:04  INFO      core.mover  DRY   C:\Users\sippa\Desktop\photo_test - test run\FB_IMG_1622325738403.jpg  =>  C:\Users\sippa\Desktop\destination_folder_test\Photos\Facebook\2021\05_May\FB_IMG_1622325738403.jpg
2026-04-24 10:45:04  INFO      core.mover  DRY   C:\Users\sippa\Desktop\photo_test - test run\FB_IMG_1622325841435.jpg  =>  C:\Users\sippa\Desktop\destination_folder_test\Photos\Facebook\2021\05_May\FB_IMG_1622325841435.jpg
2026-04-24 10:45:04  INFO      core.mover  DRY   C:\Users\sippa\Desktop\photo_test - test run\FB_IMG_1622373136478.jpg  =>  C:\Users\sippa\Desktop\destination_folder_test\Photos\Facebook\2021\05_May\FB_IMG_1622373136478.jpg
2026-04-24 10:45:04  INFO      core.mover  DRY   C:\Users\sippa\Desktop\photo_test - test run\FB_IMG_1622453947143.jpg  =>  C:\Users\sippa\Desktop\destination_folder_test\Photos\Facebook\2021\05_May\FB_IMG_1622453947143.jpg
2026-04-24 10:45:04  INFO      core.mover  DRY   C:\Users\sippa\Desktop\photo_test - test run\FB_IMG_1622467885452.jpg  =>  C:\Users\sippa\Desktop\destination_folder_test\Photos\Facebook\2021\05_May\FB_IMG_1622467885452.jpg
2026-04-24 10:45:04  INFO      core.mover  DRY   C:\Users\sippa\Desktop\photo_test - test run\FB_IMG_1622475212335.jpg  =>  C:\Users\sippa\Desktop\destination_folder_test\Photos\Facebook\2021\05_May\FB_IMG_1622475212335.jpg
2026-04-24 10:45:04  INFO      core.mover  DRY   C:\Users\sippa\Desktop\photo_test - test run\FB_IMG_1622479508198.jpg  =>  C:\Users\sippa\Desktop\destination_folder_test\Photos\Facebook\2021\05_May\FB_IMG_1622479508198.jpg
2026-04-24 10:45:04  INFO      core.mover  DRY   C:\Users\sippa\Desktop\photo_test - test run\FB_IMG_1622700007326.jpg  =>  C:\Users\sippa\Desktop\destination_folder_test\Photos\Facebook\2021\06_June\FB_IMG_1622700007326.jpg
2026-04-24 10:45:04  INFO      core.mover  DRY   C:\Users\sippa\Desktop\photo_test - test run\FB_IMG_1622796590372.jpg  =>  C:\Users\sippa\Desktop\destination_folder_test\Photos\Facebook\2021\06_June\FB_IMG_1622796590372.jpg
2026-04-24 10:45:04  INFO      core.mover  DRY   C:\Users\sippa\Desktop\photo_test - test run\FB_IMG_1622969411071.jpg  =>  C:\Users\sippa\Desktop\destination_folder_test\Photos\Facebook\2021\06_June\FB_IMG_1622969411071.jpg
2026-04-24 10:45:04  INFO      core.mover  DRY   C:\Users\sippa\Desktop\photo_test - test run\FB_IMG_1623162319868.jpg  =>  C:\Users\sippa\Desktop\destination_folder_test\Photos\Facebook\2021\06_June\FB_IMG_1623162319868.jpg
2026-04-24 10:45:04  INFO      core.mover  DRY   C:\Users\sippa\Desktop\photo_test - test run\FB_IMG_1623163565451.jpg  =>  C:\Users\sippa\Desktop\destination_folder_test\Photos\Facebook\2021\06_June\FB_IMG_1623163565451.jpg
2026-04-24 10:45:04  INFO      core.mover  DRY   C:\Users\sippa\Desktop\photo_test - test run\FB_IMG_1623495191744.jpg  =>  C:\Users\sippa\Desktop\destination_folder_test\Photos\Facebook\2021\06_June\FB_IMG_1623495191744.jpg
2026-04-24 10:45:04  INFO      core.mover  DRY   C:\Users\sippa\Desktop\photo_test - test run\FB_IMG_1623559632776.jpg  =>  C:\Users\sippa\Desktop\destination_folder_test\Photos\Facebook\2021\06_June\FB_IMG_1623559632776.jpg
2026-04-24 10:45:04  INFO      core.mover  DRY   C:\Users\sippa\Desktop\photo_test - test run\FB_IMG_1623635637586.jpg  =>  C:\Users\sippa\Desktop\destination_folder_test\Photos\Facebook\2021\06_June\FB_IMG_1623635637586.jpg
2026-04-24 10:45:04  INFO      core.mover  DRY   C:\Users\sippa\Desktop\photo_test - test run\FB_IMG_1623839764971.jpg  =>  C:\Users\sippa\Desktop\destination_folder_test\Photos\Facebook\2021\06_June\FB_IMG_1623839764971.jpg
2026-04-24 10:45:04  INFO      core.mover  DRY   C:\Users\sippa\Desktop\photo_test - test run\FB_IMG_1623839819157.jpg  =>  C:\Users\sippa\Desktop\destination_folder_test\Photos\Facebook\2021\06_June\FB_IMG_1623839819157.jpg
2026-04-24 10:45:04  INFO      core.mover  DRY   C:\Users\sippa\Desktop\photo_test - test run\FB_IMG_1623839838499.jpg  =>  C:\Users\sippa\Desktop\destination_folder_test\Photos\Facebook\2021\06_June\FB_IMG_1623839838499.jpg
2026-04-24 10:45:04  INFO      core.mover  DRY   C:\Users\sippa\Desktop\photo_test - test run\FB_IMG_1623839841647.jpg  =>  C:\Users\sippa\Desktop\destination_folder_test\Photos\Facebook\2021\06_June\FB_IMG_1623839841647.jpg
2026-04-24 10:45:04  INFO      core.mover  DRY   C:\Users\sippa\Desktop\photo_test - test run\FB_IMG_1623839844029.jpg  =>  C:\Users\sippa\Desktop\destination_folder_test\Photos\Facebook\2021\06_June\FB_IMG_1623839844029.jpg
2026-04-24 10:45:04  INFO      core.mover  DRY   C:\Users\sippa\Desktop\photo_test - test run\FB_IMG_1623849478314.jpg  =>  C:\Users\sippa\Desktop\destination_folder_test\Photos\Facebook\2021\06_June\FB_IMG_1623849478314.jpg
2026-04-24 10:45:04  INFO      core.mover  DRY   C:\Users\sippa\Desktop\photo_test - test run\FB_IMG_1624160483647.jpg  =>  C:\Users\sippa\Desktop\destination_folder_test\Photos\Facebook\2021\06_June\FB_IMG_1624160483647.jpg
2026-04-24 10:45:04  INFO      core.mover  DRY   C:\Users\sippa\Desktop\photo_test - test run\FB_IMG_1624160492923.jpg  =>  C:\Users\sippa\Desktop\destination_folder_test\Photos\Facebook\2021\06_June\FB_IMG_1624160492923.jpg
2026-04-24 10:45:04  INFO      core.mover  DRY   C:\Users\sippa\Desktop\photo_test - test run\FB_IMG_1624160527258.jpg  =>  C:\Users\sippa\Desktop\destination_folder_test\Photos\Facebook\2021\06_June\FB_IMG_1624160527258.jpg
2026-04-24 10:45:04  INFO      core.mover  DRY   C:\Users\sippa\Desktop\photo_test - test run\FB_IMG_1624160549465.jpg  =>  C:\Users\sippa\Desktop\destination_folder_test\Photos\Facebook\2021\06_June\FB_IMG_1624160549465.jpg
2026-04-24 10:45:04  INFO      core.mover  DRY   C:\Users\sippa\Desktop\photo_test - test run\FB_IMG_1624160569880.jpg  =>  C:\Users\sippa\Desktop\destination_folder_test\Photos\Facebook\2021\06_June\FB_IMG_1624160569880.jpg
2026-04-24 10:45:04  INFO      core.mover  DRY   C:\Users\sippa\Desktop\photo_test - test run\FB_IMG_1624160602014.jpg  =>  C:\Users\sippa\Desktop\destination_folder_test\Photos\Facebook\2021\06_June\FB_IMG_1624160602014.jpg
2026-04-24 10:45:04  INFO      core.mover  DRY   C:\Users\sippa\Desktop\photo_test - test run\FB_IMG_1624160630260.jpg  =>  C:\Users\sippa\Desktop\destination_folder_test\Photos\Facebook\2021\06_June\FB_IMG_1624160630260.jpg
2026-04-24 10:45:04  INFO      core.mover  DRY   C:\Users\sippa\Desktop\photo_test - test run\FB_IMG_1624535578732.jpg  =>  C:\Users\sippa\Desktop\destination_folder_test\Photos\Facebook\2021\06_June\FB_IMG_1624535578732.jpg
2026-04-24 10:45:04  INFO      core.mover  DRY   C:\Users\sippa\Desktop\photo_test - test run\FB_IMG_1624786704258.jpg  =>  C:\Users\sippa\Desktop\destination_folder_test\Photos\Facebook\2021\06_June\FB_IMG_1624786704258.jpg
2026-04-24 10:45:04  INFO      core.mover  DRY   C:\Users\sippa\Desktop\photo_test - test run\FB_IMG_1624790461520.jpg  =>  C:\Users\sippa\Desktop\destination_folder_test\Photos\Facebook\2021\06_June\FB_IMG_1624790461520.jpg
2026-04-24 10:45:04  INFO      core.mover  DRY   C:\Users\sippa\Desktop\photo_test - test run\FB_IMG_1625033732451.jpg  =>  C:\Users\sippa\Desktop\destination_folder_test\Photos\Facebook\2021\06_June\FB_IMG_1625033732451.jpg
2026-04-24 10:45:04  INFO      core.mover  DRY   C:\Users\sippa\Desktop\photo_test - test run\FB_IMG_1625321076759.jpg  =>  C:\Users\sippa\Desktop\destination_folder_test\Photos\Facebook\2021\07_July\FB_IMG_1625321076759.jpg
2026-04-24 10:45:04  INFO      core.mover  DRY   C:\Users\sippa\Desktop\photo_test - test run\FB_IMG_1625536762607.jpg  =>  C:\Users\sippa\Desktop\destination_folder_test\Photos\Facebook\2021\07_July\FB_IMG_1625536762607.jpg
2026-04-24 10:45:04  INFO      core.mover  DRY   C:\Users\sippa\Desktop\photo_test - test run\FB_IMG_1625544499558.jpg  =>  C:\Users\sippa\Desktop\destination_folder_test\Photos\Facebook\2021\07_July\FB_IMG_1625544499558.jpg
2026-04-24 10:45:04  INFO      core.mover  DRY   C:\Users\sippa\Desktop\photo_test - test run\FB_IMG_1625544562014.jpg  =>  C:\Users\sippa\Desktop\destination_folder_test\Photos\Facebook\2021\07_July\FB_IMG_1625544562014.jpg
2026-04-24 10:45:04  INFO      core.mover  DRY   C:\Users\sippa\Desktop\photo_test - test run\FB_IMG_1625544571220.jpg  =>  C:\Users\sippa\Desktop\destination_folder_test\Photos\Facebook\2021\07_July\FB_IMG_1625544571220.jpg
2026-04-24 10:45:04  INFO      core.mover  DRY   C:\Users\sippa\Desktop\photo_test - test run\FB_IMG_1625935802503.jpg  =>  C:\Users\sippa\Desktop\destination_folder_test\Photos\Facebook\2021\07_July\FB_IMG_1625935802503.jpg
2026-04-24 10:45:04  INFO      core.mover  DRY   C:\Users\sippa\Desktop\photo_test - test run\FB_IMG_1625935933720.jpg  =>  C:\Users\sippa\Desktop\destination_folder_test\Photos\Facebook\2021\07_July\FB_IMG_1625935933720.jpg
2026-04-24 10:45:04  INFO      core.mover  DRY   C:\Users\sippa\Desktop\photo_test - test run\FB_IMG_1626269564118.jpg  =>  C:\Users\sippa\Desktop\destination_folder_test\Photos\Facebook\2021\07_July\FB_IMG_1626269564118.jpg
2026-04-24 10:45:04  INFO      core.mover  DRY   C:\Users\sippa\Desktop\photo_test - test run\FB_IMG_1627001269969.jpg  =>  C:\Users\sippa\Desktop\destination_folder_test\Photos\Facebook\2021\07_July\FB_IMG_1627001269969.jpg
2026-04-24 10:45:04  INFO      core.mover  DRY   C:\Users\sippa\Desktop\photo_test - test run\FB_IMG_1627116435630.jpg  =>  C:\Users\sippa\Desktop\destination_folder_test\Photos\Facebook\2021\07_July\FB_IMG_1627116435630.jpg
2026-04-24 10:45:04  INFO      core.mover  DRY   C:\Users\sippa\Desktop\photo_test - test run\FB_IMG_1627188818970.jpg  =>  C:\Users\sippa\Desktop\destination_folder_test\Photos\Facebook\2021\07_July\FB_IMG_1627188818970.jpg
2026-04-24 10:45:04  INFO      core.mover  DRY   C:\Users\sippa\Desktop\photo_test - test run\FB_IMG_1627268756737.jpg  =>  C:\Users\sippa\Desktop\destination_folder_test\Photos\Facebook\2021\07_July\FB_IMG_1627268756737.jpg
2026-04-24 10:45:04  INFO      core.mover  DRY   C:\Users\sippa\Desktop\photo_test - test run\FB_IMG_1627817381582.jpg  =>  C:\Users\sippa\Desktop\destination_folder_test\Photos\Facebook\2021\08_August\FB_IMG_1627817381582.jpg
2026-04-24 10:45:04  INFO      core.mover  DRY   C:\Users\sippa\Desktop\photo_test - test run\FB_IMG_1628006103025.jpg  =>  C:\Users\sippa\Desktop\destination_folder_test\Photos\Facebook\2021\08_August\FB_IMG_1628006103025.jpg
2026-04-24 10:45:04  INFO      core.mover  DRY   C:\Users\sippa\Desktop\photo_test - test run\FB_IMG_1628006105692.jpg  =>  C:\Users\sippa\Desktop\destination_folder_test\Photos\Facebook\2021\08_August\FB_IMG_1628006105692.jpg
2026-04-24 10:45:04  INFO      core.mover  DRY   C:\Users\sippa\Desktop\photo_test - test run\FB_IMG_1628006108037.jpg  =>  C:\Users\sippa\Desktop\destination_folder_test\Photos\Facebook\2021\08_August\FB_IMG_1628006108037.jpg
2026-04-24 10:45:04  INFO      core.mover  DRY   C:\Users\sippa\Desktop\photo_test - test run\FB_IMG_1628528842615.jpg  =>  C:\Users\sippa\Desktop\destination_folder_test\Photos\Facebook\2021\08_August\FB_IMG_1628528842615.jpg
2026-04-24 10:45:04  INFO      core.mover  DRY   C:\Users\sippa\Desktop\photo_test - test run\FB_IMG_1628737607591.jpg  =>  C:\Users\sippa\Desktop\destination_folder_test\Photos\Facebook\2021\08_August\FB_IMG_1628737607591.jpg
2026-04-24 10:45:04  INFO      core.mover  DRY   C:\Users\sippa\Desktop\photo_test - test run\FB_IMG_1628816749698.jpg  =>  C:\Users\sippa\Desktop\destination_folder_test\Photos\Facebook\2021\08_August\FB_IMG_1628816749698.jpg
2026-04-24 10:45:04  INFO      core.mover  DRY   C:\Users\sippa\Desktop\photo_test - test run\FB_IMG_1628865732905.jpg  =>  C:\Users\sippa\Desktop\destination_folder_test\Photos\Facebook\2021\08_August\FB_IMG_1628865732905.jpg
2026-04-24 10:45:04  INFO      core.mover  DRY   C:\Users\sippa\Desktop\photo_test - test run\FB_IMG_1628868302500.jpg  =>  C:\Users\sippa\Desktop\destination_folder_test\Photos\Facebook\2021\08_August\FB_IMG_1628868302500.jpg
2026-04-24 10:45:04  INFO      core.mover  DRY   C:\Users\sippa\Desktop\photo_test - test run\FB_IMG_1628913750818.jpg  =>  C:\Users\sippa\Desktop\destination_folder_test\Photos\Facebook\2021\08_August\FB_IMG_1628913750818.jpg
2026-04-24 10:45:04  INFO      core.mover  DRY   C:\Users\sippa\Desktop\photo_test - test run\FB_IMG_1628917594131.jpg  =>  C:\Users\sippa\Desktop\destination_folder_test\Photos\Facebook\2021\08_August\FB_IMG_1628917594131.jpg
2026-04-24 10:45:04  INFO      core.mover  DRY   C:\Users\sippa\Desktop\photo_test - test run\FB_IMG_1628917596504.jpg  =>  C:\Users\sippa\Desktop\destination_folder_test\Photos\Facebook\2021\08_August\FB_IMG_1628917596504.jpg
2026-04-24 10:45:04  INFO      core.mover  DRY   C:\Users\sippa\Desktop\photo_test - test run\FB_IMG_1628917598590.jpg  =>  C:\Users\sippa\Desktop\destination_folder_test\Photos\Facebook\2021\08_August\FB_IMG_1628917598590.jpg
2026-04-24 10:45:04  INFO      core.mover  DRY   C:\Users\sippa\Desktop\photo_test - test run\FB_IMG_1628917600969.jpg  =>  C:\Users\sippa\Desktop\destination_folder_test\Photos\Facebook\2021\08_August\FB_IMG_1628917600969.jpg
2026-04-24 10:45:04  INFO      core.mover  DRY   C:\Users\sippa\Desktop\photo_test - test run\FB_IMG_1628917605042.jpg  =>  C:\Users\sippa\Desktop\destination_folder_test\Photos\Facebook\2021\08_August\FB_IMG_1628917605042.jpg
2026-04-24 10:45:04  INFO      core.mover  DRY   C:\Users\sippa\Desktop\photo_test - test run\FB_IMG_1628917607465.jpg  =>  C:\Users\sippa\Desktop\destination_folder_test\Photos\Facebook\2021\08_August\FB_IMG_1628917607465.jpg
2026-04-24 10:45:04  INFO      core.mover  DRY   C:\Users\sippa\Desktop\photo_test - test run\FB_IMG_1628985112639.jpg  =>  C:\Users\sippa\Desktop\destination_folder_test\Photos\Facebook\2021\08_August\FB_IMG_1628985112639.jpg
2026-04-24 10:45:04  INFO      core.mover  DRY   C:\Users\sippa\Desktop\photo_test - test run\FB_IMG_1629611227433.jpg  =>  C:\Users\sippa\Desktop\destination_folder_test\Photos\Facebook\2021\08_August\FB_IMG_1629611227433.jpg
2026-04-24 10:45:04  INFO      core.mover  DRY   C:\Users\sippa\Desktop\photo_test - test run\FB_IMG_1630376017799.jpg  =>  C:\Users\sippa\Desktop\destination_folder_test\Photos\Facebook\2021\08_August\FB_IMG_1630376017799.jpg
2026-04-24 10:45:04  INFO      core.mover  DRY   C:\Users\sippa\Desktop\photo_test - test run\FB_IMG_1630378338646.jpg  =>  C:\Users\sippa\Desktop\destination_folder_test\Photos\Facebook\2021\08_August\FB_IMG_1630378338646.jpg
2026-04-24 10:45:04  INFO      core.mover  DRY   C:\Users\sippa\Desktop\photo_test - test run\FB_IMG_1631425192265.jpg  =>  C:\Users\sippa\Desktop\destination_folder_test\Photos\Facebook\2021\09_September\FB_IMG_1631425192265.jpg
2026-04-24 10:45:04  INFO      core.mover  DRY   C:\Users\sippa\Desktop\photo_test - test run\FB_IMG_1631906302246.jpg  =>  C:\Users\sippa\Desktop\destination_folder_test\Photos\Facebook\2021\09_September\FB_IMG_1631906302246.jpg
2026-04-24 10:45:04  INFO      core.mover  DRY   C:\Users\sippa\Desktop\photo_test - test run\FB_IMG_1632441262440.jpg  =>  C:\Users\sippa\Desktop\destination_folder_test\Photos\Facebook\2021\09_September\FB_IMG_1632441262440.jpg
2026-04-24 10:45:04  INFO      core.mover  DRY   C:\Users\sippa\Desktop\photo_test - test run\FB_IMG_1632754910486.jpg  =>  C:\Users\sippa\Desktop\destination_folder_test\Photos\Facebook\2021\09_September\FB_IMG_1632754910486.jpg
2026-04-24 10:45:04  INFO      core.mover  DRY   C:\Users\sippa\Desktop\photo_test - test run\FB_IMG_1633418644449.jpg  =>  C:\Users\sippa\Desktop\destination_folder_test\Photos\Facebook\2021\10_October\FB_IMG_1633418644449.jpg
2026-04-24 10:45:04  INFO      core.mover  DRY   C:\Users\sippa\Desktop\photo_test - test run\FB_IMG_1634438935238.jpg  =>  C:\Users\sippa\Desktop\destination_folder_test\Photos\Facebook\2021\10_October\FB_IMG_1634438935238.jpg
2026-04-24 10:45:04  INFO      core.mover  DRY   C:\Users\sippa\Desktop\photo_test - test run\FB_IMG_1635790918796.jpg  =>  C:\Users\sippa\Desktop\destination_folder_test\Photos\Facebook\2021\11_November\FB_IMG_1635790918796.jpg
2026-04-24 10:45:04  INFO      core.mover  DRY   C:\Users\sippa\Desktop\photo_test - test run\FB_IMG_1635790994295.jpg  =>  C:\Users\sippa\Desktop\destination_folder_test\Photos\Facebook\2021\11_November\FB_IMG_1635790994295.jpg
2026-04-24 10:45:04  INFO      core.mover  DRY   C:\Users\sippa\Desktop\photo_test - test run\FB_IMG_1636647491309.jpg  =>  C:\Users\sippa\Desktop\destination_folder_test\Photos\Facebook\2021\11_November\FB_IMG_1636647491309.jpg
2026-04-24 10:45:04  INFO      core.mover  DRY   C:\Users\sippa\Desktop\photo_test - test run\FB_IMG_1637159150973.jpg  =>  C:\Users\sippa\Desktop\destination_folder_test\Photos\Facebook\2021\11_November\FB_IMG_1637159150973.jpg
2026-04-24 10:45:04  INFO      core.mover  DRY   C:\Users\sippa\Desktop\photo_test - test run\FB_IMG_1637159435061.jpg  =>  C:\Users\sippa\Desktop\destination_folder_test\Photos\Facebook\2021\11_November\FB_IMG_1637159435061.jpg
2026-04-24 10:45:04  INFO      core.mover  DRY   C:\Users\sippa\Desktop\photo_test - test run\FB_IMG_1637231262467.jpg  =>  C:\Users\sippa\Desktop\destination_folder_test\Photos\Facebook\2021\11_November\FB_IMG_1637231262467.jpg
2026-04-24 10:45:04  INFO      core.mover  DRY   C:\Users\sippa\Desktop\photo_test - test run\FB_IMG_1637504906304.jpg  =>  C:\Users\sippa\Desktop\destination_folder_test\Photos\Facebook\2021\11_November\FB_IMG_1637504906304.jpg
2026-04-24 10:45:04  INFO      core.mover  DRY   C:\Users\sippa\Desktop\photo_test - test run\FB_IMG_1637980180374.jpg  =>  C:\Users\sippa\Desktop\destination_folder_test\Photos\Facebook\2021\11_November\FB_IMG_1637980180374.jpg
2026-04-24 10:45:04  INFO      core.mover  DRY   C:\Users\sippa\Desktop\photo_test - test run\FB_IMG_1638679965982.jpg  =>  C:\Users\sippa\Desktop\destination_folder_test\Photos\Facebook\2021\12_December\FB_IMG_1638679965982.jpg
2026-04-24 10:45:04  INFO      core.mover  DRY   C:\Users\sippa\Desktop\photo_test - test run\FB_IMG_1640288252972.jpg  =>  C:\Users\sippa\Desktop\destination_folder_test\Photos\Facebook\2021\12_December\FB_IMG_1640288252972.jpg
2026-04-24 10:45:04  INFO      core.mover  DRY   C:\Users\sippa\Desktop\photo_test - test run\FB_IMG_1640514991849.jpg  =>  C:\Users\sippa\Desktop\destination_folder_test\Photos\Facebook\2021\12_December\FB_IMG_1640514991849.jpg
2026-04-24 10:45:04  INFO      core.mover  DRY   C:\Users\sippa\Desktop\photo_test - test run\FB_IMG_1640855263846.jpg  =>  C:\Users\sippa\Desktop\destination_folder_test\Photos\Facebook\2021\12_December\FB_IMG_1640855263846.jpg
2026-04-24 10:45:04  INFO      core.mover  DRY   C:\Users\sippa\Desktop\photo_test - test run\FB_IMG_1641445517930.jpg  =>  C:\Users\sippa\Desktop\destination_folder_test\Photos\Facebook\2022\01_January\FB_IMG_1641445517930.jpg
2026-04-24 10:45:04  INFO      core.mover  DRY   C:\Users\sippa\Desktop\photo_test - test run\FB_IMG_1641704151198.jpg  =>  C:\Users\sippa\Desktop\destination_folder_test\Photos\Facebook\2022\01_January\FB_IMG_1641704151198.jpg
2026-04-24 10:45:04  INFO      core.mover  DRY   C:\Users\sippa\Desktop\photo_test - test run\FB_IMG_1642410969667.jpg  =>  C:\Users\sippa\Desktop\destination_folder_test\Photos\Facebook\2022\01_January\FB_IMG_1642410969667.jpg
2026-04-24 10:45:04  INFO      core.mover  DRY   C:\Users\sippa\Desktop\photo_test - test run\FB_IMG_1643434438784.jpg  =>  C:\Users\sippa\Desktop\destination_folder_test\Photos\Facebook\2022\01_January\FB_IMG_1643434438784.jpg
2026-04-24 10:45:04  INFO      core.mover  DRY   C:\Users\sippa\Desktop\photo_test - test run\FB_IMG_1643816542993.jpg  =>  C:\Users\sippa\Desktop\destination_folder_test\Photos\Facebook\2022\02_February\FB_IMG_1643816542993.jpg
2026-04-24 10:45:04  INFO      core.mover  DRY   C:\Users\sippa\Desktop\photo_test - test run\FB_IMG_1644695531344.jpg  =>  C:\Users\sippa\Desktop\destination_folder_test\Photos\Facebook\2022\02_February\FB_IMG_1644695531344.jpg
2026-04-24 10:45:04  INFO      core.mover  DRY   C:\Users\sippa\Desktop\photo_test - test run\FB_IMG_1645109439095.jpg  =>  C:\Users\sippa\Desktop\destination_folder_test\Photos\Facebook\2022\02_February\FB_IMG_1645109439095.jpg
2026-04-24 10:45:04  INFO      core.mover  DRY   C:\Users\sippa\Desktop\photo_test - test run\FB_IMG_1645716310134.jpg  =>  C:\Users\sippa\Desktop\destination_folder_test\Photos\Facebook\2022\02_February\FB_IMG_1645716310134.jpg
2026-04-24 10:45:04  INFO      core.mover  DRY   C:\Users\sippa\Desktop\photo_test - test run\FB_IMG_1647058817455.jpg  =>  C:\Users\sippa\Desktop\destination_folder_test\Photos\Facebook\2022\03_March\FB_IMG_1647058817455.jpg
2026-04-24 10:45:04  INFO      core.mover  DRY   C:\Users\sippa\Desktop\photo_test - test run\FB_IMG_1647085804573.jpg  =>  C:\Users\sippa\Desktop\destination_folder_test\Photos\Facebook\2022\03_March\FB_IMG_1647085804573.jpg
2026-04-24 10:45:04  INFO      core.mover  DRY   C:\Users\sippa\Desktop\photo_test - test run\FB_IMG_1647745933134.jpg  =>  C:\Users\sippa\Desktop\destination_folder_test\Photos\Facebook\2022\03_March\FB_IMG_1647745933134.jpg
2026-04-24 10:45:04  INFO      core.mover  DRY   C:\Users\sippa\Desktop\photo_test - test run\FB_IMG_1648009914551.jpg  =>  C:\Users\sippa\Desktop\destination_folder_test\Photos\Facebook\2022\03_March\FB_IMG_1648009914551.jpg
2026-04-24 10:45:04  INFO      core.mover  DRY   C:\Users\sippa\Desktop\photo_test - test run\FB_IMG_1648009936992.jpg  =>  C:\Users\sippa\Desktop\destination_folder_test\Photos\Facebook\2022\03_March\FB_IMG_1648009936992.jpg
2026-04-24 10:45:04  INFO      core.mover  DRY   C:\Users\sippa\Desktop\photo_test - test run\FB_IMG_1648444275397.jpg  =>  C:\Users\sippa\Desktop\destination_folder_test\Photos\Facebook\2022\03_March\FB_IMG_1648444275397.jpg
2026-04-24 10:45:04  INFO      core.mover  DRY   C:\Users\sippa\Desktop\photo_test - test run\FB_IMG_1648444296132.jpg  =>  C:\Users\sippa\Desktop\destination_folder_test\Photos\Facebook\2022\03_March\FB_IMG_1648444296132.jpg
2026-04-24 10:45:04  INFO      core.mover  DRY   C:\Users\sippa\Desktop\photo_test - test run\FB_IMG_1649934609426.jpg  =>  C:\Users\sippa\Desktop\destination_folder_test\Photos\Facebook\2022\04_April\FB_IMG_1649934609426.jpg
2026-04-24 10:45:04  INFO      core.mover  DRY   C:\Users\sippa\Desktop\photo_test - test run\FB_IMG_1650216661518.jpg  =>  C:\Users\sippa\Desktop\destination_folder_test\Photos\Facebook\2022\04_April\FB_IMG_1650216661518.jpg
2026-04-24 10:45:04  INFO      core.mover  DRY   C:\Users\sippa\Desktop\photo_test - test run\FB_IMG_1650468429353.jpg  =>  C:\Users\sippa\Desktop\destination_folder_test\Photos\Facebook\2022\04_April\FB_IMG_1650468429353.jpg
2026-04-24 10:45:04  INFO      core.mover  DRY   C:\Users\sippa\Desktop\photo_test - test run\how_topsd-oom.jpg  =>  C:\Users\sippa\Desktop\destination_folder_test\Photos\Unknown_Device\2012\10_October\how_topsd-oom.jpg
2026-04-24 10:45:04  INFO      core.mover  DRY   C:\Users\sippa\Desktop\photo_test - test run\Image2017-10-28_12-39-13.png  =>  C:\Users\sippa\Desktop\destination_folder_test\Photos\Unknown_Device\2017\10_October\Image2017-10-28_12-39-13.png
2026-04-24 10:45:04  INFO      core.mover  DRY   C:\Users\sippa\Desktop\photo_test - test run\IMG_3698.JPG  =>  C:\Users\sippa\Desktop\destination_folder_test\Photos\Canon EOS RP\2025\04_April\IMG_3698.JPG
2026-04-24 10:45:04  INFO      core.mover  DRY   C:\Users\sippa\Desktop\photo_test - test run\IMG_3740.JPG  =>  C:\Users\sippa\Desktop\destination_folder_test\Photos\Canon EOS RP\2025\04_April\IMG_3740.JPG
2026-04-24 10:45:04  INFO      core.mover  DRY   C:\Users\sippa\Desktop\photo_test - test run\IMG_3741.JPG  =>  C:\Users\sippa\Desktop\destination_folder_test\Photos\Canon EOS RP\2025\04_April\IMG_3741.JPG
2026-04-24 10:45:04  INFO      core.mover  DRY   C:\Users\sippa\Desktop\photo_test - test run\IMG_3750.JPG  =>  C:\Users\sippa\Desktop\destination_folder_test\Photos\Canon EOS RP\2025\04_April\IMG_3750.JPG
2026-04-24 10:45:04  INFO      core.mover  DRY   C:\Users\sippa\Desktop\photo_test - test run\IMG_3751.JPG  =>  C:\Users\sippa\Desktop\destination_folder_test\Photos\Canon EOS RP\2025\04_April\IMG_3751.JPG
2026-04-24 10:45:04  INFO      core.mover  DRY   C:\Users\sippa\Desktop\photo_test - test run\IMG_3759.JPG  =>  C:\Users\sippa\Desktop\destination_folder_test\Photos\Canon EOS RP\2025\04_April\IMG_3759.JPG
2026-04-24 10:45:04  INFO      core.mover  DRY   C:\Users\sippa\Desktop\photo_test - test run\IMG_3760.JPG  =>  C:\Users\sippa\Desktop\destination_folder_test\Photos\Canon EOS RP\2025\04_April\IMG_3760.JPG
2026-04-24 10:45:04  INFO      core.mover  DRY   C:\Users\sippa\Desktop\photo_test - test run\IMG_3849.JPG  =>  C:\Users\sippa\Desktop\destination_folder_test\Photos\Canon EOS RP\2025\04_April\IMG_3849.JPG
2026-04-24 10:45:04  INFO      core.mover  DRY   C:\Users\sippa\Desktop\photo_test - test run\IMG_6410_0.jpg  =>  C:\Users\sippa\Desktop\destination_folder_test\Photos\Canon EOS RP\2026\02_February\IMG_6410_0.jpg
2026-04-24 10:45:04  INFO      core.mover  DRY   C:\Users\sippa\Desktop\photo_test - test run\IMG_6411_0.jpg  =>  C:\Users\sippa\Desktop\destination_folder_test\Photos\Canon EOS RP\2026\02_February\IMG_6411_0.jpg
2026-04-24 10:45:04  INFO      core.mover  DRY   C:\Users\sippa\Desktop\photo_test - test run\IMG_6412_0.jpg  =>  C:\Users\sippa\Desktop\destination_folder_test\Photos\Canon EOS RP\2026\02_February\IMG_6412_0.jpg
2026-04-24 10:45:04  INFO      core.mover  DRY   C:\Users\sippa\Desktop\photo_test - test run\IMG_6414_0.jpg  =>  C:\Users\sippa\Desktop\destination_folder_test\Photos\Canon EOS RP\2026\02_February\IMG_6414_0.jpg
2026-04-24 10:45:04  INFO      core.mover  DRY   C:\Users\sippa\Desktop\photo_test - test run\IMG_6429_0.jpg  =>  C:\Users\sippa\Desktop\destination_folder_test\Photos\Canon EOS RP\2026\02_February\IMG_6429_0.jpg
2026-04-24 10:45:04  INFO      core.mover  DRY   C:\Users\sippa\Desktop\photo_test - test run\IMG_9472.JPG  =>  C:\Users\sippa\Desktop\destination_folder_test\Photos\Apple iPad mini 1G\2015\09_September\IMG_9472.JPG
2026-04-24 10:45:04  INFO      core.mover  DRY   C:\Users\sippa\Desktop\photo_test - test run\IMG_9478.JPG  =>  C:\Users\sippa\Desktop\destination_folder_test\Photos\Apple iPad mini 1G\2015\09_September\IMG_9478.JPG
2026-04-24 10:45:04  INFO      core.mover  DRY   C:\Users\sippa\Desktop\photo_test - test run\Jumping_Race_2017-07-28T123453+0000_E485DC.jpg  =>  C:\Users\sippa\Desktop\destination_folder_test\Photos\Parrot Jumping Race\2017\07_July\Jumping_Race_2017-07-28T123453+0000_E485DC.jpg
2026-04-24 10:45:04  INFO      core.mover  DRY   C:\Users\sippa\Desktop\photo_test - test run\Jumping_Race_2017-07-28T123548+0000_DD4B51.jpg  =>  C:\Users\sippa\Desktop\destination_folder_test\Photos\Parrot Jumping Race\2017\07_July\Jumping_Race_2017-07-28T123548+0000_DD4B51.jpg
2026-04-24 10:45:04  INFO      core.mover  DRY   C:\Users\sippa\Desktop\photo_test - test run\Jumping_Race_2017-07-28T123621+0000_C2F6AB.jpg  =>  C:\Users\sippa\Desktop\destination_folder_test\Photos\Parrot Jumping Race\2017\07_July\Jumping_Race_2017-07-28T123621+0000_C2F6AB.jpg
2026-04-24 10:45:04  INFO      core.mover  DRY   C:\Users\sippa\Desktop\photo_test - test run\Jumping_Race_2017-08-20T155617+0000_69B95B.jpg  =>  C:\Users\sippa\Desktop\destination_folder_test\Photos\Parrot Jumping Race\2017\08_August\Jumping_Race_2017-08-20T155617+0000_69B95B.jpg
2026-04-24 10:45:04  INFO      core.mover  DRY   C:\Users\sippa\Desktop\photo_test - test run\mom_gen.jpg  =>  C:\Users\sippa\Desktop\destination_folder_test\Photos\Unknown_Device\2012\01_January\mom_gen.jpg
2026-04-24 10:45:04  INFO      core.mover  DRY   C:\Users\sippa\Desktop\photo_test - test run\oom profile pic.jpg  =>  C:\Users\sippa\Desktop\destination_folder_test\Photos\SONY DSLR-A200\2012\01_January\oom profile pic.jpg
2026-04-24 10:45:04  INFO      core.mover  DRY   C:\Users\sippa\Desktop\photo_test - test run\oom racing profile.jpg  =>  C:\Users\sippa\Desktop\destination_folder_test\Photos\Sony NEX-5N\2012\12_December\oom racing profile.jpg
2026-04-24 10:45:04  INFO      core.mover  DRY   C:\Users\sippa\Desktop\photo_test - test run\oom1.jpg  =>  C:\Users\sippa\Desktop\destination_folder_test\Photos\Unknown_Device\2007\11_November\oom1.jpg
2026-04-24 10:45:04  INFO      core.mover  DRY   C:\Users\sippa\Desktop\photo_test - test run\oom2.jpg  =>  C:\Users\sippa\Desktop\destination_folder_test\Photos\Unknown_Device\2007\11_November\oom2.jpg
2026-04-24 10:45:04  INFO      core.mover  DRY   C:\Users\sippa\Desktop\photo_test - test run\P2400145.JPG  =>  C:\Users\sippa\Desktop\destination_folder_test\Photos\Panasonic GX85\2021\03_March\P2400145.JPG
2026-04-24 10:45:04  INFO      core.mover  DRY   C:\Users\sippa\Desktop\photo_test - test run\P2440732.JPG  =>  C:\Users\sippa\Desktop\destination_folder_test\Photos\Panasonic GX85\2021\06_June\P2440732.JPG
2026-04-24 10:45:04  INFO      core.mover  DRY   C:\Users\sippa\Desktop\photo_test - test run\P2440733.JPG  =>  C:\Users\sippa\Desktop\destination_folder_test\Photos\Panasonic GX85\2021\06_June\P2440733.JPG
2026-04-24 10:45:04  INFO      core.mover  DRY   C:\Users\sippa\Desktop\photo_test - test run\P2480116.JPG  =>  C:\Users\sippa\Desktop\destination_folder_test\Photos\Panasonic GX85\2021\07_July\P2480116.JPG
2026-04-24 10:45:04  INFO      core.mover  DRY   C:\Users\sippa\Desktop\photo_test - test run\P2890961.JPG  =>  C:\Users\sippa\Desktop\destination_folder_test\Photos\Panasonic GX85\2022\09_September\P2890961.JPG
2026-04-24 10:45:04  INFO      core.mover  DRY   C:\Users\sippa\Desktop\photo_test - test run\P2890962.JPG  =>  C:\Users\sippa\Desktop\destination_folder_test\Photos\Panasonic GX85\2022\09_September\P2890962.JPG
2026-04-24 10:45:04  INFO      core.mover  DRY   C:\Users\sippa\Desktop\photo_test - test run\P2890963.JPG  =>  C:\Users\sippa\Desktop\destination_folder_test\Photos\Panasonic GX85\2022\09_September\P2890963.JPG
2026-04-24 10:45:04  INFO      core.mover  DRY   C:\Users\sippa\Desktop\photo_test - test run\P4120847.JPG  =>  C:\Users\sippa\Desktop\destination_folder_test\Photos\Panasonic GX85\2026\02_February\P4120847.JPG
2026-04-24 10:45:04  INFO      core.mover  DRY   C:\Users\sippa\Desktop\photo_test - test run\P4120848.JPG  =>  C:\Users\sippa\Desktop\destination_folder_test\Photos\Panasonic GX85\2026\02_February\P4120848.JPG
2026-04-24 10:45:04  INFO      core.mover  DRY   C:\Users\sippa\Desktop\photo_test - test run\P4120858.JPG  =>  C:\Users\sippa\Desktop\destination_folder_test\Photos\Panasonic GX85\2026\02_February\P4120858.JPG
2026-04-24 10:45:04  INFO      core.mover  DRY   C:\Users\sippa\Desktop\photo_test - test run\poster_all.jpg  =>  C:\Users\sippa\Desktop\destination_folder_test\Photos\Unknown_Device\2012\09_September\poster_all.jpg
2026-04-24 10:45:04  INFO      core.mover  DRY   C:\Users\sippa\Desktop\photo_test - test run\poster_japan_new1.jpg  =>  C:\Users\sippa\Desktop\destination_folder_test\Photos\Unknown_Device\2012\08_August\poster_japan_new1.jpg
2026-04-24 10:45:04  INFO      core.mover  DRY   C:\Users\sippa\Desktop\photo_test - test run\poster_send gift.jpg  =>  C:\Users\sippa\Desktop\destination_folder_test\Photos\Unknown_Device\2012\10_October\poster_send gift.jpg
2026-04-24 10:45:04  INFO      core.mover  DRY   C:\Users\sippa\Desktop\photo_test - test run\Q11_55.jpg  =>  C:\Users\sippa\Desktop\destination_folder_test\Photos\Unknown_Device\2017\12_December\Q11_55.jpg
2026-04-24 10:45:04  INFO      core.mover  DRY   C:\Users\sippa\Desktop\photo_test - test run\QR-oom ziggaza.png  =>  C:\Users\sippa\Desktop\destination_folder_test\Photos\Unknown_Device\2012\10_October\QR-oom ziggaza.png
2026-04-24 10:45:04  INFO      core.mover  DRY   C:\Users\sippa\Desktop\photo_test - test run\Q_06_6.JPG  =>  C:\Users\sippa\Desktop\destination_folder_test\Photos\Panasonic GX85\2017\06_June\Q_06_6.JPG
2026-04-24 10:45:04  INFO      core.mover  DRY   C:\Users\sippa\Desktop\photo_test - test run\Q_06_8.JPG  =>  C:\Users\sippa\Desktop\destination_folder_test\Photos\Panasonic GX85\2017\06_June\Q_06_8.JPG
2026-04-24 10:45:04  INFO      core.mover  DRY   C:\Users\sippa\Desktop\photo_test - test run\Q_09_03.JPG  =>  C:\Users\sippa\Desktop\destination_folder_test\Photos\Panasonic GX85\2017\09_September\Q_09_03.JPG
2026-04-24 10:45:04  INFO      core.mover  DRY   C:\Users\sippa\Desktop\photo_test - test run\Q_12_07.JPG  =>  C:\Users\sippa\Desktop\destination_folder_test\Photos\Panasonic GX85\2017\12_December\Q_12_07.JPG
2026-04-24 10:45:04  INFO      core.mover  DRY   C:\Users\sippa\Desktop\photo_test - test run\Q_12_08.JPG  =>  C:\Users\sippa\Desktop\destination_folder_test\Photos\Panasonic GX85\2017\12_December\Q_12_08.JPG
2026-04-24 10:45:04  INFO      core.mover  DRY   C:\Users\sippa\Desktop\photo_test - test run\test_drum_nano.mp4  =>  C:\Users\sippa\Desktop\destination_folder_test\Videos\Unknown_Device\2021\07_July\test_drum_nano.mp4
2026-04-24 10:45:04  INFO      core.mover  DRY   C:\Users\sippa\Desktop\photo_test - test run\test_drum_nano_2.mp4  =>  C:\Users\sippa\Desktop\destination_folder_test\Videos\Unknown_Device\2021\07_July\test_drum_nano_2.mp4
2026-04-24 10:45:04  INFO      core.mover  DRY   C:\Users\sippa\Desktop\photo_test - test run\ticker.jpg  =>  C:\Users\sippa\Desktop\destination_folder_test\Photos\Sony NEX-5N\2013\04_April\ticker.jpg
2026-04-24 10:45:04  INFO      core.mover  DRY   C:\Users\sippa\Desktop\photo_test - test run\VID_165730512_193223_687.mp4  =>  C:\Users\sippa\Desktop\destination_folder_test\Videos\Unknown_Device\2019\11_November\VID_165730512_193223_687.mp4
2026-04-24 10:45:04  INFO      core.mover  DRY   C:\Users\sippa\Desktop\photo_test - test run\VID_92500220_085013_366.mp4  =>  C:\Users\sippa\Desktop\destination_folder_test\Videos\Unknown_Device\2019\08_August\VID_92500220_085013_366.mp4
2026-04-24 10:45:04  INFO      core.mover  DRY   C:\Users\sippa\Desktop\photo_test - test run\XPLB0292.JPG  =>  C:\Users\sippa\Desktop\destination_folder_test\Photos\Apple iPad mini 1G\2015\11_November\XPLB0292.JPG
2026-04-24 10:45:04  INFO      core.mover  DRY   C:\Users\sippa\Desktop\photo_test - test run\ziggaza_cover4-stamp.jpg  =>  C:\Users\sippa\Desktop\destination_folder_test\Photos\Unknown_Device\2014\02_February\ziggaza_cover4-stamp.jpg
2026-04-24 10:45:04  INFO      core.mover  DRY   C:\Users\sippa\Desktop\photo_test - test run\20221018 fence post\11218294-8ef0-481a-ae00-3fcc7e44b8c9.mp4  =>  C:\Users\sippa\Desktop\destination_folder_test\Videos\Unknown_Device\2022\10_October\11218294-8ef0-481a-ae00-3fcc7e44b8c9.mp4
2026-04-24 10:45:04  INFO      core.mover  DRY   C:\Users\sippa\Desktop\photo_test - test run\20221018 fence post\1220777.jpg  =>  C:\Users\sippa\Desktop\destination_folder_test\Photos\Unknown_Device\2022\10_October\1220777.jpg
2026-04-24 10:45:04  INFO      core.mover  DRY   C:\Users\sippa\Desktop\photo_test - test run\20221018 fence post\1222446.jpg  =>  C:\Users\sippa\Desktop\destination_folder_test\Photos\Unknown_Device\2022\10_October\1222446.jpg
2026-04-24 10:45:04  INFO      core.mover  DRY   C:\Users\sippa\Desktop\photo_test - test run\20221018 fence post\1_10.30.53.avi  =>  C:\Users\sippa\Desktop\destination_folder_test\Videos\Unknown_Device\2022\10_October\1_10.30.53.avi
2026-04-24 10:45:04  INFO      core.mover  DRY   C:\Users\sippa\Desktop\photo_test - test run\20221018 fence post\P2850539.JPG  =>  C:\Users\sippa\Desktop\destination_folder_test\Photos\Panasonic GX85\2022\09_September\P2850539.JPG
2026-04-24 10:45:04  INFO      core.mover  DRY   C:\Users\sippa\Desktop\photo_test - test run\20221018 fence post\P2910198.JPG  =>  C:\Users\sippa\Desktop\destination_folder_test\Photos\Panasonic GX85\2022\10_October\P2910198.JPG
2026-04-24 10:45:04  INFO      core.mover  DRY   C:\Users\sippa\Desktop\photo_test - test run\20221018 fence post\P2910199.JPG  =>  C:\Users\sippa\Desktop\destination_folder_test\Photos\Panasonic GX85\2022\10_October\P2910199.JPG
2026-04-24 10:45:04  INFO      core.mover  DRY   C:\Users\sippa\Desktop\photo_test - test run\20221018 fence post\P2940040.JPG  =>  C:\Users\sippa\Desktop\destination_folder_test\Photos\Panasonic GX85\2022\10_October\P2940040.JPG
2026-04-24 10:45:04  INFO      core.mover  DRY   C:\Users\sippa\Desktop\photo_test - test run\20221018 fence post\P2940069.JPG  =>  C:\Users\sippa\Desktop\destination_folder_test\Photos\Panasonic GX85\2022\10_October\P2940069.JPG
2026-04-24 10:45:04  INFO      core.mover  DRY   C:\Users\sippa\Desktop\photo_test - test run\20221018 fence post\P2940074.JPG  =>  C:\Users\sippa\Desktop\destination_folder_test\Photos\Panasonic GX85\2022\10_October\P2940074.JPG
2026-04-24 10:45:04  INFO      core.mover  DRY   C:\Users\sippa\Desktop\photo_test - test run\20221018 fence post\P2940113.JPG  =>  C:\Users\sippa\Desktop\destination_folder_test\Photos\Panasonic GX85\2022\10_October\P2940113.JPG
2026-04-24 10:45:04  INFO      core.mover  DRY   C:\Users\sippa\Desktop\photo_test - test run\20221018 fence post\P2940130.JPG  =>  C:\Users\sippa\Desktop\destination_folder_test\Photos\Panasonic GX85\2022\10_October\P2940130.JPG
2026-04-24 10:45:04  INFO      core.mover  DRY   C:\Users\sippa\Desktop\photo_test - test run\20221018 fence post\P2940404.JPG  =>  C:\Users\sippa\Desktop\destination_folder_test\Photos\Panasonic GX85\2022\10_October\P2940404.JPG
2026-04-24 10:45:04  INFO      core.mover  DRY   C:\Users\sippa\Desktop\photo_test - test run\20221018 fence post\P2940409.JPG  =>  C:\Users\sippa\Desktop\destination_folder_test\Photos\Panasonic GX85\2022\10_October\P2940409.JPG
2026-04-24 10:45:05  INFO      core.mover  DRY   C:\Users\sippa\Desktop\photo_test - test run\20221018 fence post\Untitled.mp4  =>  C:\Users\sippa\Desktop\destination_folder_test\Videos\Unknown_Device\2022\10_October\Untitled.mp4
2026-04-24 10:45:05  INFO      core.mover  DRY   C:\Users\sippa\Desktop\photo_test - test run\261_PANA\P2610449.MP4  =>  C:\Users\sippa\Desktop\destination_folder_test\Videos\Panasonic Lumix\2022\05_May\P2610449.MP4
2026-04-24 10:45:05  INFO      core.mover  DRY   C:\Users\sippa\Desktop\photo_test - test run\261_PANA\P2610457.JPG  =>  C:\Users\sippa\Desktop\destination_folder_test\Photos\Panasonic GX85\2022\05_May\P2610457.JPG
2026-04-24 10:45:05  INFO      core.mover  DRY   C:\Users\sippa\Desktop\photo_test - test run\261_PANA\P2610467.JPG  =>  C:\Users\sippa\Desktop\destination_folder_test\Photos\Panasonic GX85\2022\05_May\P2610467.JPG
2026-04-24 10:45:05  INFO      core.mover  DRY   C:\Users\sippa\Desktop\photo_test - test run\261_PANA\P2610477.JPG  =>  C:\Users\sippa\Desktop\destination_folder_test\Photos\Panasonic GX85\2022\05_May\P2610477.JPG
2026-04-24 10:45:05  INFO      core.mover  DRY   C:\Users\sippa\Desktop\photo_test - test run\261_PANA\P2610757.JPG  =>  C:\Users\sippa\Desktop\destination_folder_test\Photos\Panasonic GX85\2022\05_May\P2610757.JPG
2026-04-24 10:45:05  INFO      core.mover  DRY   C:\Users\sippa\Desktop\photo_test - test run\261_PANA\P2610763.JPG  =>  C:\Users\sippa\Desktop\destination_folder_test\Photos\Panasonic GX85\2022\05_May\P2610763.JPG
2026-04-24 10:45:05  INFO      core.mover  DRY   C:\Users\sippa\Desktop\photo_test - test run\261_PANA\P2610764.JPG  =>  C:\Users\sippa\Desktop\destination_folder_test\Photos\Panasonic GX85\2022\05_May\P2610764.JPG
2026-04-24 10:45:05  INFO      core.mover  DRY   C:\Users\sippa\Desktop\photo_test - test run\261_PANA\P2610781.JPG  =>  C:\Users\sippa\Desktop\destination_folder_test\Photos\Panasonic GX85\2022\05_May\P2610781.JPG
2026-04-24 10:45:05  INFO      core.mover  DRY   C:\Users\sippa\Desktop\photo_test - test run\324_PANA\P3240001.MP4  =>  C:\Users\sippa\Desktop\destination_folder_test\Videos\Panasonic Lumix\2023\04_April\P3240001.MP4
2026-04-24 10:45:05  INFO      core.mover  DRY   C:\Users\sippa\Desktop\photo_test - test run\324_PANA\P3240015.JPG  =>  C:\Users\sippa\Desktop\destination_folder_test\Photos\Panasonic GX85\2023\04_April\P3240015.JPG
2026-04-24 10:45:05  INFO      core.mover  DRY   C:\Users\sippa\Desktop\photo_test - test run\324_PANA\P3240020.JPG  =>  C:\Users\sippa\Desktop\destination_folder_test\Photos\Panasonic GX85\2023\04_April\P3240020.JPG
2026-04-24 10:45:05  INFO      core.mover  DRY   C:\Users\sippa\Desktop\photo_test - test run\324_PANA\P3240025.JPG  =>  C:\Users\sippa\Desktop\destination_folder_test\Photos\Panasonic GX85\2023\04_April\P3240025.JPG
2026-04-24 10:45:05  INFO      core.mover  DRY   C:\Users\sippa\Desktop\photo_test - test run\324_PANA\P3240026.JPG  =>  C:\Users\sippa\Desktop\destination_folder_test\Photos\Panasonic GX85\2023\04_April\P3240026.JPG
2026-04-24 10:45:05  INFO      core.mover  DRY   C:\Users\sippa\Desktop\photo_test - test run\324_PANA\P3240357.JPG  =>  C:\Users\sippa\Desktop\destination_folder_test\Photos\Panasonic GX85\2023\04_April\P3240357.JPG
2026-04-24 10:45:05  INFO      core.mover  DRY   C:\Users\sippa\Desktop\photo_test - test run\324_PANA\P3240366.JPG  =>  C:\Users\sippa\Desktop\destination_folder_test\Photos\Panasonic GX85\2023\04_April\P3240366.JPG
2026-04-24 10:45:05  INFO      core.mover  DRY   C:\Users\sippa\Desktop\photo_test - test run\324_PANA\P3240715.JPG  =>  C:\Users\sippa\Desktop\destination_folder_test\Photos\Panasonic GX85\2023\04_April\P3240715.JPG
2026-04-24 10:45:05  INFO      core.mover  DRY   C:\Users\sippa\Desktop\photo_test - test run\324_PANA\P3240716.JPG  =>  C:\Users\sippa\Desktop\destination_folder_test\Photos\Panasonic GX85\2023\04_April\P3240716.JPG
2026-04-24 10:45:05  INFO      core.mover  DRY   C:\Users\sippa\Desktop\photo_test - test run\324_PANA\P3240854.JPG  =>  C:\Users\sippa\Desktop\destination_folder_test\Photos\Panasonic GX85\2023\04_April\P3240854.JPG
2026-04-24 10:45:05  INFO      core.mover  DRY   C:\Users\sippa\Desktop\photo_test - test run\324_PANA\P3240856.JPG  =>  C:\Users\sippa\Desktop\destination_folder_test\Photos\Panasonic GX85\2023\04_April\P3240856.JPG
2026-04-24 10:45:05  INFO      core.mover  DRY   C:\Users\sippa\Desktop\photo_test - test run\407_PANA\P4070462.MP4  =>  C:\Users\sippa\Desktop\destination_folder_test\Videos\Panasonic Lumix\2025\11_November\P4070462.MP4
2026-04-24 10:45:05  INFO      core.mover  DRY   C:\Users\sippa\Desktop\photo_test - test run\407_PANA\P4070475.JPG  =>  C:\Users\sippa\Desktop\destination_folder_test\Photos\Panasonic GX85\2025\11_November\P4070475.JPG
2026-04-24 10:45:05  INFO      core.mover  DRY   C:\Users\sippa\Desktop\photo_test - test run\407_PANA\P4070485.JPG  =>  C:\Users\sippa\Desktop\destination_folder_test\Photos\Panasonic GX85\2025\11_November\P4070485.JPG
2026-04-24 10:45:05  INFO      core.mover  DRY   C:\Users\sippa\Desktop\photo_test - test run\407_PANA\P4070494.JPG  =>  C:\Users\sippa\Desktop\destination_folder_test\Photos\Panasonic GX85\2025\11_November\P4070494.JPG
2026-04-24 10:45:05  INFO      core.mover  DRY   C:\Users\sippa\Desktop\photo_test - test run\407_PANA\P4070495.JPG  =>  C:\Users\sippa\Desktop\destination_folder_test\Photos\Panasonic GX85\2025\11_November\P4070495.JPG
2026-04-24 10:45:05  INFO      core.mover  DRY   C:\Users\sippa\Desktop\photo_test - test run\407_PANA\P4070505.JPG  =>  C:\Users\sippa\Desktop\destination_folder_test\Photos\Panasonic GX85\2025\11_November\P4070505.JPG
2026-04-24 10:45:05  INFO      core.mover  DRY   C:\Users\sippa\Desktop\photo_test - test run\407_PANA\P4070506.JPG  =>  C:\Users\sippa\Desktop\destination_folder_test\Photos\Panasonic GX85\2025\11_November\P4070506.JPG
2026-04-24 10:45:05  INFO      core.mover  DRY   C:\Users\sippa\Desktop\photo_test - test run\407_PANA\P4070625.JPG  =>  C:\Users\sippa\Desktop\destination_folder_test\Photos\Panasonic GX85\2025\11_November\P4070625.JPG
2026-04-24 10:45:05  INFO      core.mover  DRY   C:\Users\sippa\Desktop\photo_test - test run\407_PANA\P4070627.JPG  =>  C:\Users\sippa\Desktop\destination_folder_test\Photos\Panasonic GX85\2025\11_November\P4070627.JPG
2026-04-24 10:45:05  INFO      core.mover  DRY   C:\Users\sippa\Desktop\photo_test - test run\407_PANA\P4070766.JPG  =>  C:\Users\sippa\Desktop\destination_folder_test\Photos\Panasonic GX85\2025\11_November\P4070766.JPG
2026-04-24 10:45:05  INFO      core.mover  DRY   C:\Users\sippa\Desktop\photo_test - test run\407_PANA\P4070768.JPG  =>  C:\Users\sippa\Desktop\destination_folder_test\Photos\Panasonic GX85\2025\11_November\P4070768.JPG
2026-04-24 10:45:05  INFO      core.mover  DRY   C:\Users\sippa\Desktop\photo_test - test run\Pyjamas\P2560373.JPG  =>  C:\Users\sippa\Desktop\destination_folder_test\Photos\Panasonic GX85\2022\02_February\P2560373.JPG
2026-04-24 10:45:05  INFO      core.mover  DRY   C:\Users\sippa\Desktop\photo_test - test run\Pyjamas\P2560374.JPG  =>  C:\Users\sippa\Desktop\destination_folder_test\Photos\Panasonic GX85\2022\02_February\P2560374.JPG
2026-04-24 10:45:05  INFO      core.mover  DRY   C:\Users\sippa\Desktop\photo_test - test run\Pyjamas\P2560375.JPG  =>  C:\Users\sippa\Desktop\destination_folder_test\Photos\Panasonic GX85\2022\02_February\P2560375.JPG
2026-04-24 10:45:05  INFO      core.mover  DRY   C:\Users\sippa\Desktop\photo_test - test run\Pyjamas\P2560380.JPG  =>  C:\Users\sippa\Desktop\destination_folder_test\Photos\Panasonic GX85\2022\02_February\P2560380.JPG
2026-04-24 10:45:05  INFO      core.mover  DRY   C:\Users\sippa\Desktop\photo_test - test run\Pyjamas\P2560382.JPG  =>  C:\Users\sippa\Desktop\destination_folder_test\Photos\Panasonic GX85\2022\02_February\P2560382.JPG
2026-04-24 10:45:05  INFO      core.mover  DRY   C:\Users\sippa\Desktop\photo_test - test run\Pyjamas\P2560383.JPG  =>  C:\Users\sippa\Desktop\destination_folder_test\Photos\Panasonic GX85\2022\02_February\P2560383.JPG
2026-04-24 10:45:05  INFO      core.mover  DRY   C:\Users\sippa\Desktop\photo_test - test run\Pyjamas\P2560393.JPG  =>  C:\Users\sippa\Desktop\destination_folder_test\Photos\Panasonic GX85\2022\02_February\P2560393.JPG
2026-04-24 10:45:05  INFO      core.mover  Done. moved=370 dupes=0 resumed=0 errors=0 elapsed=2.9s @ 125.9 files/s
2026-04-24 10:45:31  WARNING   exifread  PNG file does not have exif data.
2026-04-24 10:45:31  WARNING   exifread  PNG file does not have exif data.
2026-04-24 10:45:31  WARNING   exifread  PNG file does not have exif data.
2026-04-24 10:45:31  INFO      core.mover  MOVE  C:\Users\sippa\Desktop\photo_test - test run\00003.MTS  =>  C:\Users\sippa\Desktop\destination_folder_test\Videos\Sony AVCHD\2019\08_August\00003.MTS
2026-04-24 10:45:31  INFO      core.mover  MOVE  C:\Users\sippa\Desktop\photo_test - test run\00013.MTS  =>  C:\Users\sippa\Desktop\destination_folder_test\Videos\Sony AVCHD\2014\06_June\00013.MTS
2026-04-24 10:45:31  INFO      core.mover  MOVE  C:\Users\sippa\Desktop\photo_test - test run\00073.MTS  =>  C:\Users\sippa\Desktop\destination_folder_test\Videos\Sony AVCHD\2018\09_September\00073.MTS
2026-04-24 10:45:31  INFO      core.mover  MOVE  C:\Users\sippa\Desktop\photo_test - test run\00074.MTS  =>  C:\Users\sippa\Desktop\destination_folder_test\Videos\Sony AVCHD\2018\09_September\00074.MTS
2026-04-24 10:45:31  INFO      core.mover  MOVE  C:\Users\sippa\Desktop\photo_test - test run\00081.MTS  =>  C:\Users\sippa\Desktop\destination_folder_test\Videos\Sony AVCHD\2018\09_September\00081.MTS
2026-04-24 10:45:31  INFO      core.mover  MOVE  C:\Users\sippa\Desktop\photo_test - test run\1505891619099.jpg  =>  C:\Users\sippa\Desktop\destination_folder_test\Photos\Unknown_Device\2017\12_December\1505891619099.jpg
2026-04-24 10:45:31  INFO      core.mover  MOVE  C:\Users\sippa\Desktop\photo_test - test run\1507032871478.jpg  =>  C:\Users\sippa\Desktop\destination_folder_test\Photos\Unknown_Device\2017\12_December\1507032871478.jpg
2026-04-24 10:45:31  INFO      core.mover  MOVE  C:\Users\sippa\Desktop\photo_test - test run\1509169149018_fact_1.jpg  =>  C:\Users\sippa\Desktop\destination_folder_test\Photos\Unknown_Device\2017\10_October\1509169149018_fact_1.jpg
2026-04-24 10:45:31  INFO      core.mover  MOVE  C:\Users\sippa\Desktop\photo_test - test run\1548945374710_fact_1.jpg  =>  C:\Users\sippa\Desktop\destination_folder_test\Photos\Unknown_Device\2019\01_January\1548945374710_fact_1.jpg
2026-04-24 10:45:31  INFO      core.mover  MOVE  C:\Users\sippa\Desktop\photo_test - test run\20151219_155545.jpg  =>  C:\Users\sippa\Desktop\destination_folder_test\Photos\Samsung Galaxy Note 4\2015\12_December\20151219_155545.jpg
2026-04-24 10:45:31  INFO      core.mover  MOVE  C:\Users\sippa\Desktop\photo_test - test run\20160530_195932.jpg  =>  C:\Users\sippa\Desktop\destination_folder_test\Photos\Samsung Galaxy Note 4\2016\05_May\20160530_195932.jpg
2026-04-24 10:45:31  INFO      core.mover  MOVE  C:\Users\sippa\Desktop\photo_test - test run\20170828_192518.jpg  =>  C:\Users\sippa\Desktop\destination_folder_test\Photos\Samsung Galaxy Note 4\2017\08_August\20170828_192518.jpg
2026-04-24 10:45:31  INFO      core.mover  MOVE  C:\Users\sippa\Desktop\photo_test - test run\20170828_222242.jpg  =>  C:\Users\sippa\Desktop\destination_folder_test\Photos\Samsung Galaxy Note 4\2017\08_August\20170828_222242.jpg
2026-04-24 10:45:31  INFO      core.mover  MOVE  C:\Users\sippa\Desktop\photo_test - test run\20170903_163928.jpg  =>  C:\Users\sippa\Desktop\destination_folder_test\Photos\Samsung Galaxy Note 4\2017\09_September\20170903_163928.jpg
2026-04-24 10:45:31  INFO      core.mover  MOVE  C:\Users\sippa\Desktop\photo_test - test run\20170903_194250.jpg  =>  C:\Users\sippa\Desktop\destination_folder_test\Photos\Samsung Galaxy Note 4\2017\09_September\20170903_194250.jpg
2026-04-24 10:45:31  INFO      core.mover  MOVE  C:\Users\sippa\Desktop\photo_test - test run\20170903_194254.jpg  =>  C:\Users\sippa\Desktop\destination_folder_test\Photos\Samsung Galaxy Note 4\2017\09_September\20170903_194254.jpg
2026-04-24 10:45:31  INFO      core.mover  MOVE  C:\Users\sippa\Desktop\photo_test - test run\20170909_182011.jpg  =>  C:\Users\sippa\Desktop\destination_folder_test\Photos\Samsung Galaxy Note 4\2017\09_September\20170909_182011.jpg
2026-04-24 10:45:31  INFO      core.mover  MOVE  C:\Users\sippa\Desktop\photo_test - test run\20170909_182016.jpg  =>  C:\Users\sippa\Desktop\destination_folder_test\Photos\Samsung Galaxy Note 4\2017\09_September\20170909_182016.jpg
2026-04-24 10:45:31  INFO      core.mover  MOVE  C:\Users\sippa\Desktop\photo_test - test run\20170910_134231.jpg  =>  C:\Users\sippa\Desktop\destination_folder_test\Photos\Samsung Galaxy Note 4\2017\09_September\20170910_134231.jpg
2026-04-24 10:45:31  INFO      core.mover  MOVE  C:\Users\sippa\Desktop\photo_test - test run\20170913_193231.jpg  =>  C:\Users\sippa\Desktop\destination_folder_test\Photos\Samsung Galaxy Note 4\2017\09_September\20170913_193231.jpg
2026-04-24 10:45:31  INFO      core.mover  MOVE  C:\Users\sippa\Desktop\photo_test - test run\20170913_193722.jpg  =>  C:\Users\sippa\Desktop\destination_folder_test\Photos\Samsung Galaxy Note 4\2017\09_September\20170913_193722.jpg
2026-04-24 10:45:31  INFO      core.mover  MOVE  C:\Users\sippa\Desktop\photo_test - test run\20170914_082221.jpg  =>  C:\Users\sippa\Desktop\destination_folder_test\Photos\Samsung Galaxy Note 4\2017\09_September\20170914_082221.jpg
2026-04-24 10:45:31  INFO      core.mover  MOVE  C:\Users\sippa\Desktop\photo_test - test run\20170918_210731.jpg  =>  C:\Users\sippa\Desktop\destination_folder_test\Photos\Samsung Galaxy Note 4\2017\09_September\20170918_210731.jpg
2026-04-24 10:45:31  INFO      core.mover  MOVE  C:\Users\sippa\Desktop\photo_test - test run\20170920_091921.jpg  =>  C:\Users\sippa\Desktop\destination_folder_test\Photos\Samsung Galaxy Note 4\2017\09_September\20170920_091921.jpg
2026-04-24 10:45:31  INFO      core.mover  MOVE  C:\Users\sippa\Desktop\photo_test - test run\20170920_183506.jpg  =>  C:\Users\sippa\Desktop\destination_folder_test\Photos\Samsung Galaxy Note 4\2017\09_September\20170920_183506.jpg
2026-04-24 10:45:31  INFO      core.mover  MOVE  C:\Users\sippa\Desktop\photo_test - test run\20170922_070834.jpg  =>  C:\Users\sippa\Desktop\destination_folder_test\Photos\Samsung Galaxy Note 4\2017\09_September\20170922_070834.jpg
2026-04-24 10:45:31  INFO      core.mover  MOVE  C:\Users\sippa\Desktop\photo_test - test run\20171214_232725.jpg  =>  C:\Users\sippa\Desktop\destination_folder_test\Photos\Samsung Galaxy Note 8\2017\12_December\20171214_232725.jpg
2026-04-24 10:45:31  INFO      core.mover  MOVE  C:\Users\sippa\Desktop\photo_test - test run\20171215_084609.jpg  =>  C:\Users\sippa\Desktop\destination_folder_test\Photos\Samsung Galaxy Note 8\2017\12_December\20171215_084609.jpg
2026-04-24 10:45:31  INFO      core.mover  MOVE  C:\Users\sippa\Desktop\photo_test - test run\20171215_131459.jpg  =>  C:\Users\sippa\Desktop\destination_folder_test\Photos\Samsung Galaxy Note 8\2017\12_December\20171215_131459.jpg
2026-04-24 10:45:31  INFO      core.mover  MOVE  C:\Users\sippa\Desktop\photo_test - test run\20171216_075334.jpg  =>  C:\Users\sippa\Desktop\destination_folder_test\Photos\Samsung Galaxy Note 8\2017\12_December\20171216_075334.jpg
2026-04-24 10:45:31  INFO      core.mover  MOVE  C:\Users\sippa\Desktop\photo_test - test run\20180106_131509.jpg  =>  C:\Users\sippa\Desktop\destination_folder_test\Photos\Samsung Galaxy Note 8\2018\01_January\20180106_131509.jpg
2026-04-24 10:45:31  INFO      core.mover  MOVE  C:\Users\sippa\Desktop\photo_test - test run\20180107_163817.jpg  =>  C:\Users\sippa\Desktop\destination_folder_test\Photos\Samsung Galaxy Note 8\2018\01_January\20180107_163817.jpg
2026-04-24 10:45:31  INFO      core.mover  MOVE  C:\Users\sippa\Desktop\photo_test - test run\20180108_094914.jpg  =>  C:\Users\sippa\Desktop\destination_folder_test\Photos\Samsung Galaxy Note 8\2018\01_January\20180108_094914.jpg
2026-04-24 10:45:31  INFO      core.mover  MOVE  C:\Users\sippa\Desktop\photo_test - test run\20180108_094916.jpg  =>  C:\Users\sippa\Desktop\destination_folder_test\Photos\Samsung Galaxy Note 8\2018\01_January\20180108_094916.jpg
2026-04-24 10:45:31  INFO      core.mover  MOVE  C:\Users\sippa\Desktop\photo_test - test run\20180112_185251.jpg  =>  C:\Users\sippa\Desktop\destination_folder_test\Photos\Samsung Galaxy Note 8\2018\01_January\20180112_185251.jpg
2026-04-24 10:45:31  INFO      core.mover  MOVE  C:\Users\sippa\Desktop\photo_test - test run\20180120_125333.jpg  =>  C:\Users\sippa\Desktop\destination_folder_test\Photos\Samsung Galaxy Note 8\2018\01_January\20180120_125333.jpg
2026-04-24 10:45:31  INFO      core.mover  MOVE  C:\Users\sippa\Desktop\photo_test - test run\20180120_125336.jpg  =>  C:\Users\sippa\Desktop\destination_folder_test\Photos\Samsung Galaxy Note 8\2018\01_January\20180120_125336.jpg
2026-04-24 10:45:31  INFO      core.mover  MOVE  C:\Users\sippa\Desktop\photo_test - test run\20180304_182410.mp4  =>  C:\Users\sippa\Desktop\destination_folder_test\Videos\Android Camera\2018\03_March\20180304_182410.mp4
2026-04-24 10:45:32  INFO      core.mover  MOVE  C:\Users\sippa\Desktop\photo_test - test run\20180310_175705.mp4  =>  C:\Users\sippa\Desktop\destination_folder_test\Videos\Android Camera\2018\03_March\20180310_175705.mp4
2026-04-24 10:45:32  INFO      core.mover  MOVE  C:\Users\sippa\Desktop\photo_test - test run\20190131_075907.jpg  =>  C:\Users\sippa\Desktop\destination_folder_test\Photos\samsung SM-G950F\2019\01_January\20190131_075907.jpg
2026-04-24 10:45:32  INFO      core.mover  MOVE  C:\Users\sippa\Desktop\photo_test - test run\20190201_135857.jpg  =>  C:\Users\sippa\Desktop\destination_folder_test\Photos\samsung SM-G950F\2019\02_February\20190201_135857.jpg
2026-04-24 10:45:32  INFO      core.mover  MOVE  C:\Users\sippa\Desktop\photo_test - test run\20190206_172621.jpg  =>  C:\Users\sippa\Desktop\destination_folder_test\Photos\samsung SM-G950F\2019\02_February\20190206_172621.jpg
2026-04-24 10:45:32  INFO      core.mover  MOVE  C:\Users\sippa\Desktop\photo_test - test run\20190208_172441.jpg  =>  C:\Users\sippa\Desktop\destination_folder_test\Photos\samsung SM-G950F\2019\02_February\20190208_172441.jpg
2026-04-24 10:45:32  INFO      core.mover  MOVE  C:\Users\sippa\Desktop\photo_test - test run\20190214_161930.jpg  =>  C:\Users\sippa\Desktop\destination_folder_test\Photos\samsung SM-G950F\2019\02_February\20190214_161930.jpg
2026-04-24 10:45:32  INFO      core.mover  MOVE  C:\Users\sippa\Desktop\photo_test - test run\20190228_131541.mp4  =>  C:\Users\sippa\Desktop\destination_folder_test\Videos\Android Camera\2019\02_February\20190228_131541.mp4
2026-04-24 10:45:32  INFO      core.mover  MOVE  C:\Users\sippa\Desktop\photo_test - test run\20190420_153005.jpg  =>  C:\Users\sippa\Desktop\destination_folder_test\Photos\samsung SM-G950F\2019\04_April\20190420_153005.jpg
2026-04-24 10:45:32  INFO      core.mover  MOVE  C:\Users\sippa\Desktop\photo_test - test run\20190420_153007.jpg  =>  C:\Users\sippa\Desktop\destination_folder_test\Photos\samsung SM-G950F\2019\04_April\20190420_153007.jpg
2026-04-24 10:45:32  INFO      core.mover  MOVE  C:\Users\sippa\Desktop\photo_test - test run\20190420_181427.mp4  =>  C:\Users\sippa\Desktop\destination_folder_test\Videos\Android Camera\2019\04_April\20190420_181427.mp4
2026-04-24 10:45:32  INFO      core.mover  MOVE  C:\Users\sippa\Desktop\photo_test - test run\20190422_105910.jpg  =>  C:\Users\sippa\Desktop\destination_folder_test\Photos\samsung SM-G950F\2019\04_April\20190422_105910.jpg
2026-04-24 10:45:32  INFO      core.mover  MOVE  C:\Users\sippa\Desktop\photo_test - test run\20190422_105913.jpg  =>  C:\Users\sippa\Desktop\destination_folder_test\Photos\samsung SM-G950F\2019\04_April\20190422_105913.jpg
2026-04-24 10:45:32  INFO      core.mover  MOVE  C:\Users\sippa\Desktop\photo_test - test run\20190424_134215.jpg  =>  C:\Users\sippa\Desktop\destination_folder_test\Photos\samsung SM-G950F\2019\04_April\20190424_134215.jpg
2026-04-24 10:45:32  INFO      core.mover  MOVE  C:\Users\sippa\Desktop\photo_test - test run\20190425_154405.jpg  =>  C:\Users\sippa\Desktop\destination_folder_test\Photos\samsung SM-G950F\2019\04_April\20190425_154405.jpg
2026-04-24 10:45:32  INFO      core.mover  MOVE  C:\Users\sippa\Desktop\photo_test - test run\20190625_170010.jpg  =>  C:\Users\sippa\Desktop\destination_folder_test\Photos\samsung SM-G950F\2019\06_June\20190625_170010.jpg
2026-04-24 10:45:32  INFO      core.mover  MOVE  C:\Users\sippa\Desktop\photo_test - test run\20190708_080120.jpg  =>  C:\Users\sippa\Desktop\destination_folder_test\Photos\samsung SM-G950F\2019\07_July\20190708_080120.jpg
2026-04-24 10:45:32  INFO      core.mover  MOVE  C:\Users\sippa\Desktop\photo_test - test run\20190712_071652.jpg  =>  C:\Users\sippa\Desktop\destination_folder_test\Photos\samsung SM-G950F\2019\07_July\20190712_071652.jpg
2026-04-24 10:45:32  INFO      core.mover  MOVE  C:\Users\sippa\Desktop\photo_test - test run\20190718_081459.mp4  =>  C:\Users\sippa\Desktop\destination_folder_test\Videos\Android Camera\2019\07_July\20190718_081459.mp4
2026-04-24 10:45:32  INFO      core.mover  MOVE  C:\Users\sippa\Desktop\photo_test - test run\20190722_122434.jpg  =>  C:\Users\sippa\Desktop\destination_folder_test\Photos\samsung SM-G950F\2019\07_July\20190722_122434.jpg
2026-04-24 10:45:32  INFO      core.mover  MOVE  C:\Users\sippa\Desktop\photo_test - test run\20190723_075510.jpg  =>  C:\Users\sippa\Desktop\destination_folder_test\Photos\samsung SM-G950F\2019\07_July\20190723_075510.jpg
2026-04-24 10:45:32  INFO      core.mover  MOVE  C:\Users\sippa\Desktop\photo_test - test run\20190723_221645.mp4  =>  C:\Users\sippa\Desktop\destination_folder_test\Videos\Android Camera\2019\07_July\20190723_221645.mp4
2026-04-24 10:45:32  INFO      core.mover  MOVE  C:\Users\sippa\Desktop\photo_test - test run\20190728_075803.mp4  =>  C:\Users\sippa\Desktop\destination_folder_test\Videos\Android Camera\2019\07_July\20190728_075803.mp4
2026-04-24 10:45:32  INFO      core.mover  MOVE  C:\Users\sippa\Desktop\photo_test - test run\20200213_094515.mp4  =>  C:\Users\sippa\Desktop\destination_folder_test\Videos\Android Camera\2020\02_February\20200213_094515.mp4
2026-04-24 10:45:32  INFO      core.mover  MOVE  C:\Users\sippa\Desktop\photo_test - test run\20200227_081540.mp4  =>  C:\Users\sippa\Desktop\destination_folder_test\Videos\Android Camera\2020\02_February\20200227_081540.mp4
2026-04-24 10:45:32  INFO      core.mover  MOVE  C:\Users\sippa\Desktop\photo_test - test run\20200624_193426.mp4  =>  C:\Users\sippa\Desktop\destination_folder_test\Videos\Android Camera\2020\06_June\20200624_193426.mp4
2026-04-24 10:45:32  INFO      core.mover  MOVE  C:\Users\sippa\Desktop\photo_test - test run\20230730_170149.jpg  =>  C:\Users\sippa\Desktop\destination_folder_test\Photos\Samsung Galaxy Note 8\2023\07_July\20230730_170149.jpg
2026-04-24 10:45:32  INFO      core.mover  MOVE  C:\Users\sippa\Desktop\photo_test - test run\20230730_174024.jpg  =>  C:\Users\sippa\Desktop\destination_folder_test\Photos\Samsung Galaxy Note 8\2023\07_July\20230730_174024.jpg
2026-04-24 10:45:32  INFO      core.mover  MOVE  C:\Users\sippa\Desktop\photo_test - test run\20230730_174030.jpg  =>  C:\Users\sippa\Desktop\destination_folder_test\Photos\Samsung Galaxy Note 8\2023\07_July\20230730_174030.jpg
2026-04-24 10:45:32  INFO      core.mover  MOVE  C:\Users\sippa\Desktop\photo_test - test run\20230731_172322.mp4  =>  C:\Users\sippa\Desktop\destination_folder_test\Videos\Android Camera\2023\07_July\20230731_172322.mp4
2026-04-24 10:45:32  INFO      core.mover  MOVE  C:\Users\sippa\Desktop\photo_test - test run\20260306_070840.jpg  =>  C:\Users\sippa\Desktop\destination_folder_test\Photos\Samsung Galaxy S25 Ultra\2026\03_March\20260306_070840.jpg
2026-04-24 10:45:32  INFO      core.mover  MOVE  C:\Users\sippa\Desktop\photo_test - test run\20260306_070844.jpg  =>  C:\Users\sippa\Desktop\destination_folder_test\Photos\Samsung Galaxy S25 Ultra\2026\03_March\20260306_070844.jpg
2026-04-24 10:45:33  INFO      core.mover  MOVE  C:\Users\sippa\Desktop\photo_test - test run\20260306_082037.jpg  =>  C:\Users\sippa\Desktop\destination_folder_test\Photos\Samsung Galaxy S25 Ultra\2026\03_March\20260306_082037.jpg
2026-04-24 10:45:33  INFO      core.mover  MOVE  C:\Users\sippa\Desktop\photo_test - test run\20260306_082039.jpg  =>  C:\Users\sippa\Desktop\destination_folder_test\Photos\Samsung Galaxy S25 Ultra\2026\03_March\20260306_082039.jpg
2026-04-24 10:45:33  INFO      core.mover  MOVE  C:\Users\sippa\Desktop\photo_test - test run\20260306_132126.jpg  =>  C:\Users\sippa\Desktop\destination_folder_test\Photos\Samsung Galaxy S25 Ultra\2026\03_March\20260306_132126.jpg
2026-04-24 10:45:33  INFO      core.mover  MOVE  C:\Users\sippa\Desktop\photo_test - test run\20260306_132128.jpg  =>  C:\Users\sippa\Desktop\destination_folder_test\Photos\Samsung Galaxy S25 Ultra\2026\03_March\20260306_132128.jpg
2026-04-24 10:45:33  INFO      core.mover  MOVE  C:\Users\sippa\Desktop\photo_test - test run\A7I07804.JPG  =>  C:\Users\sippa\Desktop\destination_folder_test\Photos\Sony A7 II\2022\12_December\A7I07804.JPG
2026-04-24 10:45:33  INFO      core.mover  MOVE  C:\Users\sippa\Desktop\photo_test - test run\A7I07823.JPG  =>  C:\Users\sippa\Desktop\destination_folder_test\Photos\Sony A7 II\2022\12_December\A7I07823.JPG
2026-04-24 10:45:33  INFO      core.mover  MOVE  C:\Users\sippa\Desktop\photo_test - test run\A7I07826.JPG  =>  C:\Users\sippa\Desktop\destination_folder_test\Photos\Sony A7 II\2022\12_December\A7I07826.JPG
2026-04-24 10:45:33  INFO      core.mover  MOVE  C:\Users\sippa\Desktop\photo_test - test run\A7I07833.JPG  =>  C:\Users\sippa\Desktop\destination_folder_test\Photos\Sony A7 II\2022\12_December\A7I07833.JPG
2026-04-24 10:45:33  INFO      core.mover  MOVE  C:\Users\sippa\Desktop\photo_test - test run\A7I07835.JPG  =>  C:\Users\sippa\Desktop\destination_folder_test\Photos\Sony A7 II\2022\12_December\A7I07835.JPG
2026-04-24 10:45:33  INFO      core.mover  MOVE  C:\Users\sippa\Desktop\photo_test - test run\A7I07989.JPG  =>  C:\Users\sippa\Desktop\destination_folder_test\Photos\Sony A7 II\2022\12_December\A7I07989.JPG
2026-04-24 10:45:33  INFO      core.mover  MOVE  C:\Users\sippa\Desktop\photo_test - test run\C0322.MP4  =>  C:\Users\sippa\Desktop\destination_folder_test\Videos\Panasonic Lumix\2020\09_September\C0322.MP4
2026-04-24 10:45:33  INFO      core.mover  MOVE  C:\Users\sippa\Desktop\photo_test - test run\C0526.MP4  =>  C:\Users\sippa\Desktop\destination_folder_test\Videos\Panasonic Lumix\2020\12_December\C0526.MP4
2026-04-24 10:45:33  INFO      core.mover  MOVE  C:\Users\sippa\Desktop\photo_test - test run\C1640.MP4  =>  C:\Users\sippa\Desktop\destination_folder_test\Videos\Panasonic Lumix\2022\10_October\C1640.MP4
2026-04-24 10:45:33  INFO      core.mover  MOVE  C:\Users\sippa\Desktop\photo_test - test run\capture_29.png  =>  C:\Users\sippa\Desktop\destination_folder_test\Photos\Unknown_Device\2012\03_March\capture_29.png
2026-04-24 10:45:33  INFO      core.mover  MOVE  C:\Users\sippa\Desktop\photo_test - test run\complete_ver2_youtube.avi  =>  C:\Users\sippa\Desktop\destination_folder_test\Videos\Unknown_Device\2016\03_March\complete_ver2_youtube.avi
2026-04-24 10:45:33  INFO      core.mover  MOVE  C:\Users\sippa\Desktop\photo_test - test run\DJI_0890.JPG  =>  C:\Users\sippa\Desktop\destination_folder_test\Photos\DJI Spark\2020\12_December\DJI_0890.JPG
2026-04-24 10:45:33  INFO      core.mover  MOVE  C:\Users\sippa\Desktop\photo_test - test run\DJI_0891.JPG  =>  C:\Users\sippa\Desktop\destination_folder_test\Photos\DJI Spark\2020\12_December\DJI_0891.JPG
2026-04-24 10:45:33  INFO      core.mover  MOVE  C:\Users\sippa\Desktop\photo_test - test run\DJI_0892.JPG  =>  C:\Users\sippa\Desktop\destination_folder_test\Photos\DJI Spark\2020\12_December\DJI_0892.JPG
2026-04-24 10:45:33  INFO      core.mover  MOVE  C:\Users\sippa\Desktop\photo_test - test run\DJI_0914.MP4  =>  C:\Users\sippa\Desktop\destination_folder_test\Videos\DJI Drone\2021\01_January\DJI_0914.MP4
2026-04-24 10:45:33  INFO      core.mover  MOVE  C:\Users\sippa\Desktop\photo_test - test run\DJI_0959.JPG  =>  C:\Users\sippa\Desktop\destination_folder_test\Photos\DJI Spark\2023\01_January\DJI_0959.JPG
2026-04-24 10:45:33  INFO      core.mover  MOVE  C:\Users\sippa\Desktop\photo_test - test run\DJI_1292.MP4  =>  C:\Users\sippa\Desktop\destination_folder_test\Videos\DJI Drone\2026\04_April\DJI_1292.MP4
2026-04-24 10:45:33  INFO      core.mover  MOVE  C:\Users\sippa\Desktop\photo_test - test run\DJI_1295.JPG  =>  C:\Users\sippa\Desktop\destination_folder_test\Photos\DJI Spark\2026\04_April\DJI_1295.JPG
2026-04-24 10:45:33  INFO      core.mover  MOVE  C:\Users\sippa\Desktop\photo_test - test run\DJI_1296.JPG  =>  C:\Users\sippa\Desktop\destination_folder_test\Photos\DJI Spark\2026\04_April\DJI_1296.JPG
2026-04-24 10:45:33  INFO      core.mover  MOVE  C:\Users\sippa\Desktop\photo_test - test run\DSC00526.JPG  =>  C:\Users\sippa\Desktop\destination_folder_test\Photos\SONY ILCE-5000\2015\01_January\DSC00526.JPG
2026-04-24 10:45:33  INFO      core.mover  MOVE  C:\Users\sippa\Desktop\photo_test - test run\DSC00560.JPG  =>  C:\Users\sippa\Desktop\destination_folder_test\Photos\SONY ILCE-5000\2015\01_January\DSC00560.JPG
2026-04-24 10:45:33  INFO      core.mover  MOVE  C:\Users\sippa\Desktop\photo_test - test run\DSC00570.JPG  =>  C:\Users\sippa\Desktop\destination_folder_test\Photos\SONY ILCE-5000\2015\01_January\DSC00570.JPG
2026-04-24 10:45:33  INFO      core.mover  MOVE  C:\Users\sippa\Desktop\photo_test - test run\DSC00619.JPG  =>  C:\Users\sippa\Desktop\destination_folder_test\Photos\SONY ILCE-5000\2015\01_January\DSC00619.JPG
2026-04-24 10:45:33  INFO      core.mover  MOVE  C:\Users\sippa\Desktop\photo_test - test run\DSC00670.JPG  =>  C:\Users\sippa\Desktop\destination_folder_test\Photos\SONY ILCE-5000\2015\01_January\DSC00670.JPG
2026-04-24 10:45:33  INFO      core.mover  MOVE  C:\Users\sippa\Desktop\photo_test - test run\DSC02383.JPG  =>  C:\Users\sippa\Desktop\destination_folder_test\Photos\Sony FDR-AX33\2023\04_April\DSC02383.JPG
2026-04-24 10:45:33  INFO      core.mover  MOVE  C:\Users\sippa\Desktop\photo_test - test run\DSC02403.JPG  =>  C:\Users\sippa\Desktop\destination_folder_test\Photos\Sony FDR-AX33\2023\04_April\DSC02403.JPG
2026-04-24 10:45:33  INFO      core.mover  MOVE  C:\Users\sippa\Desktop\photo_test - test run\DSC02427.JPG  =>  C:\Users\sippa\Desktop\destination_folder_test\Photos\Sony FDR-AX33\2023\04_April\DSC02427.JPG
2026-04-24 10:45:33  INFO      core.mover  MOVE  C:\Users\sippa\Desktop\photo_test - test run\DSC02447.JPG  =>  C:\Users\sippa\Desktop\destination_folder_test\Photos\Sony FDR-AX33\2023\04_April\DSC02447.JPG
2026-04-24 10:45:33  INFO      core.mover  MOVE  C:\Users\sippa\Desktop\photo_test - test run\DSC02460.JPG  =>  C:\Users\sippa\Desktop\destination_folder_test\Photos\Sony FDR-AX33\2023\04_April\DSC02460.JPG
2026-04-24 10:45:33  INFO      core.mover  MOVE  C:\Users\sippa\Desktop\photo_test - test run\DSC02462.JPG  =>  C:\Users\sippa\Desktop\destination_folder_test\Photos\Sony FDR-AX33\2023\04_April\DSC02462.JPG
2026-04-24 10:45:33  INFO      core.mover  MOVE  C:\Users\sippa\Desktop\photo_test - test run\DSC07301.JPG  =>  C:\Users\sippa\Desktop\destination_folder_test\Photos\SONY ILCE-5000\2014\12_December\DSC07301.JPG
2026-04-24 10:45:33  INFO      core.mover  MOVE  C:\Users\sippa\Desktop\photo_test - test run\DSC07435.JPG  =>  C:\Users\sippa\Desktop\destination_folder_test\Photos\SONY ILCE-5000\2014\12_December\DSC07435.JPG
2026-04-24 10:45:33  INFO      core.mover  MOVE  C:\Users\sippa\Desktop\photo_test - test run\DSC07544.JPG  =>  C:\Users\sippa\Desktop\destination_folder_test\Photos\SONY ILCE-5000\2014\12_December\DSC07544.JPG
2026-04-24 10:45:33  INFO      core.mover  MOVE  C:\Users\sippa\Desktop\photo_test - test run\DSC07571.JPG  =>  C:\Users\sippa\Desktop\destination_folder_test\Photos\SONY ILCE-5000\2014\12_December\DSC07571.JPG
2026-04-24 10:45:33  INFO      core.mover  MOVE  C:\Users\sippa\Desktop\photo_test - test run\FB_IMG_1610886602794.jpg  =>  C:\Users\sippa\Desktop\destination_folder_test\Photos\Facebook\2021\01_January\FB_IMG_1610886602794.jpg
2026-04-24 10:45:33  INFO      core.mover  MOVE  C:\Users\sippa\Desktop\photo_test - test run\FB_IMG_1610978846038.jpg  =>  C:\Users\sippa\Desktop\destination_folder_test\Photos\Facebook\2021\01_January\FB_IMG_1610978846038.jpg
2026-04-24 10:45:33  INFO      core.mover  MOVE  C:\Users\sippa\Desktop\photo_test - test run\FB_IMG_1611486097513.jpg  =>  C:\Users\sippa\Desktop\destination_folder_test\Photos\Facebook\2021\01_January\FB_IMG_1611486097513.jpg
2026-04-24 10:45:33  INFO      core.mover  MOVE  C:\Users\sippa\Desktop\photo_test - test run\FB_IMG_1611898136859.jpg  =>  C:\Users\sippa\Desktop\destination_folder_test\Photos\Facebook\2021\01_January\FB_IMG_1611898136859.jpg
2026-04-24 10:45:33  INFO      core.mover  MOVE  C:\Users\sippa\Desktop\photo_test - test run\FB_IMG_1612071086257.jpg  =>  C:\Users\sippa\Desktop\destination_folder_test\Photos\Facebook\2021\01_January\FB_IMG_1612071086257.jpg
2026-04-24 10:45:33  INFO      core.mover  MOVE  C:\Users\sippa\Desktop\photo_test - test run\FB_IMG_1613374817091.jpg  =>  C:\Users\sippa\Desktop\destination_folder_test\Photos\Facebook\2021\02_February\FB_IMG_1613374817091.jpg
2026-04-24 10:45:33  INFO      core.mover  MOVE  C:\Users\sippa\Desktop\photo_test - test run\FB_IMG_1613999273542.jpg  =>  C:\Users\sippa\Desktop\destination_folder_test\Photos\Facebook\2021\02_February\FB_IMG_1613999273542.jpg
2026-04-24 10:45:33  INFO      core.mover  MOVE  C:\Users\sippa\Desktop\photo_test - test run\FB_IMG_1614128489222.jpg  =>  C:\Users\sippa\Desktop\destination_folder_test\Photos\Facebook\2021\02_February\FB_IMG_1614128489222.jpg
2026-04-24 10:45:33  INFO      core.mover  MOVE  C:\Users\sippa\Desktop\photo_test - test run\FB_IMG_1614495158485.jpg  =>  C:\Users\sippa\Desktop\destination_folder_test\Photos\Facebook\2021\02_February\FB_IMG_1614495158485.jpg
2026-04-24 10:45:33  INFO      core.mover  MOVE  C:\Users\sippa\Desktop\photo_test - test run\FB_IMG_1614771485590.jpg  =>  C:\Users\sippa\Desktop\destination_folder_test\Photos\Facebook\2021\03_March\FB_IMG_1614771485590.jpg
2026-04-24 10:45:33  INFO      core.mover  MOVE  C:\Users\sippa\Desktop\photo_test - test run\FB_IMG_1614776237701.jpg  =>  C:\Users\sippa\Desktop\destination_folder_test\Photos\Facebook\2021\03_March\FB_IMG_1614776237701.jpg
2026-04-24 10:45:33  INFO      core.mover  MOVE  C:\Users\sippa\Desktop\photo_test - test run\FB_IMG_1614865539175.jpg  =>  C:\Users\sippa\Desktop\destination_folder_test\Photos\Facebook\2021\03_March\FB_IMG_1614865539175.jpg
2026-04-24 10:45:33  INFO      core.mover  MOVE  C:\Users\sippa\Desktop\photo_test - test run\FB_IMG_1614915905520.jpg  =>  C:\Users\sippa\Desktop\destination_folder_test\Photos\Facebook\2021\03_March\FB_IMG_1614915905520.jpg
2026-04-24 10:45:33  INFO      core.mover  MOVE  C:\Users\sippa\Desktop\photo_test - test run\FB_IMG_1615025595566.jpg  =>  C:\Users\sippa\Desktop\destination_folder_test\Photos\Facebook\2021\03_March\FB_IMG_1615025595566.jpg
2026-04-24 10:45:33  INFO      core.mover  MOVE  C:\Users\sippa\Desktop\photo_test - test run\FB_IMG_1615514453996.jpg  =>  C:\Users\sippa\Desktop\destination_folder_test\Photos\Facebook\2021\03_March\FB_IMG_1615514453996.jpg
2026-04-24 10:45:33  INFO      core.mover  MOVE  C:\Users\sippa\Desktop\photo_test - test run\FB_IMG_1615530520541.jpg  =>  C:\Users\sippa\Desktop\destination_folder_test\Photos\Facebook\2021\03_March\FB_IMG_1615530520541.jpg
2026-04-24 10:45:33  INFO      core.mover  MOVE  C:\Users\sippa\Desktop\photo_test - test run\FB_IMG_1615530528077.jpg  =>  C:\Users\sippa\Desktop\destination_folder_test\Photos\Facebook\2021\03_March\FB_IMG_1615530528077.jpg
2026-04-24 10:45:33  INFO      core.mover  MOVE  C:\Users\sippa\Desktop\photo_test - test run\FB_IMG_1615768292470.jpg  =>  C:\Users\sippa\Desktop\destination_folder_test\Photos\Facebook\2021\03_March\FB_IMG_1615768292470.jpg
2026-04-24 10:45:33  INFO      core.mover  MOVE  C:\Users\sippa\Desktop\photo_test - test run\FB_IMG_1615768294845.jpg  =>  C:\Users\sippa\Desktop\destination_folder_test\Photos\Facebook\2021\03_March\FB_IMG_1615768294845.jpg
2026-04-24 10:45:33  INFO      core.mover  MOVE  C:\Users\sippa\Desktop\photo_test - test run\FB_IMG_1615768296975.jpg  =>  C:\Users\sippa\Desktop\destination_folder_test\Photos\Facebook\2021\03_March\FB_IMG_1615768296975.jpg
2026-04-24 10:45:33  INFO      core.mover  MOVE  C:\Users\sippa\Desktop\photo_test - test run\FB_IMG_1615768299212.jpg  =>  C:\Users\sippa\Desktop\destination_folder_test\Photos\Facebook\2021\03_March\FB_IMG_1615768299212.jpg
2026-04-24 10:45:33  INFO      core.mover  MOVE  C:\Users\sippa\Desktop\photo_test - test run\FB_IMG_1615768301847.jpg  =>  C:\Users\sippa\Desktop\destination_folder_test\Photos\Facebook\2021\03_March\FB_IMG_1615768301847.jpg
2026-04-24 10:45:33  INFO      core.mover  MOVE  C:\Users\sippa\Desktop\photo_test - test run\FB_IMG_1615768305498.jpg  =>  C:\Users\sippa\Desktop\destination_folder_test\Photos\Facebook\2021\03_March\FB_IMG_1615768305498.jpg
2026-04-24 10:45:33  INFO      core.mover  MOVE  C:\Users\sippa\Desktop\photo_test - test run\FB_IMG_1616400261556.jpg  =>  C:\Users\sippa\Desktop\destination_folder_test\Photos\Facebook\2021\03_March\FB_IMG_1616400261556.jpg
2026-04-24 10:45:33  INFO      core.mover  MOVE  C:\Users\sippa\Desktop\photo_test - test run\FB_IMG_1616588202981.jpg  =>  C:\Users\sippa\Desktop\destination_folder_test\Photos\Facebook\2021\03_March\FB_IMG_1616588202981.jpg
2026-04-24 10:45:33  INFO      core.mover  MOVE  C:\Users\sippa\Desktop\photo_test - test run\FB_IMG_1616918172165.jpg  =>  C:\Users\sippa\Desktop\destination_folder_test\Photos\Facebook\2021\03_March\FB_IMG_1616918172165.jpg
2026-04-24 10:45:33  INFO      core.mover  MOVE  C:\Users\sippa\Desktop\photo_test - test run\FB_IMG_1616918175756.jpg  =>  C:\Users\sippa\Desktop\destination_folder_test\Photos\Facebook\2021\03_March\FB_IMG_1616918175756.jpg
2026-04-24 10:45:33  INFO      core.mover  MOVE  C:\Users\sippa\Desktop\photo_test - test run\FB_IMG_1618041578519.jpg  =>  C:\Users\sippa\Desktop\destination_folder_test\Photos\Facebook\2021\04_April\FB_IMG_1618041578519.jpg
2026-04-24 10:45:33  INFO      core.mover  MOVE  C:\Users\sippa\Desktop\photo_test - test run\FB_IMG_1618456115721.jpg  =>  C:\Users\sippa\Desktop\destination_folder_test\Photos\Facebook\2021\04_April\FB_IMG_1618456115721.jpg
2026-04-24 10:45:33  INFO      core.mover  MOVE  C:\Users\sippa\Desktop\photo_test - test run\FB_IMG_1618625350020.jpg  =>  C:\Users\sippa\Desktop\destination_folder_test\Photos\Facebook\2021\04_April\FB_IMG_1618625350020.jpg
2026-04-24 10:45:33  INFO      core.mover  MOVE  C:\Users\sippa\Desktop\photo_test - test run\FB_IMG_1618625355355.jpg  =>  C:\Users\sippa\Desktop\destination_folder_test\Photos\Facebook\2021\04_April\FB_IMG_1618625355355.jpg
2026-04-24 10:45:33  INFO      core.mover  MOVE  C:\Users\sippa\Desktop\photo_test - test run\FB_IMG_1618842604396.jpg  =>  C:\Users\sippa\Desktop\destination_folder_test\Photos\Facebook\2021\04_April\FB_IMG_1618842604396.jpg
2026-04-24 10:45:33  INFO      core.mover  MOVE  C:\Users\sippa\Desktop\photo_test - test run\FB_IMG_1618899721741.jpg  =>  C:\Users\sippa\Desktop\destination_folder_test\Photos\Facebook\2021\04_April\FB_IMG_1618899721741.jpg
2026-04-24 10:45:34  INFO      core.mover  MOVE  C:\Users\sippa\Desktop\photo_test - test run\FB_IMG_1619160306874.jpg  =>  C:\Users\sippa\Desktop\destination_folder_test\Photos\Facebook\2021\04_April\FB_IMG_1619160306874.jpg
2026-04-24 10:45:34  INFO      core.mover  MOVE  C:\Users\sippa\Desktop\photo_test - test run\FB_IMG_1619160312469.jpg  =>  C:\Users\sippa\Desktop\destination_folder_test\Photos\Facebook\2021\04_April\FB_IMG_1619160312469.jpg
2026-04-24 10:45:34  INFO      core.mover  MOVE  C:\Users\sippa\Desktop\photo_test - test run\FB_IMG_1619244251396.jpg  =>  C:\Users\sippa\Desktop\destination_folder_test\Photos\Facebook\2021\04_April\FB_IMG_1619244251396.jpg
2026-04-24 10:45:34  INFO      core.mover  MOVE  C:\Users\sippa\Desktop\photo_test - test run\FB_IMG_1619361153010.jpg  =>  C:\Users\sippa\Desktop\destination_folder_test\Photos\Facebook\2021\04_April\FB_IMG_1619361153010.jpg
2026-04-24 10:45:34  INFO      core.mover  MOVE  C:\Users\sippa\Desktop\photo_test - test run\FB_IMG_1619776600282.jpg  =>  C:\Users\sippa\Desktop\destination_folder_test\Photos\Facebook\2021\04_April\FB_IMG_1619776600282.jpg
2026-04-24 10:45:34  INFO      core.mover  MOVE  C:\Users\sippa\Desktop\photo_test - test run\FB_IMG_1619930641041.jpg  =>  C:\Users\sippa\Desktop\destination_folder_test\Photos\Facebook\2021\05_May\FB_IMG_1619930641041.jpg
2026-04-24 10:45:34  INFO      core.mover  MOVE  C:\Users\sippa\Desktop\photo_test - test run\FB_IMG_1619930660810.jpg  =>  C:\Users\sippa\Desktop\destination_folder_test\Photos\Facebook\2021\05_May\FB_IMG_1619930660810.jpg
2026-04-24 10:45:34  INFO      core.mover  MOVE  C:\Users\sippa\Desktop\photo_test - test run\FB_IMG_1619930685988.jpg  =>  C:\Users\sippa\Desktop\destination_folder_test\Photos\Facebook\2021\05_May\FB_IMG_1619930685988.jpg
2026-04-24 10:45:34  INFO      core.mover  MOVE  C:\Users\sippa\Desktop\photo_test - test run\FB_IMG_1619970194614.jpg  =>  C:\Users\sippa\Desktop\destination_folder_test\Photos\Facebook\2021\05_May\FB_IMG_1619970194614.jpg
2026-04-24 10:45:34  INFO      core.mover  MOVE  C:\Users\sippa\Desktop\photo_test - test run\FB_IMG_1620050153735.jpg  =>  C:\Users\sippa\Desktop\destination_folder_test\Photos\Facebook\2021\05_May\FB_IMG_1620050153735.jpg
2026-04-24 10:45:34  INFO      core.mover  MOVE  C:\Users\sippa\Desktop\photo_test - test run\FB_IMG_1620274269356.jpg  =>  C:\Users\sippa\Desktop\destination_folder_test\Photos\Facebook\2021\05_May\FB_IMG_1620274269356.jpg
2026-04-24 10:45:34  INFO      core.mover  MOVE  C:\Users\sippa\Desktop\photo_test - test run\FB_IMG_1620282147781.jpg  =>  C:\Users\sippa\Desktop\destination_folder_test\Photos\Facebook\2021\05_May\FB_IMG_1620282147781.jpg
2026-04-24 10:45:34  INFO      core.mover  MOVE  C:\Users\sippa\Desktop\photo_test - test run\FB_IMG_1620715456938.jpg  =>  C:\Users\sippa\Desktop\destination_folder_test\Photos\Facebook\2021\05_May\FB_IMG_1620715456938.jpg
2026-04-24 10:45:34  INFO      core.mover  MOVE  C:\Users\sippa\Desktop\photo_test - test run\FB_IMG_1620787788997.jpg  =>  C:\Users\sippa\Desktop\destination_folder_test\Photos\Facebook\2021\05_May\FB_IMG_1620787788997.jpg
2026-04-24 10:45:34  INFO      core.mover  MOVE  C:\Users\sippa\Desktop\photo_test - test run\FB_IMG_1620787803147.jpg  =>  C:\Users\sippa\Desktop\destination_folder_test\Photos\Facebook\2021\05_May\FB_IMG_1620787803147.jpg
2026-04-24 10:45:34  INFO      core.mover  MOVE  C:\Users\sippa\Desktop\photo_test - test run\FB_IMG_1621136854904.jpg  =>  C:\Users\sippa\Desktop\destination_folder_test\Photos\Facebook\2021\05_May\FB_IMG_1621136854904.jpg
2026-04-24 10:45:34  INFO      core.mover  MOVE  C:\Users\sippa\Desktop\photo_test - test run\FB_IMG_1621372923787.jpg  =>  C:\Users\sippa\Desktop\destination_folder_test\Photos\Facebook\2021\05_May\FB_IMG_1621372923787.jpg
2026-04-24 10:45:34  INFO      core.mover  MOVE  C:\Users\sippa\Desktop\photo_test - test run\FB_IMG_1621561840556.jpg  =>  C:\Users\sippa\Desktop\destination_folder_test\Photos\Facebook\2021\05_May\FB_IMG_1621561840556.jpg
2026-04-24 10:45:34  INFO      core.mover  MOVE  C:\Users\sippa\Desktop\photo_test - test run\FB_IMG_1621572203015.jpg  =>  C:\Users\sippa\Desktop\destination_folder_test\Photos\Facebook\2021\05_May\FB_IMG_1621572203015.jpg
2026-04-24 10:45:34  INFO      core.mover  MOVE  C:\Users\sippa\Desktop\photo_test - test run\FB_IMG_1621655594649.jpg  =>  C:\Users\sippa\Desktop\destination_folder_test\Photos\Facebook\2021\05_May\FB_IMG_1621655594649.jpg
2026-04-24 10:45:34  INFO      core.mover  MOVE  C:\Users\sippa\Desktop\photo_test - test run\FB_IMG_1621831348180.jpg  =>  C:\Users\sippa\Desktop\destination_folder_test\Photos\Facebook\2021\05_May\FB_IMG_1621831348180.jpg
2026-04-24 10:45:34  INFO      core.mover  MOVE  C:\Users\sippa\Desktop\photo_test - test run\FB_IMG_1621848499759.jpg  =>  C:\Users\sippa\Desktop\destination_folder_test\Photos\Facebook\2021\05_May\FB_IMG_1621848499759.jpg
2026-04-24 10:45:34  INFO      core.mover  MOVE  C:\Users\sippa\Desktop\photo_test - test run\FB_IMG_1622323782060.jpg  =>  C:\Users\sippa\Desktop\destination_folder_test\Photos\Facebook\2021\05_May\FB_IMG_1622323782060.jpg
2026-04-24 10:45:34  INFO      core.mover  MOVE  C:\Users\sippa\Desktop\photo_test - test run\FB_IMG_1622325473985.jpg  =>  C:\Users\sippa\Desktop\destination_folder_test\Photos\Facebook\2021\05_May\FB_IMG_1622325473985.jpg
2026-04-24 10:45:34  INFO      core.mover  MOVE  C:\Users\sippa\Desktop\photo_test - test run\FB_IMG_1622325644882.jpg  =>  C:\Users\sippa\Desktop\destination_folder_test\Photos\Facebook\2021\05_May\FB_IMG_1622325644882.jpg
2026-04-24 10:45:34  INFO      core.mover  MOVE  C:\Users\sippa\Desktop\photo_test - test run\FB_IMG_1622325738403.jpg  =>  C:\Users\sippa\Desktop\destination_folder_test\Photos\Facebook\2021\05_May\FB_IMG_1622325738403.jpg
2026-04-24 10:45:34  INFO      core.mover  MOVE  C:\Users\sippa\Desktop\photo_test - test run\FB_IMG_1622325841435.jpg  =>  C:\Users\sippa\Desktop\destination_folder_test\Photos\Facebook\2021\05_May\FB_IMG_1622325841435.jpg
2026-04-24 10:45:34  INFO      core.mover  MOVE  C:\Users\sippa\Desktop\photo_test - test run\FB_IMG_1622373136478.jpg  =>  C:\Users\sippa\Desktop\destination_folder_test\Photos\Facebook\2021\05_May\FB_IMG_1622373136478.jpg
2026-04-24 10:45:34  INFO      core.mover  MOVE  C:\Users\sippa\Desktop\photo_test - test run\FB_IMG_1622453947143.jpg  =>  C:\Users\sippa\Desktop\destination_folder_test\Photos\Facebook\2021\05_May\FB_IMG_1622453947143.jpg
2026-04-24 10:45:34  INFO      core.mover  MOVE  C:\Users\sippa\Desktop\photo_test - test run\FB_IMG_1622467885452.jpg  =>  C:\Users\sippa\Desktop\destination_folder_test\Photos\Facebook\2021\05_May\FB_IMG_1622467885452.jpg
2026-04-24 10:45:34  INFO      core.mover  MOVE  C:\Users\sippa\Desktop\photo_test - test run\FB_IMG_1622475212335.jpg  =>  C:\Users\sippa\Desktop\destination_folder_test\Photos\Facebook\2021\05_May\FB_IMG_1622475212335.jpg
2026-04-24 10:45:34  INFO      core.mover  MOVE  C:\Users\sippa\Desktop\photo_test - test run\FB_IMG_1622479508198.jpg  =>  C:\Users\sippa\Desktop\destination_folder_test\Photos\Facebook\2021\05_May\FB_IMG_1622479508198.jpg
2026-04-24 10:45:34  INFO      core.mover  MOVE  C:\Users\sippa\Desktop\photo_test - test run\FB_IMG_1622700007326.jpg  =>  C:\Users\sippa\Desktop\destination_folder_test\Photos\Facebook\2021\06_June\FB_IMG_1622700007326.jpg
2026-04-24 10:45:34  INFO      core.mover  MOVE  C:\Users\sippa\Desktop\photo_test - test run\FB_IMG_1622796590372.jpg  =>  C:\Users\sippa\Desktop\destination_folder_test\Photos\Facebook\2021\06_June\FB_IMG_1622796590372.jpg
2026-04-24 10:45:34  INFO      core.mover  MOVE  C:\Users\sippa\Desktop\photo_test - test run\FB_IMG_1622969411071.jpg  =>  C:\Users\sippa\Desktop\destination_folder_test\Photos\Facebook\2021\06_June\FB_IMG_1622969411071.jpg
2026-04-24 10:45:34  INFO      core.mover  MOVE  C:\Users\sippa\Desktop\photo_test - test run\FB_IMG_1623162319868.jpg  =>  C:\Users\sippa\Desktop\destination_folder_test\Photos\Facebook\2021\06_June\FB_IMG_1623162319868.jpg
2026-04-24 10:45:34  INFO      core.mover  MOVE  C:\Users\sippa\Desktop\photo_test - test run\FB_IMG_1623163565451.jpg  =>  C:\Users\sippa\Desktop\destination_folder_test\Photos\Facebook\2021\06_June\FB_IMG_1623163565451.jpg
2026-04-24 10:45:34  INFO      core.mover  MOVE  C:\Users\sippa\Desktop\photo_test - test run\FB_IMG_1623495191744.jpg  =>  C:\Users\sippa\Desktop\destination_folder_test\Photos\Facebook\2021\06_June\FB_IMG_1623495191744.jpg
2026-04-24 10:45:34  INFO      core.mover  MOVE  C:\Users\sippa\Desktop\photo_test - test run\FB_IMG_1623559632776.jpg  =>  C:\Users\sippa\Desktop\destination_folder_test\Photos\Facebook\2021\06_June\FB_IMG_1623559632776.jpg
2026-04-24 10:45:34  INFO      core.mover  MOVE  C:\Users\sippa\Desktop\photo_test - test run\FB_IMG_1623635637586.jpg  =>  C:\Users\sippa\Desktop\destination_folder_test\Photos\Facebook\2021\06_June\FB_IMG_1623635637586.jpg
2026-04-24 10:45:34  INFO      core.mover  MOVE  C:\Users\sippa\Desktop\photo_test - test run\FB_IMG_1623839764971.jpg  =>  C:\Users\sippa\Desktop\destination_folder_test\Photos\Facebook\2021\06_June\FB_IMG_1623839764971.jpg
2026-04-24 10:45:34  INFO      core.mover  MOVE  C:\Users\sippa\Desktop\photo_test - test run\FB_IMG_1623839819157.jpg  =>  C:\Users\sippa\Desktop\destination_folder_test\Photos\Facebook\2021\06_June\FB_IMG_1623839819157.jpg
2026-04-24 10:45:34  INFO      core.mover  MOVE  C:\Users\sippa\Desktop\photo_test - test run\FB_IMG_1623839838499.jpg  =>  C:\Users\sippa\Desktop\destination_folder_test\Photos\Facebook\2021\06_June\FB_IMG_1623839838499.jpg
2026-04-24 10:45:34  INFO      core.mover  MOVE  C:\Users\sippa\Desktop\photo_test - test run\FB_IMG_1623839841647.jpg  =>  C:\Users\sippa\Desktop\destination_folder_test\Photos\Facebook\2021\06_June\FB_IMG_1623839841647.jpg
2026-04-24 10:45:34  INFO      core.mover  MOVE  C:\Users\sippa\Desktop\photo_test - test run\FB_IMG_1623839844029.jpg  =>  C:\Users\sippa\Desktop\destination_folder_test\Photos\Facebook\2021\06_June\FB_IMG_1623839844029.jpg
2026-04-24 10:45:34  INFO      core.mover  MOVE  C:\Users\sippa\Desktop\photo_test - test run\FB_IMG_1623849478314.jpg  =>  C:\Users\sippa\Desktop\destination_folder_test\Photos\Facebook\2021\06_June\FB_IMG_1623849478314.jpg
2026-04-24 10:45:34  INFO      core.mover  MOVE  C:\Users\sippa\Desktop\photo_test - test run\FB_IMG_1624160483647.jpg  =>  C:\Users\sippa\Desktop\destination_folder_test\Photos\Facebook\2021\06_June\FB_IMG_1624160483647.jpg
2026-04-24 10:45:34  INFO      core.mover  MOVE  C:\Users\sippa\Desktop\photo_test - test run\FB_IMG_1624160492923.jpg  =>  C:\Users\sippa\Desktop\destination_folder_test\Photos\Facebook\2021\06_June\FB_IMG_1624160492923.jpg
2026-04-24 10:45:34  INFO      core.mover  MOVE  C:\Users\sippa\Desktop\photo_test - test run\FB_IMG_1624160527258.jpg  =>  C:\Users\sippa\Desktop\destination_folder_test\Photos\Facebook\2021\06_June\FB_IMG_1624160527258.jpg
2026-04-24 10:45:34  INFO      core.mover  MOVE  C:\Users\sippa\Desktop\photo_test - test run\FB_IMG_1624160549465.jpg  =>  C:\Users\sippa\Desktop\destination_folder_test\Photos\Facebook\2021\06_June\FB_IMG_1624160549465.jpg
2026-04-24 10:45:34  INFO      core.mover  MOVE  C:\Users\sippa\Desktop\photo_test - test run\FB_IMG_1624160569880.jpg  =>  C:\Users\sippa\Desktop\destination_folder_test\Photos\Facebook\2021\06_June\FB_IMG_1624160569880.jpg
2026-04-24 10:45:34  INFO      core.mover  MOVE  C:\Users\sippa\Desktop\photo_test - test run\FB_IMG_1624160602014.jpg  =>  C:\Users\sippa\Desktop\destination_folder_test\Photos\Facebook\2021\06_June\FB_IMG_1624160602014.jpg
2026-04-24 10:45:34  INFO      core.mover  MOVE  C:\Users\sippa\Desktop\photo_test - test run\FB_IMG_1624160630260.jpg  =>  C:\Users\sippa\Desktop\destination_folder_test\Photos\Facebook\2021\06_June\FB_IMG_1624160630260.jpg
2026-04-24 10:45:34  INFO      core.mover  MOVE  C:\Users\sippa\Desktop\photo_test - test run\FB_IMG_1624535578732.jpg  =>  C:\Users\sippa\Desktop\destination_folder_test\Photos\Facebook\2021\06_June\FB_IMG_1624535578732.jpg
2026-04-24 10:45:34  INFO      core.mover  MOVE  C:\Users\sippa\Desktop\photo_test - test run\FB_IMG_1624786704258.jpg  =>  C:\Users\sippa\Desktop\destination_folder_test\Photos\Facebook\2021\06_June\FB_IMG_1624786704258.jpg
2026-04-24 10:45:34  INFO      core.mover  MOVE  C:\Users\sippa\Desktop\photo_test - test run\FB_IMG_1624790461520.jpg  =>  C:\Users\sippa\Desktop\destination_folder_test\Photos\Facebook\2021\06_June\FB_IMG_1624790461520.jpg
2026-04-24 10:45:34  INFO      core.mover  MOVE  C:\Users\sippa\Desktop\photo_test - test run\FB_IMG_1625033732451.jpg  =>  C:\Users\sippa\Desktop\destination_folder_test\Photos\Facebook\2021\06_June\FB_IMG_1625033732451.jpg
2026-04-24 10:45:34  INFO      core.mover  MOVE  C:\Users\sippa\Desktop\photo_test - test run\FB_IMG_1625321076759.jpg  =>  C:\Users\sippa\Desktop\destination_folder_test\Photos\Facebook\2021\07_July\FB_IMG_1625321076759.jpg
2026-04-24 10:45:34  INFO      core.mover  MOVE  C:\Users\sippa\Desktop\photo_test - test run\FB_IMG_1625536762607.jpg  =>  C:\Users\sippa\Desktop\destination_folder_test\Photos\Facebook\2021\07_July\FB_IMG_1625536762607.jpg
2026-04-24 10:45:34  INFO      core.mover  MOVE  C:\Users\sippa\Desktop\photo_test - test run\FB_IMG_1625544499558.jpg  =>  C:\Users\sippa\Desktop\destination_folder_test\Photos\Facebook\2021\07_July\FB_IMG_1625544499558.jpg
2026-04-24 10:45:34  INFO      core.mover  MOVE  C:\Users\sippa\Desktop\photo_test - test run\FB_IMG_1625544562014.jpg  =>  C:\Users\sippa\Desktop\destination_folder_test\Photos\Facebook\2021\07_July\FB_IMG_1625544562014.jpg
2026-04-24 10:45:34  INFO      core.mover  MOVE  C:\Users\sippa\Desktop\photo_test - test run\FB_IMG_1625544571220.jpg  =>  C:\Users\sippa\Desktop\destination_folder_test\Photos\Facebook\2021\07_July\FB_IMG_1625544571220.jpg
2026-04-24 10:45:34  INFO      core.mover  MOVE  C:\Users\sippa\Desktop\photo_test - test run\FB_IMG_1625935802503.jpg  =>  C:\Users\sippa\Desktop\destination_folder_test\Photos\Facebook\2021\07_July\FB_IMG_1625935802503.jpg
2026-04-24 10:45:34  INFO      core.mover  MOVE  C:\Users\sippa\Desktop\photo_test - test run\FB_IMG_1625935933720.jpg  =>  C:\Users\sippa\Desktop\destination_folder_test\Photos\Facebook\2021\07_July\FB_IMG_1625935933720.jpg
2026-04-24 10:45:34  INFO      core.mover  MOVE  C:\Users\sippa\Desktop\photo_test - test run\FB_IMG_1626269564118.jpg  =>  C:\Users\sippa\Desktop\destination_folder_test\Photos\Facebook\2021\07_July\FB_IMG_1626269564118.jpg
2026-04-24 10:45:34  INFO      core.mover  MOVE  C:\Users\sippa\Desktop\photo_test - test run\FB_IMG_1627001269969.jpg  =>  C:\Users\sippa\Desktop\destination_folder_test\Photos\Facebook\2021\07_July\FB_IMG_1627001269969.jpg
2026-04-24 10:45:34  INFO      core.mover  MOVE  C:\Users\sippa\Desktop\photo_test - test run\FB_IMG_1627116435630.jpg  =>  C:\Users\sippa\Desktop\destination_folder_test\Photos\Facebook\2021\07_July\FB_IMG_1627116435630.jpg
2026-04-24 10:45:34  INFO      core.mover  MOVE  C:\Users\sippa\Desktop\photo_test - test run\FB_IMG_1627188818970.jpg  =>  C:\Users\sippa\Desktop\destination_folder_test\Photos\Facebook\2021\07_July\FB_IMG_1627188818970.jpg
2026-04-24 10:45:34  INFO      core.mover  MOVE  C:\Users\sippa\Desktop\photo_test - test run\FB_IMG_1627268756737.jpg  =>  C:\Users\sippa\Desktop\destination_folder_test\Photos\Facebook\2021\07_July\FB_IMG_1627268756737.jpg
2026-04-24 10:45:34  INFO      core.mover  MOVE  C:\Users\sippa\Desktop\photo_test - test run\FB_IMG_1627817381582.jpg  =>  C:\Users\sippa\Desktop\destination_folder_test\Photos\Facebook\2021\08_August\FB_IMG_1627817381582.jpg
2026-04-24 10:45:34  INFO      core.mover  MOVE  C:\Users\sippa\Desktop\photo_test - test run\FB_IMG_1628006103025.jpg  =>  C:\Users\sippa\Desktop\destination_folder_test\Photos\Facebook\2021\08_August\FB_IMG_1628006103025.jpg
2026-04-24 10:45:34  INFO      core.mover  MOVE  C:\Users\sippa\Desktop\photo_test - test run\FB_IMG_1628006105692.jpg  =>  C:\Users\sippa\Desktop\destination_folder_test\Photos\Facebook\2021\08_August\FB_IMG_1628006105692.jpg
2026-04-24 10:45:34  INFO      core.mover  MOVE  C:\Users\sippa\Desktop\photo_test - test run\FB_IMG_1628006108037.jpg  =>  C:\Users\sippa\Desktop\destination_folder_test\Photos\Facebook\2021\08_August\FB_IMG_1628006108037.jpg
2026-04-24 10:45:34  INFO      core.mover  MOVE  C:\Users\sippa\Desktop\photo_test - test run\FB_IMG_1628528842615.jpg  =>  C:\Users\sippa\Desktop\destination_folder_test\Photos\Facebook\2021\08_August\FB_IMG_1628528842615.jpg
2026-04-24 10:45:34  INFO      core.mover  MOVE  C:\Users\sippa\Desktop\photo_test - test run\FB_IMG_1628737607591.jpg  =>  C:\Users\sippa\Desktop\destination_folder_test\Photos\Facebook\2021\08_August\FB_IMG_1628737607591.jpg
2026-04-24 10:45:34  INFO      core.mover  MOVE  C:\Users\sippa\Desktop\photo_test - test run\FB_IMG_1628816749698.jpg  =>  C:\Users\sippa\Desktop\destination_folder_test\Photos\Facebook\2021\08_August\FB_IMG_1628816749698.jpg
2026-04-24 10:45:34  INFO      core.mover  MOVE  C:\Users\sippa\Desktop\photo_test - test run\FB_IMG_1628865732905.jpg  =>  C:\Users\sippa\Desktop\destination_folder_test\Photos\Facebook\2021\08_August\FB_IMG_1628865732905.jpg
2026-04-24 10:45:34  INFO      core.mover  MOVE  C:\Users\sippa\Desktop\photo_test - test run\FB_IMG_1628868302500.jpg  =>  C:\Users\sippa\Desktop\destination_folder_test\Photos\Facebook\2021\08_August\FB_IMG_1628868302500.jpg
2026-04-24 10:45:34  INFO      core.mover  MOVE  C:\Users\sippa\Desktop\photo_test - test run\FB_IMG_1628913750818.jpg  =>  C:\Users\sippa\Desktop\destination_folder_test\Photos\Facebook\2021\08_August\FB_IMG_1628913750818.jpg
2026-04-24 10:45:34  INFO      core.mover  MOVE  C:\Users\sippa\Desktop\photo_test - test run\FB_IMG_1628917594131.jpg  =>  C:\Users\sippa\Desktop\destination_folder_test\Photos\Facebook\2021\08_August\FB_IMG_1628917594131.jpg
2026-04-24 10:45:34  INFO      core.mover  MOVE  C:\Users\sippa\Desktop\photo_test - test run\FB_IMG_1628917596504.jpg  =>  C:\Users\sippa\Desktop\destination_folder_test\Photos\Facebook\2021\08_August\FB_IMG_1628917596504.jpg
2026-04-24 10:45:34  INFO      core.mover  MOVE  C:\Users\sippa\Desktop\photo_test - test run\FB_IMG_1628917598590.jpg  =>  C:\Users\sippa\Desktop\destination_folder_test\Photos\Facebook\2021\08_August\FB_IMG_1628917598590.jpg
2026-04-24 10:45:34  INFO      core.mover  MOVE  C:\Users\sippa\Desktop\photo_test - test run\FB_IMG_1628917600969.jpg  =>  C:\Users\sippa\Desktop\destination_folder_test\Photos\Facebook\2021\08_August\FB_IMG_1628917600969.jpg
2026-04-24 10:45:34  INFO      core.mover  MOVE  C:\Users\sippa\Desktop\photo_test - test run\FB_IMG_1628917605042.jpg  =>  C:\Users\sippa\Desktop\destination_folder_test\Photos\Facebook\2021\08_August\FB_IMG_1628917605042.jpg
2026-04-24 10:45:34  INFO      core.mover  MOVE  C:\Users\sippa\Desktop\photo_test - test run\FB_IMG_1628917607465.jpg  =>  C:\Users\sippa\Desktop\destination_folder_test\Photos\Facebook\2021\08_August\FB_IMG_1628917607465.jpg
2026-04-24 10:45:34  INFO      core.mover  MOVE  C:\Users\sippa\Desktop\photo_test - test run\FB_IMG_1628985112639.jpg  =>  C:\Users\sippa\Desktop\destination_folder_test\Photos\Facebook\2021\08_August\FB_IMG_1628985112639.jpg
2026-04-24 10:45:34  INFO      core.mover  MOVE  C:\Users\sippa\Desktop\photo_test - test run\FB_IMG_1629611227433.jpg  =>  C:\Users\sippa\Desktop\destination_folder_test\Photos\Facebook\2021\08_August\FB_IMG_1629611227433.jpg
2026-04-24 10:45:34  INFO      core.mover  MOVE  C:\Users\sippa\Desktop\photo_test - test run\FB_IMG_1630376017799.jpg  =>  C:\Users\sippa\Desktop\destination_folder_test\Photos\Facebook\2021\08_August\FB_IMG_1630376017799.jpg
2026-04-24 10:45:34  INFO      core.mover  MOVE  C:\Users\sippa\Desktop\photo_test - test run\FB_IMG_1630378338646.jpg  =>  C:\Users\sippa\Desktop\destination_folder_test\Photos\Facebook\2021\08_August\FB_IMG_1630378338646.jpg
2026-04-24 10:45:34  INFO      core.mover  MOVE  C:\Users\sippa\Desktop\photo_test - test run\FB_IMG_1631425192265.jpg  =>  C:\Users\sippa\Desktop\destination_folder_test\Photos\Facebook\2021\09_September\FB_IMG_1631425192265.jpg
2026-04-24 10:45:34  INFO      core.mover  MOVE  C:\Users\sippa\Desktop\photo_test - test run\FB_IMG_1631906302246.jpg  =>  C:\Users\sippa\Desktop\destination_folder_test\Photos\Facebook\2021\09_September\FB_IMG_1631906302246.jpg
2026-04-24 10:45:34  INFO      core.mover  MOVE  C:\Users\sippa\Desktop\photo_test - test run\FB_IMG_1632441262440.jpg  =>  C:\Users\sippa\Desktop\destination_folder_test\Photos\Facebook\2021\09_September\FB_IMG_1632441262440.jpg
2026-04-24 10:45:34  INFO      core.mover  MOVE  C:\Users\sippa\Desktop\photo_test - test run\FB_IMG_1632754910486.jpg  =>  C:\Users\sippa\Desktop\destination_folder_test\Photos\Facebook\2021\09_September\FB_IMG_1632754910486.jpg
2026-04-24 10:45:34  INFO      core.mover  MOVE  C:\Users\sippa\Desktop\photo_test - test run\FB_IMG_1633418644449.jpg  =>  C:\Users\sippa\Desktop\destination_folder_test\Photos\Facebook\2021\10_October\FB_IMG_1633418644449.jpg
2026-04-24 10:45:34  INFO      core.mover  MOVE  C:\Users\sippa\Desktop\photo_test - test run\FB_IMG_1634438935238.jpg  =>  C:\Users\sippa\Desktop\destination_folder_test\Photos\Facebook\2021\10_October\FB_IMG_1634438935238.jpg
2026-04-24 10:45:34  INFO      core.mover  MOVE  C:\Users\sippa\Desktop\photo_test - test run\FB_IMG_1635790918796.jpg  =>  C:\Users\sippa\Desktop\destination_folder_test\Photos\Facebook\2021\11_November\FB_IMG_1635790918796.jpg
2026-04-24 10:45:34  INFO      core.mover  MOVE  C:\Users\sippa\Desktop\photo_test - test run\FB_IMG_1635790994295.jpg  =>  C:\Users\sippa\Desktop\destination_folder_test\Photos\Facebook\2021\11_November\FB_IMG_1635790994295.jpg
2026-04-24 10:45:34  INFO      core.mover  MOVE  C:\Users\sippa\Desktop\photo_test - test run\FB_IMG_1636647491309.jpg  =>  C:\Users\sippa\Desktop\destination_folder_test\Photos\Facebook\2021\11_November\FB_IMG_1636647491309.jpg
2026-04-24 10:45:34  INFO      core.mover  MOVE  C:\Users\sippa\Desktop\photo_test - test run\FB_IMG_1637159150973.jpg  =>  C:\Users\sippa\Desktop\destination_folder_test\Photos\Facebook\2021\11_November\FB_IMG_1637159150973.jpg
2026-04-24 10:45:34  INFO      core.mover  MOVE  C:\Users\sippa\Desktop\photo_test - test run\FB_IMG_1637159435061.jpg  =>  C:\Users\sippa\Desktop\destination_folder_test\Photos\Facebook\2021\11_November\FB_IMG_1637159435061.jpg
2026-04-24 10:45:34  INFO      core.mover  MOVE  C:\Users\sippa\Desktop\photo_test - test run\FB_IMG_1637231262467.jpg  =>  C:\Users\sippa\Desktop\destination_folder_test\Photos\Facebook\2021\11_November\FB_IMG_1637231262467.jpg
2026-04-24 10:45:34  INFO      core.mover  MOVE  C:\Users\sippa\Desktop\photo_test - test run\FB_IMG_1637504906304.jpg  =>  C:\Users\sippa\Desktop\destination_folder_test\Photos\Facebook\2021\11_November\FB_IMG_1637504906304.jpg
2026-04-24 10:45:34  INFO      core.mover  MOVE  C:\Users\sippa\Desktop\photo_test - test run\FB_IMG_1637980180374.jpg  =>  C:\Users\sippa\Desktop\destination_folder_test\Photos\Facebook\2021\11_November\FB_IMG_1637980180374.jpg
2026-04-24 10:45:34  INFO      core.mover  MOVE  C:\Users\sippa\Desktop\photo_test - test run\FB_IMG_1638679965982.jpg  =>  C:\Users\sippa\Desktop\destination_folder_test\Photos\Facebook\2021\12_December\FB_IMG_1638679965982.jpg
2026-04-24 10:45:34  INFO      core.mover  MOVE  C:\Users\sippa\Desktop\photo_test - test run\FB_IMG_1640288252972.jpg  =>  C:\Users\sippa\Desktop\destination_folder_test\Photos\Facebook\2021\12_December\FB_IMG_1640288252972.jpg
2026-04-24 10:45:34  INFO      core.mover  MOVE  C:\Users\sippa\Desktop\photo_test - test run\FB_IMG_1640514991849.jpg  =>  C:\Users\sippa\Desktop\destination_folder_test\Photos\Facebook\2021\12_December\FB_IMG_1640514991849.jpg
2026-04-24 10:45:34  INFO      core.mover  MOVE  C:\Users\sippa\Desktop\photo_test - test run\FB_IMG_1640855263846.jpg  =>  C:\Users\sippa\Desktop\destination_folder_test\Photos\Facebook\2021\12_December\FB_IMG_1640855263846.jpg
2026-04-24 10:45:34  INFO      core.mover  MOVE  C:\Users\sippa\Desktop\photo_test - test run\FB_IMG_1641445517930.jpg  =>  C:\Users\sippa\Desktop\destination_folder_test\Photos\Facebook\2022\01_January\FB_IMG_1641445517930.jpg
2026-04-24 10:45:34  INFO      core.mover  MOVE  C:\Users\sippa\Desktop\photo_test - test run\FB_IMG_1641704151198.jpg  =>  C:\Users\sippa\Desktop\destination_folder_test\Photos\Facebook\2022\01_January\FB_IMG_1641704151198.jpg
2026-04-24 10:45:34  INFO      core.mover  MOVE  C:\Users\sippa\Desktop\photo_test - test run\FB_IMG_1642410969667.jpg  =>  C:\Users\sippa\Desktop\destination_folder_test\Photos\Facebook\2022\01_January\FB_IMG_1642410969667.jpg
2026-04-24 10:45:34  INFO      core.mover  MOVE  C:\Users\sippa\Desktop\photo_test - test run\FB_IMG_1643434438784.jpg  =>  C:\Users\sippa\Desktop\destination_folder_test\Photos\Facebook\2022\01_January\FB_IMG_1643434438784.jpg
2026-04-24 10:45:34  INFO      core.mover  MOVE  C:\Users\sippa\Desktop\photo_test - test run\FB_IMG_1643816542993.jpg  =>  C:\Users\sippa\Desktop\destination_folder_test\Photos\Facebook\2022\02_February\FB_IMG_1643816542993.jpg
2026-04-24 10:45:34  INFO      core.mover  MOVE  C:\Users\sippa\Desktop\photo_test - test run\FB_IMG_1644695531344.jpg  =>  C:\Users\sippa\Desktop\destination_folder_test\Photos\Facebook\2022\02_February\FB_IMG_1644695531344.jpg
2026-04-24 10:45:34  INFO      core.mover  MOVE  C:\Users\sippa\Desktop\photo_test - test run\FB_IMG_1645109439095.jpg  =>  C:\Users\sippa\Desktop\destination_folder_test\Photos\Facebook\2022\02_February\FB_IMG_1645109439095.jpg
2026-04-24 10:45:34  INFO      core.mover  MOVE  C:\Users\sippa\Desktop\photo_test - test run\FB_IMG_1645716310134.jpg  =>  C:\Users\sippa\Desktop\destination_folder_test\Photos\Facebook\2022\02_February\FB_IMG_1645716310134.jpg
2026-04-24 10:45:34  INFO      core.mover  MOVE  C:\Users\sippa\Desktop\photo_test - test run\FB_IMG_1647058817455.jpg  =>  C:\Users\sippa\Desktop\destination_folder_test\Photos\Facebook\2022\03_March\FB_IMG_1647058817455.jpg
2026-04-24 10:45:34  INFO      core.mover  MOVE  C:\Users\sippa\Desktop\photo_test - test run\FB_IMG_1647085804573.jpg  =>  C:\Users\sippa\Desktop\destination_folder_test\Photos\Facebook\2022\03_March\FB_IMG_1647085804573.jpg
2026-04-24 10:45:34  INFO      core.mover  MOVE  C:\Users\sippa\Desktop\photo_test - test run\FB_IMG_1647745933134.jpg  =>  C:\Users\sippa\Desktop\destination_folder_test\Photos\Facebook\2022\03_March\FB_IMG_1647745933134.jpg
2026-04-24 10:45:34  INFO      core.mover  MOVE  C:\Users\sippa\Desktop\photo_test - test run\FB_IMG_1648009914551.jpg  =>  C:\Users\sippa\Desktop\destination_folder_test\Photos\Facebook\2022\03_March\FB_IMG_1648009914551.jpg
2026-04-24 10:45:34  INFO      core.mover  MOVE  C:\Users\sippa\Desktop\photo_test - test run\FB_IMG_1648009936992.jpg  =>  C:\Users\sippa\Desktop\destination_folder_test\Photos\Facebook\2022\03_March\FB_IMG_1648009936992.jpg
2026-04-24 10:45:34  INFO      core.mover  MOVE  C:\Users\sippa\Desktop\photo_test - test run\FB_IMG_1648444275397.jpg  =>  C:\Users\sippa\Desktop\destination_folder_test\Photos\Facebook\2022\03_March\FB_IMG_1648444275397.jpg
2026-04-24 10:45:34  INFO      core.mover  MOVE  C:\Users\sippa\Desktop\photo_test - test run\FB_IMG_1648444296132.jpg  =>  C:\Users\sippa\Desktop\destination_folder_test\Photos\Facebook\2022\03_March\FB_IMG_1648444296132.jpg
2026-04-24 10:45:34  INFO      core.mover  MOVE  C:\Users\sippa\Desktop\photo_test - test run\FB_IMG_1649934609426.jpg  =>  C:\Users\sippa\Desktop\destination_folder_test\Photos\Facebook\2022\04_April\FB_IMG_1649934609426.jpg
2026-04-24 10:45:34  INFO      core.mover  MOVE  C:\Users\sippa\Desktop\photo_test - test run\FB_IMG_1650216661518.jpg  =>  C:\Users\sippa\Desktop\destination_folder_test\Photos\Facebook\2022\04_April\FB_IMG_1650216661518.jpg
2026-04-24 10:45:34  INFO      core.mover  MOVE  C:\Users\sippa\Desktop\photo_test - test run\FB_IMG_1650468429353.jpg  =>  C:\Users\sippa\Desktop\destination_folder_test\Photos\Facebook\2022\04_April\FB_IMG_1650468429353.jpg
2026-04-24 10:45:34  INFO      core.mover  MOVE  C:\Users\sippa\Desktop\photo_test - test run\how_topsd-oom.jpg  =>  C:\Users\sippa\Desktop\destination_folder_test\Photos\Unknown_Device\2012\10_October\how_topsd-oom.jpg
2026-04-24 10:45:35  INFO      core.mover  MOVE  C:\Users\sippa\Desktop\photo_test - test run\Image2017-10-28_12-39-13.png  =>  C:\Users\sippa\Desktop\destination_folder_test\Photos\Unknown_Device\2017\10_October\Image2017-10-28_12-39-13.png
2026-04-24 10:45:35  INFO      core.mover  MOVE  C:\Users\sippa\Desktop\photo_test - test run\IMG_3698.JPG  =>  C:\Users\sippa\Desktop\destination_folder_test\Photos\Canon EOS RP\2025\04_April\IMG_3698.JPG
2026-04-24 10:45:35  INFO      core.mover  MOVE  C:\Users\sippa\Desktop\photo_test - test run\IMG_3740.JPG  =>  C:\Users\sippa\Desktop\destination_folder_test\Photos\Canon EOS RP\2025\04_April\IMG_3740.JPG
2026-04-24 10:45:35  INFO      core.mover  MOVE  C:\Users\sippa\Desktop\photo_test - test run\IMG_3741.JPG  =>  C:\Users\sippa\Desktop\destination_folder_test\Photos\Canon EOS RP\2025\04_April\IMG_3741.JPG
2026-04-24 10:45:35  INFO      core.mover  MOVE  C:\Users\sippa\Desktop\photo_test - test run\IMG_3750.JPG  =>  C:\Users\sippa\Desktop\destination_folder_test\Photos\Canon EOS RP\2025\04_April\IMG_3750.JPG
2026-04-24 10:45:35  INFO      core.mover  MOVE  C:\Users\sippa\Desktop\photo_test - test run\IMG_3751.JPG  =>  C:\Users\sippa\Desktop\destination_folder_test\Photos\Canon EOS RP\2025\04_April\IMG_3751.JPG
2026-04-24 10:45:35  INFO      core.mover  MOVE  C:\Users\sippa\Desktop\photo_test - test run\IMG_3759.JPG  =>  C:\Users\sippa\Desktop\destination_folder_test\Photos\Canon EOS RP\2025\04_April\IMG_3759.JPG
2026-04-24 10:45:35  INFO      core.mover  MOVE  C:\Users\sippa\Desktop\photo_test - test run\IMG_3760.JPG  =>  C:\Users\sippa\Desktop\destination_folder_test\Photos\Canon EOS RP\2025\04_April\IMG_3760.JPG
2026-04-24 10:45:35  INFO      core.mover  MOVE  C:\Users\sippa\Desktop\photo_test - test run\IMG_3849.JPG  =>  C:\Users\sippa\Desktop\destination_folder_test\Photos\Canon EOS RP\2025\04_April\IMG_3849.JPG
2026-04-24 10:45:35  INFO      core.mover  MOVE  C:\Users\sippa\Desktop\photo_test - test run\IMG_6410_0.jpg  =>  C:\Users\sippa\Desktop\destination_folder_test\Photos\Canon EOS RP\2026\02_February\IMG_6410_0.jpg
2026-04-24 10:45:35  INFO      core.mover  MOVE  C:\Users\sippa\Desktop\photo_test - test run\IMG_6411_0.jpg  =>  C:\Users\sippa\Desktop\destination_folder_test\Photos\Canon EOS RP\2026\02_February\IMG_6411_0.jpg
2026-04-24 10:45:35  INFO      core.mover  MOVE  C:\Users\sippa\Desktop\photo_test - test run\IMG_6412_0.jpg  =>  C:\Users\sippa\Desktop\destination_folder_test\Photos\Canon EOS RP\2026\02_February\IMG_6412_0.jpg
2026-04-24 10:45:35  INFO      core.mover  MOVE  C:\Users\sippa\Desktop\photo_test - test run\IMG_6414_0.jpg  =>  C:\Users\sippa\Desktop\destination_folder_test\Photos\Canon EOS RP\2026\02_February\IMG_6414_0.jpg
2026-04-24 10:45:35  INFO      core.mover  MOVE  C:\Users\sippa\Desktop\photo_test - test run\IMG_6429_0.jpg  =>  C:\Users\sippa\Desktop\destination_folder_test\Photos\Canon EOS RP\2026\02_February\IMG_6429_0.jpg
2026-04-24 10:45:35  INFO      core.mover  MOVE  C:\Users\sippa\Desktop\photo_test - test run\IMG_9472.JPG  =>  C:\Users\sippa\Desktop\destination_folder_test\Photos\Apple iPad mini 1G\2015\09_September\IMG_9472.JPG
2026-04-24 10:45:35  INFO      core.mover  MOVE  C:\Users\sippa\Desktop\photo_test - test run\IMG_9478.JPG  =>  C:\Users\sippa\Desktop\destination_folder_test\Photos\Apple iPad mini 1G\2015\09_September\IMG_9478.JPG
2026-04-24 10:45:35  INFO      core.mover  MOVE  C:\Users\sippa\Desktop\photo_test - test run\Jumping_Race_2017-07-28T123453+0000_E485DC.jpg  =>  C:\Users\sippa\Desktop\destination_folder_test\Photos\Parrot Jumping Race\2017\07_July\Jumping_Race_2017-07-28T123453+0000_E485DC.jpg
2026-04-24 10:45:35  INFO      core.mover  MOVE  C:\Users\sippa\Desktop\photo_test - test run\Jumping_Race_2017-07-28T123548+0000_DD4B51.jpg  =>  C:\Users\sippa\Desktop\destination_folder_test\Photos\Parrot Jumping Race\2017\07_July\Jumping_Race_2017-07-28T123548+0000_DD4B51.jpg
2026-04-24 10:45:35  INFO      core.mover  MOVE  C:\Users\sippa\Desktop\photo_test - test run\Jumping_Race_2017-07-28T123621+0000_C2F6AB.jpg  =>  C:\Users\sippa\Desktop\destination_folder_test\Photos\Parrot Jumping Race\2017\07_July\Jumping_Race_2017-07-28T123621+0000_C2F6AB.jpg
2026-04-24 10:45:35  INFO      core.mover  MOVE  C:\Users\sippa\Desktop\photo_test - test run\Jumping_Race_2017-08-20T155617+0000_69B95B.jpg  =>  C:\Users\sippa\Desktop\destination_folder_test\Photos\Parrot Jumping Race\2017\08_August\Jumping_Race_2017-08-20T155617+0000_69B95B.jpg
2026-04-24 10:45:35  INFO      core.mover  MOVE  C:\Users\sippa\Desktop\photo_test - test run\mom_gen.jpg  =>  C:\Users\sippa\Desktop\destination_folder_test\Photos\Unknown_Device\2012\01_January\mom_gen.jpg
2026-04-24 10:45:35  INFO      core.mover  MOVE  C:\Users\sippa\Desktop\photo_test - test run\oom profile pic.jpg  =>  C:\Users\sippa\Desktop\destination_folder_test\Photos\SONY DSLR-A200\2012\01_January\oom profile pic.jpg
2026-04-24 10:45:35  INFO      core.mover  MOVE  C:\Users\sippa\Desktop\photo_test - test run\oom racing profile.jpg  =>  C:\Users\sippa\Desktop\destination_folder_test\Photos\Sony NEX-5N\2012\12_December\oom racing profile.jpg
2026-04-24 10:45:35  INFO      core.mover  MOVE  C:\Users\sippa\Desktop\photo_test - test run\oom1.jpg  =>  C:\Users\sippa\Desktop\destination_folder_test\Photos\Unknown_Device\2007\11_November\oom1.jpg
2026-04-24 10:45:35  INFO      core.mover  MOVE  C:\Users\sippa\Desktop\photo_test - test run\oom2.jpg  =>  C:\Users\sippa\Desktop\destination_folder_test\Photos\Unknown_Device\2007\11_November\oom2.jpg
2026-04-24 10:45:35  INFO      core.mover  MOVE  C:\Users\sippa\Desktop\photo_test - test run\P2400145.JPG  =>  C:\Users\sippa\Desktop\destination_folder_test\Photos\Panasonic GX85\2021\03_March\P2400145.JPG
2026-04-24 10:45:35  INFO      core.mover  MOVE  C:\Users\sippa\Desktop\photo_test - test run\P2440732.JPG  =>  C:\Users\sippa\Desktop\destination_folder_test\Photos\Panasonic GX85\2021\06_June\P2440732.JPG
2026-04-24 10:45:35  INFO      core.mover  MOVE  C:\Users\sippa\Desktop\photo_test - test run\P2440733.JPG  =>  C:\Users\sippa\Desktop\destination_folder_test\Photos\Panasonic GX85\2021\06_June\P2440733.JPG
2026-04-24 10:45:35  INFO      core.mover  MOVE  C:\Users\sippa\Desktop\photo_test - test run\P2480116.JPG  =>  C:\Users\sippa\Desktop\destination_folder_test\Photos\Panasonic GX85\2021\07_July\P2480116.JPG
2026-04-24 10:45:35  INFO      core.mover  MOVE  C:\Users\sippa\Desktop\photo_test - test run\P2890961.JPG  =>  C:\Users\sippa\Desktop\destination_folder_test\Photos\Panasonic GX85\2022\09_September\P2890961.JPG
2026-04-24 10:45:35  INFO      core.mover  MOVE  C:\Users\sippa\Desktop\photo_test - test run\P2890962.JPG  =>  C:\Users\sippa\Desktop\destination_folder_test\Photos\Panasonic GX85\2022\09_September\P2890962.JPG
2026-04-24 10:45:35  INFO      core.mover  MOVE  C:\Users\sippa\Desktop\photo_test - test run\P2890963.JPG  =>  C:\Users\sippa\Desktop\destination_folder_test\Photos\Panasonic GX85\2022\09_September\P2890963.JPG
2026-04-24 10:45:35  INFO      core.mover  MOVE  C:\Users\sippa\Desktop\photo_test - test run\P4120847.JPG  =>  C:\Users\sippa\Desktop\destination_folder_test\Photos\Panasonic GX85\2026\02_February\P4120847.JPG
2026-04-24 10:45:35  INFO      core.mover  MOVE  C:\Users\sippa\Desktop\photo_test - test run\P4120848.JPG  =>  C:\Users\sippa\Desktop\destination_folder_test\Photos\Panasonic GX85\2026\02_February\P4120848.JPG
2026-04-24 10:45:35  INFO      core.mover  MOVE  C:\Users\sippa\Desktop\photo_test - test run\P4120858.JPG  =>  C:\Users\sippa\Desktop\destination_folder_test\Photos\Panasonic GX85\2026\02_February\P4120858.JPG
2026-04-24 10:45:35  INFO      core.mover  MOVE  C:\Users\sippa\Desktop\photo_test - test run\poster_all.jpg  =>  C:\Users\sippa\Desktop\destination_folder_test\Photos\Unknown_Device\2012\09_September\poster_all.jpg
2026-04-24 10:45:35  INFO      core.mover  MOVE  C:\Users\sippa\Desktop\photo_test - test run\poster_japan_new1.jpg  =>  C:\Users\sippa\Desktop\destination_folder_test\Photos\Unknown_Device\2012\08_August\poster_japan_new1.jpg
2026-04-24 10:45:35  INFO      core.mover  MOVE  C:\Users\sippa\Desktop\photo_test - test run\poster_send gift.jpg  =>  C:\Users\sippa\Desktop\destination_folder_test\Photos\Unknown_Device\2012\10_October\poster_send gift.jpg
2026-04-24 10:45:35  INFO      core.mover  MOVE  C:\Users\sippa\Desktop\photo_test - test run\Q11_55.jpg  =>  C:\Users\sippa\Desktop\destination_folder_test\Photos\Unknown_Device\2017\12_December\Q11_55.jpg
2026-04-24 10:45:35  INFO      core.mover  MOVE  C:\Users\sippa\Desktop\photo_test - test run\QR-oom ziggaza.png  =>  C:\Users\sippa\Desktop\destination_folder_test\Photos\Unknown_Device\2012\10_October\QR-oom ziggaza.png
2026-04-24 10:45:35  INFO      core.mover  MOVE  C:\Users\sippa\Desktop\photo_test - test run\Q_06_6.JPG  =>  C:\Users\sippa\Desktop\destination_folder_test\Photos\Panasonic GX85\2017\06_June\Q_06_6.JPG
2026-04-24 10:45:35  INFO      core.mover  MOVE  C:\Users\sippa\Desktop\photo_test - test run\Q_06_8.JPG  =>  C:\Users\sippa\Desktop\destination_folder_test\Photos\Panasonic GX85\2017\06_June\Q_06_8.JPG
2026-04-24 10:45:35  INFO      core.mover  MOVE  C:\Users\sippa\Desktop\photo_test - test run\Q_09_03.JPG  =>  C:\Users\sippa\Desktop\destination_folder_test\Photos\Panasonic GX85\2017\09_September\Q_09_03.JPG
2026-04-24 10:45:35  INFO      core.mover  MOVE  C:\Users\sippa\Desktop\photo_test - test run\Q_12_07.JPG  =>  C:\Users\sippa\Desktop\destination_folder_test\Photos\Panasonic GX85\2017\12_December\Q_12_07.JPG
2026-04-24 10:45:35  INFO      core.mover  MOVE  C:\Users\sippa\Desktop\photo_test - test run\Q_12_08.JPG  =>  C:\Users\sippa\Desktop\destination_folder_test\Photos\Panasonic GX85\2017\12_December\Q_12_08.JPG
2026-04-24 10:45:35  INFO      core.mover  MOVE  C:\Users\sippa\Desktop\photo_test - test run\test_drum_nano.mp4  =>  C:\Users\sippa\Desktop\destination_folder_test\Videos\Unknown_Device\2021\07_July\test_drum_nano.mp4
2026-04-24 10:45:35  INFO      core.mover  MOVE  C:\Users\sippa\Desktop\photo_test - test run\test_drum_nano_2.mp4  =>  C:\Users\sippa\Desktop\destination_folder_test\Videos\Unknown_Device\2021\07_July\test_drum_nano_2.mp4
2026-04-24 10:45:35  INFO      core.mover  MOVE  C:\Users\sippa\Desktop\photo_test - test run\ticker.jpg  =>  C:\Users\sippa\Desktop\destination_folder_test\Photos\Sony NEX-5N\2013\04_April\ticker.jpg
2026-04-24 10:45:35  INFO      core.mover  MOVE  C:\Users\sippa\Desktop\photo_test - test run\VID_165730512_193223_687.mp4  =>  C:\Users\sippa\Desktop\destination_folder_test\Videos\Unknown_Device\2019\11_November\VID_165730512_193223_687.mp4
2026-04-24 10:45:35  INFO      core.mover  MOVE  C:\Users\sippa\Desktop\photo_test - test run\VID_92500220_085013_366.mp4  =>  C:\Users\sippa\Desktop\destination_folder_test\Videos\Unknown_Device\2019\08_August\VID_92500220_085013_366.mp4
2026-04-24 10:45:35  INFO      core.mover  MOVE  C:\Users\sippa\Desktop\photo_test - test run\XPLB0292.JPG  =>  C:\Users\sippa\Desktop\destination_folder_test\Photos\Apple iPad mini 1G\2015\11_November\XPLB0292.JPG
2026-04-24 10:45:35  INFO      core.mover  MOVE  C:\Users\sippa\Desktop\photo_test - test run\ziggaza_cover4-stamp.jpg  =>  C:\Users\sippa\Desktop\destination_folder_test\Photos\Unknown_Device\2014\02_February\ziggaza_cover4-stamp.jpg
2026-04-24 10:45:35  INFO      core.mover  MOVE  C:\Users\sippa\Desktop\photo_test - test run\20221018 fence post\11218294-8ef0-481a-ae00-3fcc7e44b8c9.mp4  =>  C:\Users\sippa\Desktop\destination_folder_test\Videos\Unknown_Device\2022\10_October\11218294-8ef0-481a-ae00-3fcc7e44b8c9.mp4
2026-04-24 10:45:35  INFO      core.mover  MOVE  C:\Users\sippa\Desktop\photo_test - test run\20221018 fence post\1220777.jpg  =>  C:\Users\sippa\Desktop\destination_folder_test\Photos\Unknown_Device\2022\10_October\1220777.jpg
2026-04-24 10:45:35  INFO      core.mover  MOVE  C:\Users\sippa\Desktop\photo_test - test run\20221018 fence post\1222446.jpg  =>  C:\Users\sippa\Desktop\destination_folder_test\Photos\Unknown_Device\2022\10_October\1222446.jpg
2026-04-24 10:45:35  INFO      core.mover  MOVE  C:\Users\sippa\Desktop\photo_test - test run\20221018 fence post\1_10.30.53.avi  =>  C:\Users\sippa\Desktop\destination_folder_test\Videos\Unknown_Device\2022\10_October\1_10.30.53.avi
2026-04-24 10:45:35  INFO      core.mover  MOVE  C:\Users\sippa\Desktop\photo_test - test run\20221018 fence post\P2850539.JPG  =>  C:\Users\sippa\Desktop\destination_folder_test\Photos\Panasonic GX85\2022\09_September\P2850539.JPG
2026-04-24 10:45:35  INFO      core.mover  MOVE  C:\Users\sippa\Desktop\photo_test - test run\20221018 fence post\P2910198.JPG  =>  C:\Users\sippa\Desktop\destination_folder_test\Photos\Panasonic GX85\2022\10_October\P2910198.JPG
2026-04-24 10:45:35  INFO      core.mover  MOVE  C:\Users\sippa\Desktop\photo_test - test run\20221018 fence post\P2910199.JPG  =>  C:\Users\sippa\Desktop\destination_folder_test\Photos\Panasonic GX85\2022\10_October\P2910199.JPG
2026-04-24 10:45:35  INFO      core.mover  MOVE  C:\Users\sippa\Desktop\photo_test - test run\20221018 fence post\P2940040.JPG  =>  C:\Users\sippa\Desktop\destination_folder_test\Photos\Panasonic GX85\2022\10_October\P2940040.JPG
2026-04-24 10:45:35  INFO      core.mover  MOVE  C:\Users\sippa\Desktop\photo_test - test run\20221018 fence post\P2940069.JPG  =>  C:\Users\sippa\Desktop\destination_folder_test\Photos\Panasonic GX85\2022\10_October\P2940069.JPG
2026-04-24 10:45:35  INFO      core.mover  MOVE  C:\Users\sippa\Desktop\photo_test - test run\20221018 fence post\P2940074.JPG  =>  C:\Users\sippa\Desktop\destination_folder_test\Photos\Panasonic GX85\2022\10_October\P2940074.JPG
2026-04-24 10:45:35  INFO      core.mover  MOVE  C:\Users\sippa\Desktop\photo_test - test run\20221018 fence post\P2940113.JPG  =>  C:\Users\sippa\Desktop\destination_folder_test\Photos\Panasonic GX85\2022\10_October\P2940113.JPG
2026-04-24 10:45:35  INFO      core.mover  MOVE  C:\Users\sippa\Desktop\photo_test - test run\20221018 fence post\P2940130.JPG  =>  C:\Users\sippa\Desktop\destination_folder_test\Photos\Panasonic GX85\2022\10_October\P2940130.JPG
2026-04-24 10:45:35  INFO      core.mover  MOVE  C:\Users\sippa\Desktop\photo_test - test run\20221018 fence post\P2940404.JPG  =>  C:\Users\sippa\Desktop\destination_folder_test\Photos\Panasonic GX85\2022\10_October\P2940404.JPG
2026-04-24 10:45:35  INFO      core.mover  MOVE  C:\Users\sippa\Desktop\photo_test - test run\20221018 fence post\P2940409.JPG  =>  C:\Users\sippa\Desktop\destination_folder_test\Photos\Panasonic GX85\2022\10_October\P2940409.JPG
2026-04-24 10:45:35  INFO      core.mover  MOVE  C:\Users\sippa\Desktop\photo_test - test run\20221018 fence post\Untitled.mp4  =>  C:\Users\sippa\Desktop\destination_folder_test\Videos\Unknown_Device\2022\10_October\Untitled.mp4
2026-04-24 10:45:35  INFO      core.mover  MOVE  C:\Users\sippa\Desktop\photo_test - test run\261_PANA\P2610449.MP4  =>  C:\Users\sippa\Desktop\destination_folder_test\Videos\Panasonic Lumix\2022\05_May\P2610449.MP4
2026-04-24 10:45:36  INFO      core.mover  MOVE  C:\Users\sippa\Desktop\photo_test - test run\261_PANA\P2610457.JPG  =>  C:\Users\sippa\Desktop\destination_folder_test\Photos\Panasonic GX85\2022\05_May\P2610457.JPG
2026-04-24 10:45:36  INFO      core.mover  MOVE  C:\Users\sippa\Desktop\photo_test - test run\261_PANA\P2610467.JPG  =>  C:\Users\sippa\Desktop\destination_folder_test\Photos\Panasonic GX85\2022\05_May\P2610467.JPG
2026-04-24 10:45:36  INFO      core.mover  MOVE  C:\Users\sippa\Desktop\photo_test - test run\261_PANA\P2610477.JPG  =>  C:\Users\sippa\Desktop\destination_folder_test\Photos\Panasonic GX85\2022\05_May\P2610477.JPG
2026-04-24 10:45:36  INFO      core.mover  MOVE  C:\Users\sippa\Desktop\photo_test - test run\261_PANA\P2610757.JPG  =>  C:\Users\sippa\Desktop\destination_folder_test\Photos\Panasonic GX85\2022\05_May\P2610757.JPG
2026-04-24 10:45:36  INFO      core.mover  MOVE  C:\Users\sippa\Desktop\photo_test - test run\261_PANA\P2610763.JPG  =>  C:\Users\sippa\Desktop\destination_folder_test\Photos\Panasonic GX85\2022\05_May\P2610763.JPG
2026-04-24 10:45:36  INFO      core.mover  MOVE  C:\Users\sippa\Desktop\photo_test - test run\261_PANA\P2610764.JPG  =>  C:\Users\sippa\Desktop\destination_folder_test\Photos\Panasonic GX85\2022\05_May\P2610764.JPG
2026-04-24 10:45:36  INFO      core.mover  MOVE  C:\Users\sippa\Desktop\photo_test - test run\261_PANA\P2610781.JPG  =>  C:\Users\sippa\Desktop\destination_folder_test\Photos\Panasonic GX85\2022\05_May\P2610781.JPG
2026-04-24 10:45:36  INFO      core.mover  MOVE  C:\Users\sippa\Desktop\photo_test - test run\324_PANA\P3240001.MP4  =>  C:\Users\sippa\Desktop\destination_folder_test\Videos\Panasonic Lumix\2023\04_April\P3240001.MP4
2026-04-24 10:45:36  INFO      core.mover  MOVE  C:\Users\sippa\Desktop\photo_test - test run\324_PANA\P3240015.JPG  =>  C:\Users\sippa\Desktop\destination_folder_test\Photos\Panasonic GX85\2023\04_April\P3240015.JPG
2026-04-24 10:45:36  INFO      core.mover  MOVE  C:\Users\sippa\Desktop\photo_test - test run\324_PANA\P3240020.JPG  =>  C:\Users\sippa\Desktop\destination_folder_test\Photos\Panasonic GX85\2023\04_April\P3240020.JPG
2026-04-24 10:45:36  INFO      core.mover  MOVE  C:\Users\sippa\Desktop\photo_test - test run\324_PANA\P3240025.JPG  =>  C:\Users\sippa\Desktop\destination_folder_test\Photos\Panasonic GX85\2023\04_April\P3240025.JPG
2026-04-24 10:45:36  INFO      core.mover  MOVE  C:\Users\sippa\Desktop\photo_test - test run\324_PANA\P3240026.JPG  =>  C:\Users\sippa\Desktop\destination_folder_test\Photos\Panasonic GX85\2023\04_April\P3240026.JPG
2026-04-24 10:45:36  INFO      core.mover  MOVE  C:\Users\sippa\Desktop\photo_test - test run\324_PANA\P3240357.JPG  =>  C:\Users\sippa\Desktop\destination_folder_test\Photos\Panasonic GX85\2023\04_April\P3240357.JPG
2026-04-24 10:45:36  INFO      core.mover  MOVE  C:\Users\sippa\Desktop\photo_test - test run\324_PANA\P3240366.JPG  =>  C:\Users\sippa\Desktop\destination_folder_test\Photos\Panasonic GX85\2023\04_April\P3240366.JPG
2026-04-24 10:45:36  INFO      core.mover  MOVE  C:\Users\sippa\Desktop\photo_test - test run\324_PANA\P3240715.JPG  =>  C:\Users\sippa\Desktop\destination_folder_test\Photos\Panasonic GX85\2023\04_April\P3240715.JPG
2026-04-24 10:45:36  INFO      core.mover  MOVE  C:\Users\sippa\Desktop\photo_test - test run\324_PANA\P3240716.JPG  =>  C:\Users\sippa\Desktop\destination_folder_test\Photos\Panasonic GX85\2023\04_April\P3240716.JPG
2026-04-24 10:45:36  INFO      core.mover  MOVE  C:\Users\sippa\Desktop\photo_test - test run\324_PANA\P3240854.JPG  =>  C:\Users\sippa\Desktop\destination_folder_test\Photos\Panasonic GX85\2023\04_April\P3240854.JPG
2026-04-24 10:45:36  INFO      core.mover  MOVE  C:\Users\sippa\Desktop\photo_test - test run\324_PANA\P3240856.JPG  =>  C:\Users\sippa\Desktop\destination_folder_test\Photos\Panasonic GX85\2023\04_April\P3240856.JPG
2026-04-24 10:45:36  INFO      core.mover  MOVE  C:\Users\sippa\Desktop\photo_test - test run\407_PANA\P4070462.MP4  =>  C:\Users\sippa\Desktop\destination_folder_test\Videos\Panasonic Lumix\2025\11_November\P4070462.MP4
2026-04-24 10:45:36  INFO      core.mover  MOVE  C:\Users\sippa\Desktop\photo_test - test run\407_PANA\P4070475.JPG  =>  C:\Users\sippa\Desktop\destination_folder_test\Photos\Panasonic GX85\2025\11_November\P4070475.JPG
2026-04-24 10:45:36  INFO      core.mover  MOVE  C:\Users\sippa\Desktop\photo_test - test run\407_PANA\P4070485.JPG  =>  C:\Users\sippa\Desktop\destination_folder_test\Photos\Panasonic GX85\2025\11_November\P4070485.JPG
2026-04-24 10:45:36  INFO      core.mover  MOVE  C:\Users\sippa\Desktop\photo_test - test run\407_PANA\P4070494.JPG  =>  C:\Users\sippa\Desktop\destination_folder_test\Photos\Panasonic GX85\2025\11_November\P4070494.JPG
2026-04-24 10:45:36  INFO      core.mover  MOVE  C:\Users\sippa\Desktop\photo_test - test run\407_PANA\P4070495.JPG  =>  C:\Users\sippa\Desktop\destination_folder_test\Photos\Panasonic GX85\2025\11_November\P4070495.JPG
2026-04-24 10:45:36  INFO      core.mover  MOVE  C:\Users\sippa\Desktop\photo_test - test run\407_PANA\P4070505.JPG  =>  C:\Users\sippa\Desktop\destination_folder_test\Photos\Panasonic GX85\2025\11_November\P4070505.JPG
2026-04-24 10:45:36  INFO      core.mover  MOVE  C:\Users\sippa\Desktop\photo_test - test run\407_PANA\P4070506.JPG  =>  C:\Users\sippa\Desktop\destination_folder_test\Photos\Panasonic GX85\2025\11_November\P4070506.JPG
2026-04-24 10:45:36  INFO      core.mover  MOVE  C:\Users\sippa\Desktop\photo_test - test run\407_PANA\P4070625.JPG  =>  C:\Users\sippa\Desktop\destination_folder_test\Photos\Panasonic GX85\2025\11_November\P4070625.JPG
2026-04-24 10:45:36  INFO      core.mover  MOVE  C:\Users\sippa\Desktop\photo_test - test run\407_PANA\P4070627.JPG  =>  C:\Users\sippa\Desktop\destination_folder_test\Photos\Panasonic GX85\2025\11_November\P4070627.JPG
2026-04-24 10:45:36  INFO      core.mover  MOVE  C:\Users\sippa\Desktop\photo_test - test run\407_PANA\P4070766.JPG  =>  C:\Users\sippa\Desktop\destination_folder_test\Photos\Panasonic GX85\2025\11_November\P4070766.JPG
2026-04-24 10:45:36  INFO      core.mover  MOVE  C:\Users\sippa\Desktop\photo_test - test run\407_PANA\P4070768.JPG  =>  C:\Users\sippa\Desktop\destination_folder_test\Photos\Panasonic GX85\2025\11_November\P4070768.JPG
2026-04-24 10:45:36  INFO      core.mover  MOVE  C:\Users\sippa\Desktop\photo_test - test run\Pyjamas\P2560373.JPG  =>  C:\Users\sippa\Desktop\destination_folder_test\Photos\Panasonic GX85\2022\02_February\P2560373.JPG
2026-04-24 10:45:36  INFO      core.mover  MOVE  C:\Users\sippa\Desktop\photo_test - test run\Pyjamas\P2560374.JPG  =>  C:\Users\sippa\Desktop\destination_folder_test\Photos\Panasonic GX85\2022\02_February\P2560374.JPG
2026-04-24 10:45:36  INFO      core.mover  MOVE  C:\Users\sippa\Desktop\photo_test - test run\Pyjamas\P2560375.JPG  =>  C:\Users\sippa\Desktop\destination_folder_test\Photos\Panasonic GX85\2022\02_February\P2560375.JPG
2026-04-24 10:45:36  INFO      core.mover  MOVE  C:\Users\sippa\Desktop\photo_test - test run\Pyjamas\P2560380.JPG  =>  C:\Users\sippa\Desktop\destination_folder_test\Photos\Panasonic GX85\2022\02_February\P2560380.JPG
2026-04-24 10:45:36  INFO      core.mover  MOVE  C:\Users\sippa\Desktop\photo_test - test run\Pyjamas\P2560382.JPG  =>  C:\Users\sippa\Desktop\destination_folder_test\Photos\Panasonic GX85\2022\02_February\P2560382.JPG
2026-04-24 10:45:36  INFO      core.mover  MOVE  C:\Users\sippa\Desktop\photo_test - test run\Pyjamas\P2560383.JPG  =>  C:\Users\sippa\Desktop\destination_folder_test\Photos\Panasonic GX85\2022\02_February\P2560383.JPG
2026-04-24 10:45:36  INFO      core.mover  MOVE  C:\Users\sippa\Desktop\photo_test - test run\Pyjamas\P2560393.JPG  =>  C:\Users\sippa\Desktop\destination_folder_test\Photos\Panasonic GX85\2022\02_February\P2560393.JPG
2026-04-24 10:45:36  INFO      core.mover  Done. moved=370 dupes=0 resumed=0 errors=0 elapsed=6.0s @ 62.0 files/s
2026-04-24 10:48:01  WARNING   exifread  PNG file does not have exif data.
2026-04-24 10:48:02  WARNING   exifread  PNG file does not have exif data.
2026-04-24 10:48:02  WARNING   exifread  PNG file does not have exif data.
2026-04-24 10:48:02  INFO      core.mover  DRY   C:\Users\sippa\Desktop\photo_test - test run\00003.MTS  =>  C:\Users\sippa\Desktop\destination_folder_test\Videos\Sony AVCHD\2019\08_August\00003.MTS
2026-04-24 10:48:02  INFO      core.mover  DRY   C:\Users\sippa\Desktop\photo_test - test run\00013.MTS  =>  C:\Users\sippa\Desktop\destination_folder_test\Videos\Sony AVCHD\2014\06_June\00013.MTS
2026-04-24 10:48:02  INFO      core.mover  DRY   C:\Users\sippa\Desktop\photo_test - test run\00073.MTS  =>  C:\Users\sippa\Desktop\destination_folder_test\Videos\Sony AVCHD\2018\09_September\00073.MTS
2026-04-24 10:48:02  INFO      core.mover  DRY   C:\Users\sippa\Desktop\photo_test - test run\00074.MTS  =>  C:\Users\sippa\Desktop\destination_folder_test\Videos\Sony AVCHD\2018\09_September\00074.MTS
2026-04-24 10:48:02  INFO      core.mover  DRY   C:\Users\sippa\Desktop\photo_test - test run\00081.MTS  =>  C:\Users\sippa\Desktop\destination_folder_test\Videos\Sony AVCHD\2018\09_September\00081.MTS
2026-04-24 10:48:02  INFO      core.mover  DRY   C:\Users\sippa\Desktop\photo_test - test run\1505891619099.jpg  =>  C:\Users\sippa\Desktop\destination_folder_test\Photos\Unknown_Device\2017\12_December\1505891619099.jpg
2026-04-24 10:48:02  INFO      core.mover  DRY   C:\Users\sippa\Desktop\photo_test - test run\1507032871478.jpg  =>  C:\Users\sippa\Desktop\destination_folder_test\Photos\Unknown_Device\2017\12_December\1507032871478.jpg
2026-04-24 10:48:02  INFO      core.mover  DRY   C:\Users\sippa\Desktop\photo_test - test run\1509169149018_fact_1.jpg  =>  C:\Users\sippa\Desktop\destination_folder_test\Photos\Unknown_Device\2017\10_October\1509169149018_fact_1.jpg
2026-04-24 10:48:02  INFO      core.mover  DRY   C:\Users\sippa\Desktop\photo_test - test run\1548945374710_fact_1.jpg  =>  C:\Users\sippa\Desktop\destination_folder_test\Photos\Unknown_Device\2019\01_January\1548945374710_fact_1.jpg
2026-04-24 10:48:02  INFO      core.mover  DRY   C:\Users\sippa\Desktop\photo_test - test run\20151219_155545.jpg  =>  C:\Users\sippa\Desktop\destination_folder_test\Photos\Samsung Galaxy Note 4\2015\12_December\20151219_155545.jpg
2026-04-24 10:48:02  INFO      core.mover  DRY   C:\Users\sippa\Desktop\photo_test - test run\20160530_195932.jpg  =>  C:\Users\sippa\Desktop\destination_folder_test\Photos\Samsung Galaxy Note 4\2016\05_May\20160530_195932.jpg
2026-04-24 10:48:02  INFO      core.mover  DRY   C:\Users\sippa\Desktop\photo_test - test run\20170828_192518.jpg  =>  C:\Users\sippa\Desktop\destination_folder_test\Photos\Samsung Galaxy Note 4\2017\08_August\20170828_192518.jpg
2026-04-24 10:48:02  INFO      core.mover  DRY   C:\Users\sippa\Desktop\photo_test - test run\20170828_222242.jpg  =>  C:\Users\sippa\Desktop\destination_folder_test\Photos\Samsung Galaxy Note 4\2017\08_August\20170828_222242.jpg
2026-04-24 10:48:02  INFO      core.mover  DRY   C:\Users\sippa\Desktop\photo_test - test run\20170903_163928.jpg  =>  C:\Users\sippa\Desktop\destination_folder_test\Photos\Samsung Galaxy Note 4\2017\09_September\20170903_163928.jpg
2026-04-24 10:48:02  INFO      core.mover  DRY   C:\Users\sippa\Desktop\photo_test - test run\20170903_194250.jpg  =>  C:\Users\sippa\Desktop\destination_folder_test\Photos\Samsung Galaxy Note 4\2017\09_September\20170903_194250.jpg
2026-04-24 10:48:02  INFO      core.mover  DRY   C:\Users\sippa\Desktop\photo_test - test run\20170903_194254.jpg  =>  C:\Users\sippa\Desktop\destination_folder_test\Photos\Samsung Galaxy Note 4\2017\09_September\20170903_194254.jpg
2026-04-24 10:48:02  INFO      core.mover  DRY   C:\Users\sippa\Desktop\photo_test - test run\20170909_182011.jpg  =>  C:\Users\sippa\Desktop\destination_folder_test\Photos\Samsung Galaxy Note 4\2017\09_September\20170909_182011.jpg
2026-04-24 10:48:02  INFO      core.mover  DRY   C:\Users\sippa\Desktop\photo_test - test run\20170909_182016.jpg  =>  C:\Users\sippa\Desktop\destination_folder_test\Photos\Samsung Galaxy Note 4\2017\09_September\20170909_182016.jpg
2026-04-24 10:48:02  INFO      core.mover  DRY   C:\Users\sippa\Desktop\photo_test - test run\20170910_134231.jpg  =>  C:\Users\sippa\Desktop\destination_folder_test\Photos\Samsung Galaxy Note 4\2017\09_September\20170910_134231.jpg
2026-04-24 10:48:02  INFO      core.mover  DRY   C:\Users\sippa\Desktop\photo_test - test run\20170913_193231.jpg  =>  C:\Users\sippa\Desktop\destination_folder_test\Photos\Samsung Galaxy Note 4\2017\09_September\20170913_193231.jpg
2026-04-24 10:48:02  INFO      core.mover  DRY   C:\Users\sippa\Desktop\photo_test - test run\20170913_193722.jpg  =>  C:\Users\sippa\Desktop\destination_folder_test\Photos\Samsung Galaxy Note 4\2017\09_September\20170913_193722.jpg
2026-04-24 10:48:02  INFO      core.mover  DRY   C:\Users\sippa\Desktop\photo_test - test run\20170914_082221.jpg  =>  C:\Users\sippa\Desktop\destination_folder_test\Photos\Samsung Galaxy Note 4\2017\09_September\20170914_082221.jpg
2026-04-24 10:48:02  INFO      core.mover  DRY   C:\Users\sippa\Desktop\photo_test - test run\20170918_210731.jpg  =>  C:\Users\sippa\Desktop\destination_folder_test\Photos\Samsung Galaxy Note 4\2017\09_September\20170918_210731.jpg
2026-04-24 10:48:02  INFO      core.mover  DRY   C:\Users\sippa\Desktop\photo_test - test run\20170920_091921.jpg  =>  C:\Users\sippa\Desktop\destination_folder_test\Photos\Samsung Galaxy Note 4\2017\09_September\20170920_091921.jpg
2026-04-24 10:48:02  INFO      core.mover  DRY   C:\Users\sippa\Desktop\photo_test - test run\20170920_183506.jpg  =>  C:\Users\sippa\Desktop\destination_folder_test\Photos\Samsung Galaxy Note 4\2017\09_September\20170920_183506.jpg
2026-04-24 10:48:02  INFO      core.mover  DRY   C:\Users\sippa\Desktop\photo_test - test run\20170922_070834.jpg  =>  C:\Users\sippa\Desktop\destination_folder_test\Photos\Samsung Galaxy Note 4\2017\09_September\20170922_070834.jpg
2026-04-24 10:48:02  INFO      core.mover  DRY   C:\Users\sippa\Desktop\photo_test - test run\20171214_232725.jpg  =>  C:\Users\sippa\Desktop\destination_folder_test\Photos\Samsung Galaxy Note 8\2017\12_December\20171214_232725.jpg
2026-04-24 10:48:02  INFO      core.mover  DRY   C:\Users\sippa\Desktop\photo_test - test run\20171215_084609.jpg  =>  C:\Users\sippa\Desktop\destination_folder_test\Photos\Samsung Galaxy Note 8\2017\12_December\20171215_084609.jpg
2026-04-24 10:48:02  INFO      core.mover  DRY   C:\Users\sippa\Desktop\photo_test - test run\20171215_131459.jpg  =>  C:\Users\sippa\Desktop\destination_folder_test\Photos\Samsung Galaxy Note 8\2017\12_December\20171215_131459.jpg
2026-04-24 10:48:02  INFO      core.mover  DRY   C:\Users\sippa\Desktop\photo_test - test run\20171216_075334.jpg  =>  C:\Users\sippa\Desktop\destination_folder_test\Photos\Samsung Galaxy Note 8\2017\12_December\20171216_075334.jpg
2026-04-24 10:48:02  INFO      core.mover  DRY   C:\Users\sippa\Desktop\photo_test - test run\20180106_131509.jpg  =>  C:\Users\sippa\Desktop\destination_folder_test\Photos\Samsung Galaxy Note 8\2018\01_January\20180106_131509.jpg
2026-04-24 10:48:02  INFO      core.mover  DRY   C:\Users\sippa\Desktop\photo_test - test run\20180107_163817.jpg  =>  C:\Users\sippa\Desktop\destination_folder_test\Photos\Samsung Galaxy Note 8\2018\01_January\20180107_163817.jpg
2026-04-24 10:48:02  INFO      core.mover  DRY   C:\Users\sippa\Desktop\photo_test - test run\20180108_094914.jpg  =>  C:\Users\sippa\Desktop\destination_folder_test\Photos\Samsung Galaxy Note 8\2018\01_January\20180108_094914.jpg
2026-04-24 10:48:02  INFO      core.mover  DRY   C:\Users\sippa\Desktop\photo_test - test run\20180108_094916.jpg  =>  C:\Users\sippa\Desktop\destination_folder_test\Photos\Samsung Galaxy Note 8\2018\01_January\20180108_094916.jpg
2026-04-24 10:48:02  INFO      core.mover  DRY   C:\Users\sippa\Desktop\photo_test - test run\20180112_185251.jpg  =>  C:\Users\sippa\Desktop\destination_folder_test\Photos\Samsung Galaxy Note 8\2018\01_January\20180112_185251.jpg
2026-04-24 10:48:02  INFO      core.mover  DRY   C:\Users\sippa\Desktop\photo_test - test run\20180120_125333.jpg  =>  C:\Users\sippa\Desktop\destination_folder_test\Photos\Samsung Galaxy Note 8\2018\01_January\20180120_125333.jpg
2026-04-24 10:48:02  INFO      core.mover  DRY   C:\Users\sippa\Desktop\photo_test - test run\20180120_125336.jpg  =>  C:\Users\sippa\Desktop\destination_folder_test\Photos\Samsung Galaxy Note 8\2018\01_January\20180120_125336.jpg
2026-04-24 10:48:02  INFO      core.mover  DRY   C:\Users\sippa\Desktop\photo_test - test run\20180304_182410.mp4  =>  C:\Users\sippa\Desktop\destination_folder_test\Videos\Android Camera\2018\03_March\20180304_182410.mp4
2026-04-24 10:48:02  INFO      core.mover  DRY   C:\Users\sippa\Desktop\photo_test - test run\20180310_175705.mp4  =>  C:\Users\sippa\Desktop\destination_folder_test\Videos\Android Camera\2018\03_March\20180310_175705.mp4
2026-04-24 10:48:02  INFO      core.mover  DRY   C:\Users\sippa\Desktop\photo_test - test run\20190131_075907.jpg  =>  C:\Users\sippa\Desktop\destination_folder_test\Photos\samsung SM-G950F\2019\01_January\20190131_075907.jpg
2026-04-24 10:48:03  INFO      core.mover  DRY   C:\Users\sippa\Desktop\photo_test - test run\20190201_135857.jpg  =>  C:\Users\sippa\Desktop\destination_folder_test\Photos\samsung SM-G950F\2019\02_February\20190201_135857.jpg
2026-04-24 10:48:03  INFO      core.mover  DRY   C:\Users\sippa\Desktop\photo_test - test run\20190206_172621.jpg  =>  C:\Users\sippa\Desktop\destination_folder_test\Photos\samsung SM-G950F\2019\02_February\20190206_172621.jpg
2026-04-24 10:48:03  INFO      core.mover  DRY   C:\Users\sippa\Desktop\photo_test - test run\20190208_172441.jpg  =>  C:\Users\sippa\Desktop\destination_folder_test\Photos\samsung SM-G950F\2019\02_February\20190208_172441.jpg
2026-04-24 10:48:03  INFO      core.mover  DRY   C:\Users\sippa\Desktop\photo_test - test run\20190214_161930.jpg  =>  C:\Users\sippa\Desktop\destination_folder_test\Photos\samsung SM-G950F\2019\02_February\20190214_161930.jpg
2026-04-24 10:48:03  INFO      core.mover  DRY   C:\Users\sippa\Desktop\photo_test - test run\20190228_131541.mp4  =>  C:\Users\sippa\Desktop\destination_folder_test\Videos\Android Camera\2019\02_February\20190228_131541.mp4
2026-04-24 10:48:03  INFO      core.mover  DRY   C:\Users\sippa\Desktop\photo_test - test run\20190420_153005.jpg  =>  C:\Users\sippa\Desktop\destination_folder_test\Photos\samsung SM-G950F\2019\04_April\20190420_153005.jpg
2026-04-24 10:48:03  INFO      core.mover  DRY   C:\Users\sippa\Desktop\photo_test - test run\20190420_153007.jpg  =>  C:\Users\sippa\Desktop\destination_folder_test\Photos\samsung SM-G950F\2019\04_April\20190420_153007.jpg
2026-04-24 10:48:03  INFO      core.mover  DRY   C:\Users\sippa\Desktop\photo_test - test run\20190420_181427.mp4  =>  C:\Users\sippa\Desktop\destination_folder_test\Videos\Android Camera\2019\04_April\20190420_181427.mp4
2026-04-24 10:48:03  INFO      core.mover  DRY   C:\Users\sippa\Desktop\photo_test - test run\20190422_105910.jpg  =>  C:\Users\sippa\Desktop\destination_folder_test\Photos\samsung SM-G950F\2019\04_April\20190422_105910.jpg
2026-04-24 10:48:03  INFO      core.mover  DRY   C:\Users\sippa\Desktop\photo_test - test run\20190422_105913.jpg  =>  C:\Users\sippa\Desktop\destination_folder_test\Photos\samsung SM-G950F\2019\04_April\20190422_105913.jpg
2026-04-24 10:48:03  INFO      core.mover  DRY   C:\Users\sippa\Desktop\photo_test - test run\20190424_134215.jpg  =>  C:\Users\sippa\Desktop\destination_folder_test\Photos\samsung SM-G950F\2019\04_April\20190424_134215.jpg
2026-04-24 10:48:03  INFO      core.mover  DRY   C:\Users\sippa\Desktop\photo_test - test run\20190425_154405.jpg  =>  C:\Users\sippa\Desktop\destination_folder_test\Photos\samsung SM-G950F\2019\04_April\20190425_154405.jpg
2026-04-24 10:48:03  INFO      core.mover  DRY   C:\Users\sippa\Desktop\photo_test - test run\20190625_170010.jpg  =>  C:\Users\sippa\Desktop\destination_folder_test\Photos\samsung SM-G950F\2019\06_June\20190625_170010.jpg
2026-04-24 10:48:03  INFO      core.mover  DRY   C:\Users\sippa\Desktop\photo_test - test run\20190708_080120.jpg  =>  C:\Users\sippa\Desktop\destination_folder_test\Photos\samsung SM-G950F\2019\07_July\20190708_080120.jpg
2026-04-24 10:48:03  INFO      core.mover  DRY   C:\Users\sippa\Desktop\photo_test - test run\20190712_071652.jpg  =>  C:\Users\sippa\Desktop\destination_folder_test\Photos\samsung SM-G950F\2019\07_July\20190712_071652.jpg
2026-04-24 10:48:03  INFO      core.mover  DRY   C:\Users\sippa\Desktop\photo_test - test run\20190718_081459.mp4  =>  C:\Users\sippa\Desktop\destination_folder_test\Videos\Android Camera\2019\07_July\20190718_081459.mp4
2026-04-24 10:48:03  INFO      core.mover  DRY   C:\Users\sippa\Desktop\photo_test - test run\20190722_122434.jpg  =>  C:\Users\sippa\Desktop\destination_folder_test\Photos\samsung SM-G950F\2019\07_July\20190722_122434.jpg
2026-04-24 10:48:03  INFO      core.mover  DRY   C:\Users\sippa\Desktop\photo_test - test run\20190723_075510.jpg  =>  C:\Users\sippa\Desktop\destination_folder_test\Photos\samsung SM-G950F\2019\07_July\20190723_075510.jpg
2026-04-24 10:48:03  INFO      core.mover  DRY   C:\Users\sippa\Desktop\photo_test - test run\20190723_221645.mp4  =>  C:\Users\sippa\Desktop\destination_folder_test\Videos\Android Camera\2019\07_July\20190723_221645.mp4
2026-04-24 10:48:03  INFO      core.mover  DRY   C:\Users\sippa\Desktop\photo_test - test run\20190728_075803.mp4  =>  C:\Users\sippa\Desktop\destination_folder_test\Videos\Android Camera\2019\07_July\20190728_075803.mp4
2026-04-24 10:48:03  INFO      core.mover  DRY   C:\Users\sippa\Desktop\photo_test - test run\20200213_094515.mp4  =>  C:\Users\sippa\Desktop\destination_folder_test\Videos\Android Camera\2020\02_February\20200213_094515.mp4
2026-04-24 10:48:03  INFO      core.mover  DRY   C:\Users\sippa\Desktop\photo_test - test run\20200227_081540.mp4  =>  C:\Users\sippa\Desktop\destination_folder_test\Videos\Android Camera\2020\02_February\20200227_081540.mp4
2026-04-24 10:48:03  INFO      core.mover  DRY   C:\Users\sippa\Desktop\photo_test - test run\20200624_193426.mp4  =>  C:\Users\sippa\Desktop\destination_folder_test\Videos\Android Camera\2020\06_June\20200624_193426.mp4
2026-04-24 10:48:03  INFO      core.mover  DRY   C:\Users\sippa\Desktop\photo_test - test run\20230730_170149.jpg  =>  C:\Users\sippa\Desktop\destination_folder_test\Photos\Samsung Galaxy Note 8\2023\07_July\20230730_170149.jpg
2026-04-24 10:48:03  INFO      core.mover  DRY   C:\Users\sippa\Desktop\photo_test - test run\20230730_174024.jpg  =>  C:\Users\sippa\Desktop\destination_folder_test\Photos\Samsung Galaxy Note 8\2023\07_July\20230730_174024.jpg
2026-04-24 10:48:03  INFO      core.mover  DRY   C:\Users\sippa\Desktop\photo_test - test run\20230730_174030.jpg  =>  C:\Users\sippa\Desktop\destination_folder_test\Photos\Samsung Galaxy Note 8\2023\07_July\20230730_174030.jpg
2026-04-24 10:48:03  INFO      core.mover  DRY   C:\Users\sippa\Desktop\photo_test - test run\20230731_172322.mp4  =>  C:\Users\sippa\Desktop\destination_folder_test\Videos\Android Camera\2023\07_July\20230731_172322.mp4
2026-04-24 10:48:03  INFO      core.mover  DRY   C:\Users\sippa\Desktop\photo_test - test run\20260306_070840.jpg  =>  C:\Users\sippa\Desktop\destination_folder_test\Photos\Samsung Galaxy S25 Ultra\2026\03_March\20260306_070840.jpg
2026-04-24 10:48:03  INFO      core.mover  DRY   C:\Users\sippa\Desktop\photo_test - test run\20260306_070844.jpg  =>  C:\Users\sippa\Desktop\destination_folder_test\Photos\Samsung Galaxy S25 Ultra\2026\03_March\20260306_070844.jpg
2026-04-24 10:48:03  INFO      core.mover  DRY   C:\Users\sippa\Desktop\photo_test - test run\20260306_082037.jpg  =>  C:\Users\sippa\Desktop\destination_folder_test\Photos\Samsung Galaxy S25 Ultra\2026\03_March\20260306_082037.jpg
2026-04-24 10:48:03  INFO      core.mover  DRY   C:\Users\sippa\Desktop\photo_test - test run\20260306_082039.jpg  =>  C:\Users\sippa\Desktop\destination_folder_test\Photos\Samsung Galaxy S25 Ultra\2026\03_March\20260306_082039.jpg
2026-04-24 10:48:03  INFO      core.mover  DRY   C:\Users\sippa\Desktop\photo_test - test run\20260306_132126.jpg  =>  C:\Users\sippa\Desktop\destination_folder_test\Photos\Samsung Galaxy S25 Ultra\2026\03_March\20260306_132126.jpg
2026-04-24 10:48:03  INFO      core.mover  DRY   C:\Users\sippa\Desktop\photo_test - test run\20260306_132128.jpg  =>  C:\Users\sippa\Desktop\destination_folder_test\Photos\Samsung Galaxy S25 Ultra\2026\03_March\20260306_132128.jpg
2026-04-24 10:48:03  INFO      core.mover  DRY   C:\Users\sippa\Desktop\photo_test - test run\A7I07804.JPG  =>  C:\Users\sippa\Desktop\destination_folder_test\Photos\Sony A7 II\2022\12_December\A7I07804.JPG
2026-04-24 10:48:03  INFO      core.mover  DRY   C:\Users\sippa\Desktop\photo_test - test run\A7I07823.JPG  =>  C:\Users\sippa\Desktop\destination_folder_test\Photos\Sony A7 II\2022\12_December\A7I07823.JPG
2026-04-24 10:48:04  INFO      core.mover  DRY   C:\Users\sippa\Desktop\photo_test - test run\A7I07826.JPG  =>  C:\Users\sippa\Desktop\destination_folder_test\Photos\Sony A7 II\2022\12_December\A7I07826.JPG
2026-04-24 10:48:04  INFO      core.mover  DRY   C:\Users\sippa\Desktop\photo_test - test run\A7I07833.JPG  =>  C:\Users\sippa\Desktop\destination_folder_test\Photos\Sony A7 II\2022\12_December\A7I07833.JPG
2026-04-24 10:48:04  INFO      core.mover  DRY   C:\Users\sippa\Desktop\photo_test - test run\A7I07835.JPG  =>  C:\Users\sippa\Desktop\destination_folder_test\Photos\Sony A7 II\2022\12_December\A7I07835.JPG
2026-04-24 10:48:04  INFO      core.mover  DRY   C:\Users\sippa\Desktop\photo_test - test run\A7I07989.JPG  =>  C:\Users\sippa\Desktop\destination_folder_test\Photos\Sony A7 II\2022\12_December\A7I07989.JPG
2026-04-24 10:48:04  INFO      core.mover  DRY   C:\Users\sippa\Desktop\photo_test - test run\C0322.MP4  =>  C:\Users\sippa\Desktop\destination_folder_test\Videos\Panasonic Lumix\2020\09_September\C0322.MP4
2026-04-24 10:48:04  INFO      core.mover  DRY   C:\Users\sippa\Desktop\photo_test - test run\C0526.MP4  =>  C:\Users\sippa\Desktop\destination_folder_test\Videos\Panasonic Lumix\2020\12_December\C0526.MP4
2026-04-24 10:48:04  INFO      core.mover  DRY   C:\Users\sippa\Desktop\photo_test - test run\C1640.MP4  =>  C:\Users\sippa\Desktop\destination_folder_test\Videos\Panasonic Lumix\2022\10_October\C1640.MP4
2026-04-24 10:48:04  INFO      core.mover  DRY   C:\Users\sippa\Desktop\photo_test - test run\capture_29.png  =>  C:\Users\sippa\Desktop\destination_folder_test\Photos\Unknown_Device\2012\03_March\capture_29.png
2026-04-24 10:48:04  INFO      core.mover  DRY   C:\Users\sippa\Desktop\photo_test - test run\complete_ver2_youtube.avi  =>  C:\Users\sippa\Desktop\destination_folder_test\Videos\Unknown_Device\2016\03_March\complete_ver2_youtube.avi
2026-04-24 10:48:04  INFO      core.mover  DRY   C:\Users\sippa\Desktop\photo_test - test run\DJI_0890.JPG  =>  C:\Users\sippa\Desktop\destination_folder_test\Photos\DJI Spark\2020\12_December\DJI_0890.JPG
2026-04-24 10:48:04  INFO      core.mover  DRY   C:\Users\sippa\Desktop\photo_test - test run\DJI_0891.JPG  =>  C:\Users\sippa\Desktop\destination_folder_test\Photos\DJI Spark\2020\12_December\DJI_0891.JPG
2026-04-24 10:48:04  INFO      core.mover  DRY   C:\Users\sippa\Desktop\photo_test - test run\DJI_0892.JPG  =>  C:\Users\sippa\Desktop\destination_folder_test\Photos\DJI Spark\2020\12_December\DJI_0892.JPG
2026-04-24 10:48:04  INFO      core.mover  DRY   C:\Users\sippa\Desktop\photo_test - test run\DJI_0914.MP4  =>  C:\Users\sippa\Desktop\destination_folder_test\Videos\DJI Drone\2021\01_January\DJI_0914.MP4
2026-04-24 10:48:04  INFO      core.mover  DRY   C:\Users\sippa\Desktop\photo_test - test run\DJI_0959.JPG  =>  C:\Users\sippa\Desktop\destination_folder_test\Photos\DJI Spark\2023\01_January\DJI_0959.JPG
2026-04-24 10:48:04  INFO      core.mover  DRY   C:\Users\sippa\Desktop\photo_test - test run\DJI_1292.MP4  =>  C:\Users\sippa\Desktop\destination_folder_test\Videos\DJI Drone\2026\04_April\DJI_1292.MP4
2026-04-24 10:48:04  INFO      core.mover  DRY   C:\Users\sippa\Desktop\photo_test - test run\DJI_1295.JPG  =>  C:\Users\sippa\Desktop\destination_folder_test\Photos\DJI Spark\2026\04_April\DJI_1295.JPG
2026-04-24 10:48:04  INFO      core.mover  DRY   C:\Users\sippa\Desktop\photo_test - test run\DJI_1296.JPG  =>  C:\Users\sippa\Desktop\destination_folder_test\Photos\DJI Spark\2026\04_April\DJI_1296.JPG
2026-04-24 10:48:04  INFO      core.mover  DRY   C:\Users\sippa\Desktop\photo_test - test run\DSC00526.JPG  =>  C:\Users\sippa\Desktop\destination_folder_test\Photos\SONY ILCE-5000\2015\01_January\DSC00526.JPG
2026-04-24 10:48:04  INFO      core.mover  DRY   C:\Users\sippa\Desktop\photo_test - test run\DSC00560.JPG  =>  C:\Users\sippa\Desktop\destination_folder_test\Photos\SONY ILCE-5000\2015\01_January\DSC00560.JPG
2026-04-24 10:48:04  INFO      core.mover  DRY   C:\Users\sippa\Desktop\photo_test - test run\DSC00570.JPG  =>  C:\Users\sippa\Desktop\destination_folder_test\Photos\SONY ILCE-5000\2015\01_January\DSC00570.JPG
2026-04-24 10:48:04  INFO      core.mover  DRY   C:\Users\sippa\Desktop\photo_test - test run\DSC00619.JPG  =>  C:\Users\sippa\Desktop\destination_folder_test\Photos\SONY ILCE-5000\2015\01_January\DSC00619.JPG
2026-04-24 10:48:04  INFO      core.mover  DRY   C:\Users\sippa\Desktop\photo_test - test run\DSC00670.JPG  =>  C:\Users\sippa\Desktop\destination_folder_test\Photos\SONY ILCE-5000\2015\01_January\DSC00670.JPG
2026-04-24 10:48:04  INFO      core.mover  DRY   C:\Users\sippa\Desktop\photo_test - test run\DSC02383.JPG  =>  C:\Users\sippa\Desktop\destination_folder_test\Photos\Sony FDR-AX33\2023\04_April\DSC02383.JPG
2026-04-24 10:48:04  INFO      core.mover  DRY   C:\Users\sippa\Desktop\photo_test - test run\DSC02403.JPG  =>  C:\Users\sippa\Desktop\destination_folder_test\Photos\Sony FDR-AX33\2023\04_April\DSC02403.JPG
2026-04-24 10:48:04  INFO      core.mover  DRY   C:\Users\sippa\Desktop\photo_test - test run\DSC02427.JPG  =>  C:\Users\sippa\Desktop\destination_folder_test\Photos\Sony FDR-AX33\2023\04_April\DSC02427.JPG
2026-04-24 10:48:04  INFO      core.mover  DRY   C:\Users\sippa\Desktop\photo_test - test run\DSC02447.JPG  =>  C:\Users\sippa\Desktop\destination_folder_test\Photos\Sony FDR-AX33\2023\04_April\DSC02447.JPG
2026-04-24 10:48:04  INFO      core.mover  DRY   C:\Users\sippa\Desktop\photo_test - test run\DSC02460.JPG  =>  C:\Users\sippa\Desktop\destination_folder_test\Photos\Sony FDR-AX33\2023\04_April\DSC02460.JPG
2026-04-24 10:48:04  INFO      core.mover  DRY   C:\Users\sippa\Desktop\photo_test - test run\DSC02462.JPG  =>  C:\Users\sippa\Desktop\destination_folder_test\Photos\Sony FDR-AX33\2023\04_April\DSC02462.JPG
2026-04-24 10:48:04  INFO      core.mover  DRY   C:\Users\sippa\Desktop\photo_test - test run\DSC07301.JPG  =>  C:\Users\sippa\Desktop\destination_folder_test\Photos\SONY ILCE-5000\2014\12_December\DSC07301.JPG
2026-04-24 10:48:04  INFO      core.mover  DRY   C:\Users\sippa\Desktop\photo_test - test run\DSC07435.JPG  =>  C:\Users\sippa\Desktop\destination_folder_test\Photos\SONY ILCE-5000\2014\12_December\DSC07435.JPG
2026-04-24 10:48:04  INFO      core.mover  DRY   C:\Users\sippa\Desktop\photo_test - test run\DSC07544.JPG  =>  C:\Users\sippa\Desktop\destination_folder_test\Photos\SONY ILCE-5000\2014\12_December\DSC07544.JPG
2026-04-24 10:48:04  INFO      core.mover  DRY   C:\Users\sippa\Desktop\photo_test - test run\DSC07571.JPG  =>  C:\Users\sippa\Desktop\destination_folder_test\Photos\SONY ILCE-5000\2014\12_December\DSC07571.JPG
2026-04-24 10:48:04  INFO      core.mover  DRY   C:\Users\sippa\Desktop\photo_test - test run\FB_IMG_1610886602794.jpg  =>  C:\Users\sippa\Desktop\destination_folder_test\Photos\Facebook\2021\01_January\FB_IMG_1610886602794.jpg
2026-04-24 10:48:04  INFO      core.mover  DRY   C:\Users\sippa\Desktop\photo_test - test run\FB_IMG_1610978846038.jpg  =>  C:\Users\sippa\Desktop\destination_folder_test\Photos\Facebook\2021\01_January\FB_IMG_1610978846038.jpg
2026-04-24 10:48:04  INFO      core.mover  DRY   C:\Users\sippa\Desktop\photo_test - test run\FB_IMG_1611486097513.jpg  =>  C:\Users\sippa\Desktop\destination_folder_test\Photos\Facebook\2021\01_January\FB_IMG_1611486097513.jpg
2026-04-24 10:48:04  INFO      core.mover  DRY   C:\Users\sippa\Desktop\photo_test - test run\FB_IMG_1611898136859.jpg  =>  C:\Users\sippa\Desktop\destination_folder_test\Photos\Facebook\2021\01_January\FB_IMG_1611898136859.jpg
2026-04-24 10:48:04  INFO      core.mover  DRY   C:\Users\sippa\Desktop\photo_test - test run\FB_IMG_1612071086257.jpg  =>  C:\Users\sippa\Desktop\destination_folder_test\Photos\Facebook\2021\01_January\FB_IMG_1612071086257.jpg
2026-04-24 10:48:04  INFO      core.mover  DRY   C:\Users\sippa\Desktop\photo_test - test run\FB_IMG_1613374817091.jpg  =>  C:\Users\sippa\Desktop\destination_folder_test\Photos\Facebook\2021\02_February\FB_IMG_1613374817091.jpg
2026-04-24 10:48:04  INFO      core.mover  DRY   C:\Users\sippa\Desktop\photo_test - test run\FB_IMG_1613999273542.jpg  =>  C:\Users\sippa\Desktop\destination_folder_test\Photos\Facebook\2021\02_February\FB_IMG_1613999273542.jpg
2026-04-24 10:48:04  INFO      core.mover  DRY   C:\Users\sippa\Desktop\photo_test - test run\FB_IMG_1614128489222.jpg  =>  C:\Users\sippa\Desktop\destination_folder_test\Photos\Facebook\2021\02_February\FB_IMG_1614128489222.jpg
2026-04-24 10:48:04  INFO      core.mover  DRY   C:\Users\sippa\Desktop\photo_test - test run\FB_IMG_1614495158485.jpg  =>  C:\Users\sippa\Desktop\destination_folder_test\Photos\Facebook\2021\02_February\FB_IMG_1614495158485.jpg
2026-04-24 10:48:04  INFO      core.mover  DRY   C:\Users\sippa\Desktop\photo_test - test run\FB_IMG_1614771485590.jpg  =>  C:\Users\sippa\Desktop\destination_folder_test\Photos\Facebook\2021\03_March\FB_IMG_1614771485590.jpg
2026-04-24 10:48:04  INFO      core.mover  DRY   C:\Users\sippa\Desktop\photo_test - test run\FB_IMG_1614776237701.jpg  =>  C:\Users\sippa\Desktop\destination_folder_test\Photos\Facebook\2021\03_March\FB_IMG_1614776237701.jpg
2026-04-24 10:48:04  INFO      core.mover  DRY   C:\Users\sippa\Desktop\photo_test - test run\FB_IMG_1614865539175.jpg  =>  C:\Users\sippa\Desktop\destination_folder_test\Photos\Facebook\2021\03_March\FB_IMG_1614865539175.jpg
2026-04-24 10:48:04  INFO      core.mover  DRY   C:\Users\sippa\Desktop\photo_test - test run\FB_IMG_1614915905520.jpg  =>  C:\Users\sippa\Desktop\destination_folder_test\Photos\Facebook\2021\03_March\FB_IMG_1614915905520.jpg
2026-04-24 10:48:04  INFO      core.mover  DRY   C:\Users\sippa\Desktop\photo_test - test run\FB_IMG_1615025595566.jpg  =>  C:\Users\sippa\Desktop\destination_folder_test\Photos\Facebook\2021\03_March\FB_IMG_1615025595566.jpg
2026-04-24 10:48:04  INFO      core.mover  DRY   C:\Users\sippa\Desktop\photo_test - test run\FB_IMG_1615514453996.jpg  =>  C:\Users\sippa\Desktop\destination_folder_test\Photos\Facebook\2021\03_March\FB_IMG_1615514453996.jpg
2026-04-24 10:48:04  INFO      core.mover  DRY   C:\Users\sippa\Desktop\photo_test - test run\FB_IMG_1615530520541.jpg  =>  C:\Users\sippa\Desktop\destination_folder_test\Photos\Facebook\2021\03_March\FB_IMG_1615530520541.jpg
2026-04-24 10:48:04  INFO      core.mover  DRY   C:\Users\sippa\Desktop\photo_test - test run\FB_IMG_1615530528077.jpg  =>  C:\Users\sippa\Desktop\destination_folder_test\Photos\Facebook\2021\03_March\FB_IMG_1615530528077.jpg
2026-04-24 10:48:04  INFO      core.mover  DRY   C:\Users\sippa\Desktop\photo_test - test run\FB_IMG_1615768292470.jpg  =>  C:\Users\sippa\Desktop\destination_folder_test\Photos\Facebook\2021\03_March\FB_IMG_1615768292470.jpg
2026-04-24 10:48:04  INFO      core.mover  DRY   C:\Users\sippa\Desktop\photo_test - test run\FB_IMG_1615768294845.jpg  =>  C:\Users\sippa\Desktop\destination_folder_test\Photos\Facebook\2021\03_March\FB_IMG_1615768294845.jpg
2026-04-24 10:48:04  INFO      core.mover  DRY   C:\Users\sippa\Desktop\photo_test - test run\FB_IMG_1615768296975.jpg  =>  C:\Users\sippa\Desktop\destination_folder_test\Photos\Facebook\2021\03_March\FB_IMG_1615768296975.jpg
2026-04-24 10:48:04  INFO      core.mover  DRY   C:\Users\sippa\Desktop\photo_test - test run\FB_IMG_1615768299212.jpg  =>  C:\Users\sippa\Desktop\destination_folder_test\Photos\Facebook\2021\03_March\FB_IMG_1615768299212.jpg
2026-04-24 10:48:04  INFO      core.mover  DRY   C:\Users\sippa\Desktop\photo_test - test run\FB_IMG_1615768301847.jpg  =>  C:\Users\sippa\Desktop\destination_folder_test\Photos\Facebook\2021\03_March\FB_IMG_1615768301847.jpg
2026-04-24 10:48:04  INFO      core.mover  DRY   C:\Users\sippa\Desktop\photo_test - test run\FB_IMG_1615768305498.jpg  =>  C:\Users\sippa\Desktop\destination_folder_test\Photos\Facebook\2021\03_March\FB_IMG_1615768305498.jpg
2026-04-24 10:48:04  INFO      core.mover  DRY   C:\Users\sippa\Desktop\photo_test - test run\FB_IMG_1616400261556.jpg  =>  C:\Users\sippa\Desktop\destination_folder_test\Photos\Facebook\2021\03_March\FB_IMG_1616400261556.jpg
2026-04-24 10:48:04  INFO      core.mover  DRY   C:\Users\sippa\Desktop\photo_test - test run\FB_IMG_1616588202981.jpg  =>  C:\Users\sippa\Desktop\destination_folder_test\Photos\Facebook\2021\03_March\FB_IMG_1616588202981.jpg
2026-04-24 10:48:04  INFO      core.mover  DRY   C:\Users\sippa\Desktop\photo_test - test run\FB_IMG_1616918172165.jpg  =>  C:\Users\sippa\Desktop\destination_folder_test\Photos\Facebook\2021\03_March\FB_IMG_1616918172165.jpg
2026-04-24 10:48:04  INFO      core.mover  DRY   C:\Users\sippa\Desktop\photo_test - test run\FB_IMG_1616918175756.jpg  =>  C:\Users\sippa\Desktop\destination_folder_test\Photos\Facebook\2021\03_March\FB_IMG_1616918175756.jpg
2026-04-24 10:48:04  INFO      core.mover  DRY   C:\Users\sippa\Desktop\photo_test - test run\FB_IMG_1618041578519.jpg  =>  C:\Users\sippa\Desktop\destination_folder_test\Photos\Facebook\2021\04_April\FB_IMG_1618041578519.jpg
2026-04-24 10:48:04  INFO      core.mover  DRY   C:\Users\sippa\Desktop\photo_test - test run\FB_IMG_1618456115721.jpg  =>  C:\Users\sippa\Desktop\destination_folder_test\Photos\Facebook\2021\04_April\FB_IMG_1618456115721.jpg
2026-04-24 10:48:04  INFO      core.mover  DRY   C:\Users\sippa\Desktop\photo_test - test run\FB_IMG_1618625350020.jpg  =>  C:\Users\sippa\Desktop\destination_folder_test\Photos\Facebook\2021\04_April\FB_IMG_1618625350020.jpg
2026-04-24 10:48:04  INFO      core.mover  DRY   C:\Users\sippa\Desktop\photo_test - test run\FB_IMG_1618625355355.jpg  =>  C:\Users\sippa\Desktop\destination_folder_test\Photos\Facebook\2021\04_April\FB_IMG_1618625355355.jpg
2026-04-24 10:48:04  INFO      core.mover  DRY   C:\Users\sippa\Desktop\photo_test - test run\FB_IMG_1618842604396.jpg  =>  C:\Users\sippa\Desktop\destination_folder_test\Photos\Facebook\2021\04_April\FB_IMG_1618842604396.jpg
2026-04-24 10:48:05  INFO      core.mover  DRY   C:\Users\sippa\Desktop\photo_test - test run\FB_IMG_1618899721741.jpg  =>  C:\Users\sippa\Desktop\destination_folder_test\Photos\Facebook\2021\04_April\FB_IMG_1618899721741.jpg
2026-04-24 10:48:05  INFO      core.mover  DRY   C:\Users\sippa\Desktop\photo_test - test run\FB_IMG_1619160306874.jpg  =>  C:\Users\sippa\Desktop\destination_folder_test\Photos\Facebook\2021\04_April\FB_IMG_1619160306874.jpg
2026-04-24 10:48:05  INFO      core.mover  DRY   C:\Users\sippa\Desktop\photo_test - test run\FB_IMG_1619160312469.jpg  =>  C:\Users\sippa\Desktop\destination_folder_test\Photos\Facebook\2021\04_April\FB_IMG_1619160312469.jpg
2026-04-24 10:48:05  INFO      core.mover  DRY   C:\Users\sippa\Desktop\photo_test - test run\FB_IMG_1619244251396.jpg  =>  C:\Users\sippa\Desktop\destination_folder_test\Photos\Facebook\2021\04_April\FB_IMG_1619244251396.jpg
2026-04-24 10:48:05  INFO      core.mover  DRY   C:\Users\sippa\Desktop\photo_test - test run\FB_IMG_1619361153010.jpg  =>  C:\Users\sippa\Desktop\destination_folder_test\Photos\Facebook\2021\04_April\FB_IMG_1619361153010.jpg
2026-04-24 10:48:05  INFO      core.mover  DRY   C:\Users\sippa\Desktop\photo_test - test run\FB_IMG_1619776600282.jpg  =>  C:\Users\sippa\Desktop\destination_folder_test\Photos\Facebook\2021\04_April\FB_IMG_1619776600282.jpg
2026-04-24 10:48:05  INFO      core.mover  DRY   C:\Users\sippa\Desktop\photo_test - test run\FB_IMG_1619930641041.jpg  =>  C:\Users\sippa\Desktop\destination_folder_test\Photos\Facebook\2021\05_May\FB_IMG_1619930641041.jpg
2026-04-24 10:48:05  INFO      core.mover  DRY   C:\Users\sippa\Desktop\photo_test - test run\FB_IMG_1619930660810.jpg  =>  C:\Users\sippa\Desktop\destination_folder_test\Photos\Facebook\2021\05_May\FB_IMG_1619930660810.jpg
2026-04-24 10:48:05  INFO      core.mover  DRY   C:\Users\sippa\Desktop\photo_test - test run\FB_IMG_1619930685988.jpg  =>  C:\Users\sippa\Desktop\destination_folder_test\Photos\Facebook\2021\05_May\FB_IMG_1619930685988.jpg
2026-04-24 10:48:05  INFO      core.mover  DRY   C:\Users\sippa\Desktop\photo_test - test run\FB_IMG_1619970194614.jpg  =>  C:\Users\sippa\Desktop\destination_folder_test\Photos\Facebook\2021\05_May\FB_IMG_1619970194614.jpg
2026-04-24 10:48:05  INFO      core.mover  DRY   C:\Users\sippa\Desktop\photo_test - test run\FB_IMG_1620050153735.jpg  =>  C:\Users\sippa\Desktop\destination_folder_test\Photos\Facebook\2021\05_May\FB_IMG_1620050153735.jpg
2026-04-24 10:48:05  INFO      core.mover  DRY   C:\Users\sippa\Desktop\photo_test - test run\FB_IMG_1620274269356.jpg  =>  C:\Users\sippa\Desktop\destination_folder_test\Photos\Facebook\2021\05_May\FB_IMG_1620274269356.jpg
2026-04-24 10:48:05  INFO      core.mover  DRY   C:\Users\sippa\Desktop\photo_test - test run\FB_IMG_1620282147781.jpg  =>  C:\Users\sippa\Desktop\destination_folder_test\Photos\Facebook\2021\05_May\FB_IMG_1620282147781.jpg
2026-04-24 10:48:05  INFO      core.mover  DRY   C:\Users\sippa\Desktop\photo_test - test run\FB_IMG_1620715456938.jpg  =>  C:\Users\sippa\Desktop\destination_folder_test\Photos\Facebook\2021\05_May\FB_IMG_1620715456938.jpg
2026-04-24 10:48:05  INFO      core.mover  DRY   C:\Users\sippa\Desktop\photo_test - test run\FB_IMG_1620787788997.jpg  =>  C:\Users\sippa\Desktop\destination_folder_test\Photos\Facebook\2021\05_May\FB_IMG_1620787788997.jpg
2026-04-24 10:48:05  INFO      core.mover  DRY   C:\Users\sippa\Desktop\photo_test - test run\FB_IMG_1620787803147.jpg  =>  C:\Users\sippa\Desktop\destination_folder_test\Photos\Facebook\2021\05_May\FB_IMG_1620787803147.jpg
2026-04-24 10:48:05  INFO      core.mover  DRY   C:\Users\sippa\Desktop\photo_test - test run\FB_IMG_1621136854904.jpg  =>  C:\Users\sippa\Desktop\destination_folder_test\Photos\Facebook\2021\05_May\FB_IMG_1621136854904.jpg
2026-04-24 10:48:05  INFO      core.mover  DRY   C:\Users\sippa\Desktop\photo_test - test run\FB_IMG_1621372923787.jpg  =>  C:\Users\sippa\Desktop\destination_folder_test\Photos\Facebook\2021\05_May\FB_IMG_1621372923787.jpg
2026-04-24 10:48:05  INFO      core.mover  DRY   C:\Users\sippa\Desktop\photo_test - test run\FB_IMG_1621561840556.jpg  =>  C:\Users\sippa\Desktop\destination_folder_test\Photos\Facebook\2021\05_May\FB_IMG_1621561840556.jpg
2026-04-24 10:48:05  INFO      core.mover  DRY   C:\Users\sippa\Desktop\photo_test - test run\FB_IMG_1621572203015.jpg  =>  C:\Users\sippa\Desktop\destination_folder_test\Photos\Facebook\2021\05_May\FB_IMG_1621572203015.jpg
2026-04-24 10:48:05  INFO      core.mover  DRY   C:\Users\sippa\Desktop\photo_test - test run\FB_IMG_1621655594649.jpg  =>  C:\Users\sippa\Desktop\destination_folder_test\Photos\Facebook\2021\05_May\FB_IMG_1621655594649.jpg
2026-04-24 10:48:05  INFO      core.mover  DRY   C:\Users\sippa\Desktop\photo_test - test run\FB_IMG_1621831348180.jpg  =>  C:\Users\sippa\Desktop\destination_folder_test\Photos\Facebook\2021\05_May\FB_IMG_1621831348180.jpg
2026-04-24 10:48:05  INFO      core.mover  DRY   C:\Users\sippa\Desktop\photo_test - test run\FB_IMG_1621848499759.jpg  =>  C:\Users\sippa\Desktop\destination_folder_test\Photos\Facebook\2021\05_May\FB_IMG_1621848499759.jpg
2026-04-24 10:48:05  INFO      core.mover  DRY   C:\Users\sippa\Desktop\photo_test - test run\FB_IMG_1622323782060.jpg  =>  C:\Users\sippa\Desktop\destination_folder_test\Photos\Facebook\2021\05_May\FB_IMG_1622323782060.jpg
2026-04-24 10:48:05  INFO      core.mover  DRY   C:\Users\sippa\Desktop\photo_test - test run\FB_IMG_1622325473985.jpg  =>  C:\Users\sippa\Desktop\destination_folder_test\Photos\Facebook\2021\05_May\FB_IMG_1622325473985.jpg
2026-04-24 10:48:05  INFO      core.mover  DRY   C:\Users\sippa\Desktop\photo_test - test run\FB_IMG_1622325644882.jpg  =>  C:\Users\sippa\Desktop\destination_folder_test\Photos\Facebook\2021\05_May\FB_IMG_1622325644882.jpg
2026-04-24 10:48:05  INFO      core.mover  DRY   C:\Users\sippa\Desktop\photo_test - test run\FB_IMG_1622325738403.jpg  =>  C:\Users\sippa\Desktop\destination_folder_test\Photos\Facebook\2021\05_May\FB_IMG_1622325738403.jpg
2026-04-24 10:48:05  INFO      core.mover  DRY   C:\Users\sippa\Desktop\photo_test - test run\FB_IMG_1622325841435.jpg  =>  C:\Users\sippa\Desktop\destination_folder_test\Photos\Facebook\2021\05_May\FB_IMG_1622325841435.jpg
2026-04-24 10:48:05  INFO      core.mover  DRY   C:\Users\sippa\Desktop\photo_test - test run\FB_IMG_1622373136478.jpg  =>  C:\Users\sippa\Desktop\destination_folder_test\Photos\Facebook\2021\05_May\FB_IMG_1622373136478.jpg
2026-04-24 10:48:05  INFO      core.mover  DRY   C:\Users\sippa\Desktop\photo_test - test run\FB_IMG_1622453947143.jpg  =>  C:\Users\sippa\Desktop\destination_folder_test\Photos\Facebook\2021\05_May\FB_IMG_1622453947143.jpg
2026-04-24 10:48:05  INFO      core.mover  DRY   C:\Users\sippa\Desktop\photo_test - test run\FB_IMG_1622467885452.jpg  =>  C:\Users\sippa\Desktop\destination_folder_test\Photos\Facebook\2021\05_May\FB_IMG_1622467885452.jpg
2026-04-24 10:48:05  INFO      core.mover  DRY   C:\Users\sippa\Desktop\photo_test - test run\FB_IMG_1622475212335.jpg  =>  C:\Users\sippa\Desktop\destination_folder_test\Photos\Facebook\2021\05_May\FB_IMG_1622475212335.jpg
2026-04-24 10:48:05  INFO      core.mover  DRY   C:\Users\sippa\Desktop\photo_test - test run\FB_IMG_1622479508198.jpg  =>  C:\Users\sippa\Desktop\destination_folder_test\Photos\Facebook\2021\05_May\FB_IMG_1622479508198.jpg
2026-04-24 10:48:05  INFO      core.mover  DRY   C:\Users\sippa\Desktop\photo_test - test run\FB_IMG_1622700007326.jpg  =>  C:\Users\sippa\Desktop\destination_folder_test\Photos\Facebook\2021\06_June\FB_IMG_1622700007326.jpg
2026-04-24 10:48:05  INFO      core.mover  DRY   C:\Users\sippa\Desktop\photo_test - test run\FB_IMG_1622796590372.jpg  =>  C:\Users\sippa\Desktop\destination_folder_test\Photos\Facebook\2021\06_June\FB_IMG_1622796590372.jpg
2026-04-24 10:48:05  INFO      core.mover  DRY   C:\Users\sippa\Desktop\photo_test - test run\FB_IMG_1622969411071.jpg  =>  C:\Users\sippa\Desktop\destination_folder_test\Photos\Facebook\2021\06_June\FB_IMG_1622969411071.jpg
2026-04-24 10:48:05  INFO      core.mover  DRY   C:\Users\sippa\Desktop\photo_test - test run\FB_IMG_1623162319868.jpg  =>  C:\Users\sippa\Desktop\destination_folder_test\Photos\Facebook\2021\06_June\FB_IMG_1623162319868.jpg
2026-04-24 10:48:05  INFO      core.mover  DRY   C:\Users\sippa\Desktop\photo_test - test run\FB_IMG_1623163565451.jpg  =>  C:\Users\sippa\Desktop\destination_folder_test\Photos\Facebook\2021\06_June\FB_IMG_1623163565451.jpg
2026-04-24 10:48:05  INFO      core.mover  DRY   C:\Users\sippa\Desktop\photo_test - test run\FB_IMG_1623495191744.jpg  =>  C:\Users\sippa\Desktop\destination_folder_test\Photos\Facebook\2021\06_June\FB_IMG_1623495191744.jpg
2026-04-24 10:48:05  INFO      core.mover  DRY   C:\Users\sippa\Desktop\photo_test - test run\FB_IMG_1623559632776.jpg  =>  C:\Users\sippa\Desktop\destination_folder_test\Photos\Facebook\2021\06_June\FB_IMG_1623559632776.jpg
2026-04-24 10:48:05  INFO      core.mover  DRY   C:\Users\sippa\Desktop\photo_test - test run\FB_IMG_1623635637586.jpg  =>  C:\Users\sippa\Desktop\destination_folder_test\Photos\Facebook\2021\06_June\FB_IMG_1623635637586.jpg
2026-04-24 10:48:05  INFO      core.mover  DRY   C:\Users\sippa\Desktop\photo_test - test run\FB_IMG_1623839764971.jpg  =>  C:\Users\sippa\Desktop\destination_folder_test\Photos\Facebook\2021\06_June\FB_IMG_1623839764971.jpg
2026-04-24 10:48:05  INFO      core.mover  DRY   C:\Users\sippa\Desktop\photo_test - test run\FB_IMG_1623839819157.jpg  =>  C:\Users\sippa\Desktop\destination_folder_test\Photos\Facebook\2021\06_June\FB_IMG_1623839819157.jpg
2026-04-24 10:48:05  INFO      core.mover  DRY   C:\Users\sippa\Desktop\photo_test - test run\FB_IMG_1623839838499.jpg  =>  C:\Users\sippa\Desktop\destination_folder_test\Photos\Facebook\2021\06_June\FB_IMG_1623839838499.jpg
2026-04-24 10:48:05  INFO      core.mover  DRY   C:\Users\sippa\Desktop\photo_test - test run\FB_IMG_1623839841647.jpg  =>  C:\Users\sippa\Desktop\destination_folder_test\Photos\Facebook\2021\06_June\FB_IMG_1623839841647.jpg
2026-04-24 10:48:05  INFO      core.mover  DRY   C:\Users\sippa\Desktop\photo_test - test run\FB_IMG_1623839844029.jpg  =>  C:\Users\sippa\Desktop\destination_folder_test\Photos\Facebook\2021\06_June\FB_IMG_1623839844029.jpg
2026-04-24 10:48:05  INFO      core.mover  DRY   C:\Users\sippa\Desktop\photo_test - test run\FB_IMG_1623849478314.jpg  =>  C:\Users\sippa\Desktop\destination_folder_test\Photos\Facebook\2021\06_June\FB_IMG_1623849478314.jpg
2026-04-24 10:48:05  INFO      core.mover  DRY   C:\Users\sippa\Desktop\photo_test - test run\FB_IMG_1624160483647.jpg  =>  C:\Users\sippa\Desktop\destination_folder_test\Photos\Facebook\2021\06_June\FB_IMG_1624160483647.jpg
2026-04-24 10:48:05  INFO      core.mover  DRY   C:\Users\sippa\Desktop\photo_test - test run\FB_IMG_1624160492923.jpg  =>  C:\Users\sippa\Desktop\destination_folder_test\Photos\Facebook\2021\06_June\FB_IMG_1624160492923.jpg
2026-04-24 10:48:05  INFO      core.mover  DRY   C:\Users\sippa\Desktop\photo_test - test run\FB_IMG_1624160527258.jpg  =>  C:\Users\sippa\Desktop\destination_folder_test\Photos\Facebook\2021\06_June\FB_IMG_1624160527258.jpg
2026-04-24 10:48:05  INFO      core.mover  DRY   C:\Users\sippa\Desktop\photo_test - test run\FB_IMG_1624160549465.jpg  =>  C:\Users\sippa\Desktop\destination_folder_test\Photos\Facebook\2021\06_June\FB_IMG_1624160549465.jpg
2026-04-24 10:48:05  INFO      core.mover  DRY   C:\Users\sippa\Desktop\photo_test - test run\FB_IMG_1624160569880.jpg  =>  C:\Users\sippa\Desktop\destination_folder_test\Photos\Facebook\2021\06_June\FB_IMG_1624160569880.jpg
2026-04-24 10:48:05  INFO      core.mover  DRY   C:\Users\sippa\Desktop\photo_test - test run\FB_IMG_1624160602014.jpg  =>  C:\Users\sippa\Desktop\destination_folder_test\Photos\Facebook\2021\06_June\FB_IMG_1624160602014.jpg
2026-04-24 10:48:05  INFO      core.mover  DRY   C:\Users\sippa\Desktop\photo_test - test run\FB_IMG_1624160630260.jpg  =>  C:\Users\sippa\Desktop\destination_folder_test\Photos\Facebook\2021\06_June\FB_IMG_1624160630260.jpg
2026-04-24 10:48:05  INFO      core.mover  DRY   C:\Users\sippa\Desktop\photo_test - test run\FB_IMG_1624535578732.jpg  =>  C:\Users\sippa\Desktop\destination_folder_test\Photos\Facebook\2021\06_June\FB_IMG_1624535578732.jpg
2026-04-24 10:48:05  INFO      core.mover  DRY   C:\Users\sippa\Desktop\photo_test - test run\FB_IMG_1624786704258.jpg  =>  C:\Users\sippa\Desktop\destination_folder_test\Photos\Facebook\2021\06_June\FB_IMG_1624786704258.jpg
2026-04-24 10:48:05  INFO      core.mover  DRY   C:\Users\sippa\Desktop\photo_test - test run\FB_IMG_1624790461520.jpg  =>  C:\Users\sippa\Desktop\destination_folder_test\Photos\Facebook\2021\06_June\FB_IMG_1624790461520.jpg
2026-04-24 10:48:05  INFO      core.mover  DRY   C:\Users\sippa\Desktop\photo_test - test run\FB_IMG_1625033732451.jpg  =>  C:\Users\sippa\Desktop\destination_folder_test\Photos\Facebook\2021\06_June\FB_IMG_1625033732451.jpg
2026-04-24 10:48:05  INFO      core.mover  DRY   C:\Users\sippa\Desktop\photo_test - test run\FB_IMG_1625321076759.jpg  =>  C:\Users\sippa\Desktop\destination_folder_test\Photos\Facebook\2021\07_July\FB_IMG_1625321076759.jpg
2026-04-24 10:48:05  INFO      core.mover  DRY   C:\Users\sippa\Desktop\photo_test - test run\FB_IMG_1625536762607.jpg  =>  C:\Users\sippa\Desktop\destination_folder_test\Photos\Facebook\2021\07_July\FB_IMG_1625536762607.jpg
2026-04-24 10:48:05  INFO      core.mover  DRY   C:\Users\sippa\Desktop\photo_test - test run\FB_IMG_1625544499558.jpg  =>  C:\Users\sippa\Desktop\destination_folder_test\Photos\Facebook\2021\07_July\FB_IMG_1625544499558.jpg
2026-04-24 10:48:05  INFO      core.mover  DRY   C:\Users\sippa\Desktop\photo_test - test run\FB_IMG_1625544562014.jpg  =>  C:\Users\sippa\Desktop\destination_folder_test\Photos\Facebook\2021\07_July\FB_IMG_1625544562014.jpg
2026-04-24 10:48:05  INFO      core.mover  DRY   C:\Users\sippa\Desktop\photo_test - test run\FB_IMG_1625544571220.jpg  =>  C:\Users\sippa\Desktop\destination_folder_test\Photos\Facebook\2021\07_July\FB_IMG_1625544571220.jpg
2026-04-24 10:48:05  INFO      core.mover  DRY   C:\Users\sippa\Desktop\photo_test - test run\FB_IMG_1625935802503.jpg  =>  C:\Users\sippa\Desktop\destination_folder_test\Photos\Facebook\2021\07_July\FB_IMG_1625935802503.jpg
2026-04-24 10:48:05  INFO      core.mover  DRY   C:\Users\sippa\Desktop\photo_test - test run\FB_IMG_1625935933720.jpg  =>  C:\Users\sippa\Desktop\destination_folder_test\Photos\Facebook\2021\07_July\FB_IMG_1625935933720.jpg
2026-04-24 10:48:05  INFO      core.mover  DRY   C:\Users\sippa\Desktop\photo_test - test run\FB_IMG_1626269564118.jpg  =>  C:\Users\sippa\Desktop\destination_folder_test\Photos\Facebook\2021\07_July\FB_IMG_1626269564118.jpg
2026-04-24 10:48:05  INFO      core.mover  DRY   C:\Users\sippa\Desktop\photo_test - test run\FB_IMG_1627001269969.jpg  =>  C:\Users\sippa\Desktop\destination_folder_test\Photos\Facebook\2021\07_July\FB_IMG_1627001269969.jpg
2026-04-24 10:48:05  INFO      core.mover  DRY   C:\Users\sippa\Desktop\photo_test - test run\FB_IMG_1627116435630.jpg  =>  C:\Users\sippa\Desktop\destination_folder_test\Photos\Facebook\2021\07_July\FB_IMG_1627116435630.jpg
2026-04-24 10:48:05  INFO      core.mover  DRY   C:\Users\sippa\Desktop\photo_test - test run\FB_IMG_1627188818970.jpg  =>  C:\Users\sippa\Desktop\destination_folder_test\Photos\Facebook\2021\07_July\FB_IMG_1627188818970.jpg
2026-04-24 10:48:05  INFO      core.mover  DRY   C:\Users\sippa\Desktop\photo_test - test run\FB_IMG_1627268756737.jpg  =>  C:\Users\sippa\Desktop\destination_folder_test\Photos\Facebook\2021\07_July\FB_IMG_1627268756737.jpg
2026-04-24 10:48:05  INFO      core.mover  DRY   C:\Users\sippa\Desktop\photo_test - test run\FB_IMG_1627817381582.jpg  =>  C:\Users\sippa\Desktop\destination_folder_test\Photos\Facebook\2021\08_August\FB_IMG_1627817381582.jpg
2026-04-24 10:48:05  INFO      core.mover  DRY   C:\Users\sippa\Desktop\photo_test - test run\FB_IMG_1628006103025.jpg  =>  C:\Users\sippa\Desktop\destination_folder_test\Photos\Facebook\2021\08_August\FB_IMG_1628006103025.jpg
2026-04-24 10:48:05  INFO      core.mover  DRY   C:\Users\sippa\Desktop\photo_test - test run\FB_IMG_1628006105692.jpg  =>  C:\Users\sippa\Desktop\destination_folder_test\Photos\Facebook\2021\08_August\FB_IMG_1628006105692.jpg
2026-04-24 10:48:05  INFO      core.mover  DRY   C:\Users\sippa\Desktop\photo_test - test run\FB_IMG_1628006108037.jpg  =>  C:\Users\sippa\Desktop\destination_folder_test\Photos\Facebook\2021\08_August\FB_IMG_1628006108037.jpg
2026-04-24 10:48:05  INFO      core.mover  DRY   C:\Users\sippa\Desktop\photo_test - test run\FB_IMG_1628528842615.jpg  =>  C:\Users\sippa\Desktop\destination_folder_test\Photos\Facebook\2021\08_August\FB_IMG_1628528842615.jpg
2026-04-24 10:48:05  INFO      core.mover  DRY   C:\Users\sippa\Desktop\photo_test - test run\FB_IMG_1628737607591.jpg  =>  C:\Users\sippa\Desktop\destination_folder_test\Photos\Facebook\2021\08_August\FB_IMG_1628737607591.jpg
2026-04-24 10:48:05  INFO      core.mover  DRY   C:\Users\sippa\Desktop\photo_test - test run\FB_IMG_1628816749698.jpg  =>  C:\Users\sippa\Desktop\destination_folder_test\Photos\Facebook\2021\08_August\FB_IMG_1628816749698.jpg
2026-04-24 10:48:05  INFO      core.mover  DRY   C:\Users\sippa\Desktop\photo_test - test run\FB_IMG_1628865732905.jpg  =>  C:\Users\sippa\Desktop\destination_folder_test\Photos\Facebook\2021\08_August\FB_IMG_1628865732905.jpg
2026-04-24 10:48:05  INFO      core.mover  DRY   C:\Users\sippa\Desktop\photo_test - test run\FB_IMG_1628868302500.jpg  =>  C:\Users\sippa\Desktop\destination_folder_test\Photos\Facebook\2021\08_August\FB_IMG_1628868302500.jpg
2026-04-24 10:48:05  INFO      core.mover  DRY   C:\Users\sippa\Desktop\photo_test - test run\FB_IMG_1628913750818.jpg  =>  C:\Users\sippa\Desktop\destination_folder_test\Photos\Facebook\2021\08_August\FB_IMG_1628913750818.jpg
2026-04-24 10:48:05  INFO      core.mover  DRY   C:\Users\sippa\Desktop\photo_test - test run\FB_IMG_1628917594131.jpg  =>  C:\Users\sippa\Desktop\destination_folder_test\Photos\Facebook\2021\08_August\FB_IMG_1628917594131.jpg
2026-04-24 10:48:05  INFO      core.mover  DRY   C:\Users\sippa\Desktop\photo_test - test run\FB_IMG_1628917596504.jpg  =>  C:\Users\sippa\Desktop\destination_folder_test\Photos\Facebook\2021\08_August\FB_IMG_1628917596504.jpg
2026-04-24 10:48:05  INFO      core.mover  DRY   C:\Users\sippa\Desktop\photo_test - test run\FB_IMG_1628917598590.jpg  =>  C:\Users\sippa\Desktop\destination_folder_test\Photos\Facebook\2021\08_August\FB_IMG_1628917598590.jpg
2026-04-24 10:48:05  INFO      core.mover  DRY   C:\Users\sippa\Desktop\photo_test - test run\FB_IMG_1628917600969.jpg  =>  C:\Users\sippa\Desktop\destination_folder_test\Photos\Facebook\2021\08_August\FB_IMG_1628917600969.jpg
2026-04-24 10:48:05  INFO      core.mover  DRY   C:\Users\sippa\Desktop\photo_test - test run\FB_IMG_1628917605042.jpg  =>  C:\Users\sippa\Desktop\destination_folder_test\Photos\Facebook\2021\08_August\FB_IMG_1628917605042.jpg
2026-04-24 10:48:05  INFO      core.mover  DRY   C:\Users\sippa\Desktop\photo_test - test run\FB_IMG_1628917607465.jpg  =>  C:\Users\sippa\Desktop\destination_folder_test\Photos\Facebook\2021\08_August\FB_IMG_1628917607465.jpg
2026-04-24 10:48:05  INFO      core.mover  DRY   C:\Users\sippa\Desktop\photo_test - test run\FB_IMG_1628985112639.jpg  =>  C:\Users\sippa\Desktop\destination_folder_test\Photos\Facebook\2021\08_August\FB_IMG_1628985112639.jpg
2026-04-24 10:48:05  INFO      core.mover  DRY   C:\Users\sippa\Desktop\photo_test - test run\FB_IMG_1629611227433.jpg  =>  C:\Users\sippa\Desktop\destination_folder_test\Photos\Facebook\2021\08_August\FB_IMG_1629611227433.jpg
2026-04-24 10:48:05  INFO      core.mover  DRY   C:\Users\sippa\Desktop\photo_test - test run\FB_IMG_1630376017799.jpg  =>  C:\Users\sippa\Desktop\destination_folder_test\Photos\Facebook\2021\08_August\FB_IMG_1630376017799.jpg
2026-04-24 10:48:05  INFO      core.mover  DRY   C:\Users\sippa\Desktop\photo_test - test run\FB_IMG_1630378338646.jpg  =>  C:\Users\sippa\Desktop\destination_folder_test\Photos\Facebook\2021\08_August\FB_IMG_1630378338646.jpg
2026-04-24 10:48:05  INFO      core.mover  DRY   C:\Users\sippa\Desktop\photo_test - test run\FB_IMG_1631425192265.jpg  =>  C:\Users\sippa\Desktop\destination_folder_test\Photos\Facebook\2021\09_September\FB_IMG_1631425192265.jpg
2026-04-24 10:48:05  INFO      core.mover  DRY   C:\Users\sippa\Desktop\photo_test - test run\FB_IMG_1631906302246.jpg  =>  C:\Users\sippa\Desktop\destination_folder_test\Photos\Facebook\2021\09_September\FB_IMG_1631906302246.jpg
2026-04-24 10:48:05  INFO      core.mover  DRY   C:\Users\sippa\Desktop\photo_test - test run\FB_IMG_1632441262440.jpg  =>  C:\Users\sippa\Desktop\destination_folder_test\Photos\Facebook\2021\09_September\FB_IMG_1632441262440.jpg
2026-04-24 10:48:05  INFO      core.mover  DRY   C:\Users\sippa\Desktop\photo_test - test run\FB_IMG_1632754910486.jpg  =>  C:\Users\sippa\Desktop\destination_folder_test\Photos\Facebook\2021\09_September\FB_IMG_1632754910486.jpg
2026-04-24 10:48:05  INFO      core.mover  DRY   C:\Users\sippa\Desktop\photo_test - test run\FB_IMG_1633418644449.jpg  =>  C:\Users\sippa\Desktop\destination_folder_test\Photos\Facebook\2021\10_October\FB_IMG_1633418644449.jpg
2026-04-24 10:48:05  INFO      core.mover  DRY   C:\Users\sippa\Desktop\photo_test - test run\FB_IMG_1634438935238.jpg  =>  C:\Users\sippa\Desktop\destination_folder_test\Photos\Facebook\2021\10_October\FB_IMG_1634438935238.jpg
2026-04-24 10:48:05  INFO      core.mover  DRY   C:\Users\sippa\Desktop\photo_test - test run\FB_IMG_1635790918796.jpg  =>  C:\Users\sippa\Desktop\destination_folder_test\Photos\Facebook\2021\11_November\FB_IMG_1635790918796.jpg
2026-04-24 10:48:05  INFO      core.mover  DRY   C:\Users\sippa\Desktop\photo_test - test run\FB_IMG_1635790994295.jpg  =>  C:\Users\sippa\Desktop\destination_folder_test\Photos\Facebook\2021\11_November\FB_IMG_1635790994295.jpg
2026-04-24 10:48:05  INFO      core.mover  DRY   C:\Users\sippa\Desktop\photo_test - test run\FB_IMG_1636647491309.jpg  =>  C:\Users\sippa\Desktop\destination_folder_test\Photos\Facebook\2021\11_November\FB_IMG_1636647491309.jpg
2026-04-24 10:48:05  INFO      core.mover  DRY   C:\Users\sippa\Desktop\photo_test - test run\FB_IMG_1637159150973.jpg  =>  C:\Users\sippa\Desktop\destination_folder_test\Photos\Facebook\2021\11_November\FB_IMG_1637159150973.jpg
2026-04-24 10:48:05  INFO      core.mover  DRY   C:\Users\sippa\Desktop\photo_test - test run\FB_IMG_1637159435061.jpg  =>  C:\Users\sippa\Desktop\destination_folder_test\Photos\Facebook\2021\11_November\FB_IMG_1637159435061.jpg
2026-04-24 10:48:05  INFO      core.mover  DRY   C:\Users\sippa\Desktop\photo_test - test run\FB_IMG_1637231262467.jpg  =>  C:\Users\sippa\Desktop\destination_folder_test\Photos\Facebook\2021\11_November\FB_IMG_1637231262467.jpg
2026-04-24 10:48:05  INFO      core.mover  DRY   C:\Users\sippa\Desktop\photo_test - test run\FB_IMG_1637504906304.jpg  =>  C:\Users\sippa\Desktop\destination_folder_test\Photos\Facebook\2021\11_November\FB_IMG_1637504906304.jpg
2026-04-24 10:48:05  INFO      core.mover  DRY   C:\Users\sippa\Desktop\photo_test - test run\FB_IMG_1637980180374.jpg  =>  C:\Users\sippa\Desktop\destination_folder_test\Photos\Facebook\2021\11_November\FB_IMG_1637980180374.jpg
2026-04-24 10:48:05  INFO      core.mover  DRY   C:\Users\sippa\Desktop\photo_test - test run\FB_IMG_1638679965982.jpg  =>  C:\Users\sippa\Desktop\destination_folder_test\Photos\Facebook\2021\12_December\FB_IMG_1638679965982.jpg
2026-04-24 10:48:05  INFO      core.mover  DRY   C:\Users\sippa\Desktop\photo_test - test run\FB_IMG_1640288252972.jpg  =>  C:\Users\sippa\Desktop\destination_folder_test\Photos\Facebook\2021\12_December\FB_IMG_1640288252972.jpg
2026-04-24 10:48:05  INFO      core.mover  DRY   C:\Users\sippa\Desktop\photo_test - test run\FB_IMG_1640514991849.jpg  =>  C:\Users\sippa\Desktop\destination_folder_test\Photos\Facebook\2021\12_December\FB_IMG_1640514991849.jpg
2026-04-24 10:48:05  INFO      core.mover  DRY   C:\Users\sippa\Desktop\photo_test - test run\FB_IMG_1640855263846.jpg  =>  C:\Users\sippa\Desktop\destination_folder_test\Photos\Facebook\2021\12_December\FB_IMG_1640855263846.jpg
2026-04-24 10:48:05  INFO      core.mover  DRY   C:\Users\sippa\Desktop\photo_test - test run\FB_IMG_1641445517930.jpg  =>  C:\Users\sippa\Desktop\destination_folder_test\Photos\Facebook\2022\01_January\FB_IMG_1641445517930.jpg
2026-04-24 10:48:05  INFO      core.mover  DRY   C:\Users\sippa\Desktop\photo_test - test run\FB_IMG_1641704151198.jpg  =>  C:\Users\sippa\Desktop\destination_folder_test\Photos\Facebook\2022\01_January\FB_IMG_1641704151198.jpg
2026-04-24 10:48:05  INFO      core.mover  DRY   C:\Users\sippa\Desktop\photo_test - test run\FB_IMG_1642410969667.jpg  =>  C:\Users\sippa\Desktop\destination_folder_test\Photos\Facebook\2022\01_January\FB_IMG_1642410969667.jpg
2026-04-24 10:48:05  INFO      core.mover  DRY   C:\Users\sippa\Desktop\photo_test - test run\FB_IMG_1643434438784.jpg  =>  C:\Users\sippa\Desktop\destination_folder_test\Photos\Facebook\2022\01_January\FB_IMG_1643434438784.jpg
2026-04-24 10:48:05  INFO      core.mover  DRY   C:\Users\sippa\Desktop\photo_test - test run\FB_IMG_1643816542993.jpg  =>  C:\Users\sippa\Desktop\destination_folder_test\Photos\Facebook\2022\02_February\FB_IMG_1643816542993.jpg
2026-04-24 10:48:05  INFO      core.mover  DRY   C:\Users\sippa\Desktop\photo_test - test run\FB_IMG_1644695531344.jpg  =>  C:\Users\sippa\Desktop\destination_folder_test\Photos\Facebook\2022\02_February\FB_IMG_1644695531344.jpg
2026-04-24 10:48:05  INFO      core.mover  DRY   C:\Users\sippa\Desktop\photo_test - test run\FB_IMG_1645109439095.jpg  =>  C:\Users\sippa\Desktop\destination_folder_test\Photos\Facebook\2022\02_February\FB_IMG_1645109439095.jpg
2026-04-24 10:48:05  INFO      core.mover  DRY   C:\Users\sippa\Desktop\photo_test - test run\FB_IMG_1645716310134.jpg  =>  C:\Users\sippa\Desktop\destination_folder_test\Photos\Facebook\2022\02_February\FB_IMG_1645716310134.jpg
2026-04-24 10:48:05  INFO      core.mover  DRY   C:\Users\sippa\Desktop\photo_test - test run\FB_IMG_1647058817455.jpg  =>  C:\Users\sippa\Desktop\destination_folder_test\Photos\Facebook\2022\03_March\FB_IMG_1647058817455.jpg
2026-04-24 10:48:05  INFO      core.mover  DRY   C:\Users\sippa\Desktop\photo_test - test run\FB_IMG_1647085804573.jpg  =>  C:\Users\sippa\Desktop\destination_folder_test\Photos\Facebook\2022\03_March\FB_IMG_1647085804573.jpg
2026-04-24 10:48:05  INFO      core.mover  DRY   C:\Users\sippa\Desktop\photo_test - test run\FB_IMG_1647745933134.jpg  =>  C:\Users\sippa\Desktop\destination_folder_test\Photos\Facebook\2022\03_March\FB_IMG_1647745933134.jpg
2026-04-24 10:48:05  INFO      core.mover  DRY   C:\Users\sippa\Desktop\photo_test - test run\FB_IMG_1648009914551.jpg  =>  C:\Users\sippa\Desktop\destination_folder_test\Photos\Facebook\2022\03_March\FB_IMG_1648009914551.jpg
2026-04-24 10:48:05  INFO      core.mover  DRY   C:\Users\sippa\Desktop\photo_test - test run\FB_IMG_1648009936992.jpg  =>  C:\Users\sippa\Desktop\destination_folder_test\Photos\Facebook\2022\03_March\FB_IMG_1648009936992.jpg
2026-04-24 10:48:05  INFO      core.mover  DRY   C:\Users\sippa\Desktop\photo_test - test run\FB_IMG_1648444275397.jpg  =>  C:\Users\sippa\Desktop\destination_folder_test\Photos\Facebook\2022\03_March\FB_IMG_1648444275397.jpg
2026-04-24 10:48:05  INFO      core.mover  DRY   C:\Users\sippa\Desktop\photo_test - test run\FB_IMG_1648444296132.jpg  =>  C:\Users\sippa\Desktop\destination_folder_test\Photos\Facebook\2022\03_March\FB_IMG_1648444296132.jpg
2026-04-24 10:48:05  INFO      core.mover  DRY   C:\Users\sippa\Desktop\photo_test - test run\FB_IMG_1649934609426.jpg  =>  C:\Users\sippa\Desktop\destination_folder_test\Photos\Facebook\2022\04_April\FB_IMG_1649934609426.jpg
2026-04-24 10:48:05  INFO      core.mover  DRY   C:\Users\sippa\Desktop\photo_test - test run\FB_IMG_1650216661518.jpg  =>  C:\Users\sippa\Desktop\destination_folder_test\Photos\Facebook\2022\04_April\FB_IMG_1650216661518.jpg
2026-04-24 10:48:05  INFO      core.mover  DRY   C:\Users\sippa\Desktop\photo_test - test run\FB_IMG_1650468429353.jpg  =>  C:\Users\sippa\Desktop\destination_folder_test\Photos\Facebook\2022\04_April\FB_IMG_1650468429353.jpg
2026-04-24 10:48:05  INFO      core.mover  DRY   C:\Users\sippa\Desktop\photo_test - test run\how_topsd-oom.jpg  =>  C:\Users\sippa\Desktop\destination_folder_test\Photos\Unknown_Device\2012\10_October\how_topsd-oom.jpg
2026-04-24 10:48:05  INFO      core.mover  DRY   C:\Users\sippa\Desktop\photo_test - test run\Image2017-10-28_12-39-13.png  =>  C:\Users\sippa\Desktop\destination_folder_test\Photos\Unknown_Device\2017\10_October\Image2017-10-28_12-39-13.png
2026-04-24 10:48:05  INFO      core.mover  DRY   C:\Users\sippa\Desktop\photo_test - test run\IMG_3698.JPG  =>  C:\Users\sippa\Desktop\destination_folder_test\Photos\Canon EOS RP\2025\04_April\IMG_3698.JPG
2026-04-24 10:48:05  INFO      core.mover  DRY   C:\Users\sippa\Desktop\photo_test - test run\IMG_3740.JPG  =>  C:\Users\sippa\Desktop\destination_folder_test\Photos\Canon EOS RP\2025\04_April\IMG_3740.JPG
2026-04-24 10:48:05  INFO      core.mover  DRY   C:\Users\sippa\Desktop\photo_test - test run\IMG_3741.JPG  =>  C:\Users\sippa\Desktop\destination_folder_test\Photos\Canon EOS RP\2025\04_April\IMG_3741.JPG
2026-04-24 10:48:05  INFO      core.mover  DRY   C:\Users\sippa\Desktop\photo_test - test run\IMG_3750.JPG  =>  C:\Users\sippa\Desktop\destination_folder_test\Photos\Canon EOS RP\2025\04_April\IMG_3750.JPG
2026-04-24 10:48:05  INFO      core.mover  DRY   C:\Users\sippa\Desktop\photo_test - test run\IMG_3751.JPG  =>  C:\Users\sippa\Desktop\destination_folder_test\Photos\Canon EOS RP\2025\04_April\IMG_3751.JPG
2026-04-24 10:48:05  INFO      core.mover  DRY   C:\Users\sippa\Desktop\photo_test - test run\IMG_3759.JPG  =>  C:\Users\sippa\Desktop\destination_folder_test\Photos\Canon EOS RP\2025\04_April\IMG_3759.JPG
2026-04-24 10:48:05  INFO      core.mover  DRY   C:\Users\sippa\Desktop\photo_test - test run\IMG_3760.JPG  =>  C:\Users\sippa\Desktop\destination_folder_test\Photos\Canon EOS RP\2025\04_April\IMG_3760.JPG
2026-04-24 10:48:05  INFO      core.mover  DRY   C:\Users\sippa\Desktop\photo_test - test run\IMG_3849.JPG  =>  C:\Users\sippa\Desktop\destination_folder_test\Photos\Canon EOS RP\2025\04_April\IMG_3849.JPG
2026-04-24 10:48:05  INFO      core.mover  DRY   C:\Users\sippa\Desktop\photo_test - test run\IMG_6410_0.jpg  =>  C:\Users\sippa\Desktop\destination_folder_test\Photos\Canon EOS RP\2026\02_February\IMG_6410_0.jpg
2026-04-24 10:48:05  INFO      core.mover  DRY   C:\Users\sippa\Desktop\photo_test - test run\IMG_6411_0.jpg  =>  C:\Users\sippa\Desktop\destination_folder_test\Photos\Canon EOS RP\2026\02_February\IMG_6411_0.jpg
2026-04-24 10:48:06  INFO      core.mover  DRY   C:\Users\sippa\Desktop\photo_test - test run\IMG_6412_0.jpg  =>  C:\Users\sippa\Desktop\destination_folder_test\Photos\Canon EOS RP\2026\02_February\IMG_6412_0.jpg
2026-04-24 10:48:06  INFO      core.mover  DRY   C:\Users\sippa\Desktop\photo_test - test run\IMG_6414_0.jpg  =>  C:\Users\sippa\Desktop\destination_folder_test\Photos\Canon EOS RP\2026\02_February\IMG_6414_0.jpg
2026-04-24 10:48:06  INFO      core.mover  DRY   C:\Users\sippa\Desktop\photo_test - test run\IMG_6429_0.jpg  =>  C:\Users\sippa\Desktop\destination_folder_test\Photos\Canon EOS RP\2026\02_February\IMG_6429_0.jpg
2026-04-24 10:48:06  INFO      core.mover  DRY   C:\Users\sippa\Desktop\photo_test - test run\IMG_9472.JPG  =>  C:\Users\sippa\Desktop\destination_folder_test\Photos\Apple iPad mini 1G\2015\09_September\IMG_9472.JPG
2026-04-24 10:48:06  INFO      core.mover  DRY   C:\Users\sippa\Desktop\photo_test - test run\IMG_9478.JPG  =>  C:\Users\sippa\Desktop\destination_folder_test\Photos\Apple iPad mini 1G\2015\09_September\IMG_9478.JPG
2026-04-24 10:48:06  INFO      core.mover  DRY   C:\Users\sippa\Desktop\photo_test - test run\Jumping_Race_2017-07-28T123453+0000_E485DC.jpg  =>  C:\Users\sippa\Desktop\destination_folder_test\Photos\Parrot Jumping Race\2017\07_July\Jumping_Race_2017-07-28T123453+0000_E485DC.jpg
2026-04-24 10:48:06  INFO      core.mover  DRY   C:\Users\sippa\Desktop\photo_test - test run\Jumping_Race_2017-07-28T123548+0000_DD4B51.jpg  =>  C:\Users\sippa\Desktop\destination_folder_test\Photos\Parrot Jumping Race\2017\07_July\Jumping_Race_2017-07-28T123548+0000_DD4B51.jpg
2026-04-24 10:48:06  INFO      core.mover  DRY   C:\Users\sippa\Desktop\photo_test - test run\Jumping_Race_2017-07-28T123621+0000_C2F6AB.jpg  =>  C:\Users\sippa\Desktop\destination_folder_test\Photos\Parrot Jumping Race\2017\07_July\Jumping_Race_2017-07-28T123621+0000_C2F6AB.jpg
2026-04-24 10:48:06  INFO      core.mover  DRY   C:\Users\sippa\Desktop\photo_test - test run\Jumping_Race_2017-08-20T155617+0000_69B95B.jpg  =>  C:\Users\sippa\Desktop\destination_folder_test\Photos\Parrot Jumping Race\2017\08_August\Jumping_Race_2017-08-20T155617+0000_69B95B.jpg
2026-04-24 10:48:06  INFO      core.mover  DRY   C:\Users\sippa\Desktop\photo_test - test run\mom_gen.jpg  =>  C:\Users\sippa\Desktop\destination_folder_test\Photos\Unknown_Device\2012\01_January\mom_gen.jpg
2026-04-24 10:48:06  INFO      core.mover  DRY   C:\Users\sippa\Desktop\photo_test - test run\oom profile pic.jpg  =>  C:\Users\sippa\Desktop\destination_folder_test\Photos\SONY DSLR-A200\2012\01_January\oom profile pic.jpg
2026-04-24 10:48:06  INFO      core.mover  DRY   C:\Users\sippa\Desktop\photo_test - test run\oom racing profile.jpg  =>  C:\Users\sippa\Desktop\destination_folder_test\Photos\Sony NEX-5N\2012\12_December\oom racing profile.jpg
2026-04-24 10:48:06  INFO      core.mover  DRY   C:\Users\sippa\Desktop\photo_test - test run\oom1.jpg  =>  C:\Users\sippa\Desktop\destination_folder_test\Photos\Unknown_Device\2007\11_November\oom1.jpg
2026-04-24 10:48:06  INFO      core.mover  DRY   C:\Users\sippa\Desktop\photo_test - test run\oom2.jpg  =>  C:\Users\sippa\Desktop\destination_folder_test\Photos\Unknown_Device\2007\11_November\oom2.jpg
2026-04-24 10:48:06  INFO      core.mover  DRY   C:\Users\sippa\Desktop\photo_test - test run\P2400145.JPG  =>  C:\Users\sippa\Desktop\destination_folder_test\Photos\Panasonic GX85\2021\03_March\P2400145.JPG
2026-04-24 10:48:06  INFO      core.mover  DRY   C:\Users\sippa\Desktop\photo_test - test run\P2440732.JPG  =>  C:\Users\sippa\Desktop\destination_folder_test\Photos\Panasonic GX85\2021\06_June\P2440732.JPG
2026-04-24 10:48:06  INFO      core.mover  DRY   C:\Users\sippa\Desktop\photo_test - test run\P2440733.JPG  =>  C:\Users\sippa\Desktop\destination_folder_test\Photos\Panasonic GX85\2021\06_June\P2440733.JPG
2026-04-24 10:48:06  INFO      core.mover  DRY   C:\Users\sippa\Desktop\photo_test - test run\P2480116.JPG  =>  C:\Users\sippa\Desktop\destination_folder_test\Photos\Panasonic GX85\2021\07_July\P2480116.JPG
2026-04-24 10:48:06  INFO      core.mover  DRY   C:\Users\sippa\Desktop\photo_test - test run\P2890961.JPG  =>  C:\Users\sippa\Desktop\destination_folder_test\Photos\Panasonic GX85\2022\09_September\P2890961.JPG
2026-04-24 10:48:06  INFO      core.mover  DRY   C:\Users\sippa\Desktop\photo_test - test run\P2890962.JPG  =>  C:\Users\sippa\Desktop\destination_folder_test\Photos\Panasonic GX85\2022\09_September\P2890962.JPG
2026-04-24 10:48:06  INFO      core.mover  DRY   C:\Users\sippa\Desktop\photo_test - test run\P2890963.JPG  =>  C:\Users\sippa\Desktop\destination_folder_test\Photos\Panasonic GX85\2022\09_September\P2890963.JPG
2026-04-24 10:48:06  INFO      core.mover  DRY   C:\Users\sippa\Desktop\photo_test - test run\P4120847.JPG  =>  C:\Users\sippa\Desktop\destination_folder_test\Photos\Panasonic GX85\2026\02_February\P4120847.JPG
2026-04-24 10:48:06  INFO      core.mover  DRY   C:\Users\sippa\Desktop\photo_test - test run\P4120848.JPG  =>  C:\Users\sippa\Desktop\destination_folder_test\Photos\Panasonic GX85\2026\02_February\P4120848.JPG
2026-04-24 10:48:06  INFO      core.mover  DRY   C:\Users\sippa\Desktop\photo_test - test run\P4120858.JPG  =>  C:\Users\sippa\Desktop\destination_folder_test\Photos\Panasonic GX85\2026\02_February\P4120858.JPG
2026-04-24 10:48:06  INFO      core.mover  DRY   C:\Users\sippa\Desktop\photo_test - test run\poster_all.jpg  =>  C:\Users\sippa\Desktop\destination_folder_test\Photos\Unknown_Device\2012\09_September\poster_all.jpg
2026-04-24 10:48:06  INFO      core.mover  DRY   C:\Users\sippa\Desktop\photo_test - test run\poster_japan_new1.jpg  =>  C:\Users\sippa\Desktop\destination_folder_test\Photos\Unknown_Device\2012\08_August\poster_japan_new1.jpg
2026-04-24 10:48:06  INFO      core.mover  DRY   C:\Users\sippa\Desktop\photo_test - test run\poster_send gift.jpg  =>  C:\Users\sippa\Desktop\destination_folder_test\Photos\Unknown_Device\2012\10_October\poster_send gift.jpg
2026-04-24 10:48:06  INFO      core.mover  DRY   C:\Users\sippa\Desktop\photo_test - test run\Q11_55.jpg  =>  C:\Users\sippa\Desktop\destination_folder_test\Photos\Unknown_Device\2017\12_December\Q11_55.jpg
2026-04-24 10:48:06  INFO      core.mover  DRY   C:\Users\sippa\Desktop\photo_test - test run\QR-oom ziggaza.png  =>  C:\Users\sippa\Desktop\destination_folder_test\Photos\Unknown_Device\2012\10_October\QR-oom ziggaza.png
2026-04-24 10:48:06  INFO      core.mover  DRY   C:\Users\sippa\Desktop\photo_test - test run\Q_06_6.JPG  =>  C:\Users\sippa\Desktop\destination_folder_test\Photos\Panasonic GX85\2017\06_June\Q_06_6.JPG
2026-04-24 10:48:06  INFO      core.mover  DRY   C:\Users\sippa\Desktop\photo_test - test run\Q_06_8.JPG  =>  C:\Users\sippa\Desktop\destination_folder_test\Photos\Panasonic GX85\2017\06_June\Q_06_8.JPG
2026-04-24 10:48:06  INFO      core.mover  DRY   C:\Users\sippa\Desktop\photo_test - test run\Q_09_03.JPG  =>  C:\Users\sippa\Desktop\destination_folder_test\Photos\Panasonic GX85\2017\09_September\Q_09_03.JPG
2026-04-24 10:48:06  INFO      core.mover  DRY   C:\Users\sippa\Desktop\photo_test - test run\Q_12_07.JPG  =>  C:\Users\sippa\Desktop\destination_folder_test\Photos\Panasonic GX85\2017\12_December\Q_12_07.JPG
2026-04-24 10:48:06  INFO      core.mover  DRY   C:\Users\sippa\Desktop\photo_test - test run\Q_12_08.JPG  =>  C:\Users\sippa\Desktop\destination_folder_test\Photos\Panasonic GX85\2017\12_December\Q_12_08.JPG
2026-04-24 10:48:06  INFO      core.mover  DRY   C:\Users\sippa\Desktop\photo_test - test run\test_drum_nano.mp4  =>  C:\Users\sippa\Desktop\destination_folder_test\Videos\Unknown_Device\2021\07_July\test_drum_nano.mp4
2026-04-24 10:48:06  INFO      core.mover  DRY   C:\Users\sippa\Desktop\photo_test - test run\test_drum_nano_2.mp4  =>  C:\Users\sippa\Desktop\destination_folder_test\Videos\Unknown_Device\2021\07_July\test_drum_nano_2.mp4
2026-04-24 10:48:06  INFO      core.mover  DRY   C:\Users\sippa\Desktop\photo_test - test run\ticker.jpg  =>  C:\Users\sippa\Desktop\destination_folder_test\Photos\Sony NEX-5N\2013\04_April\ticker.jpg
2026-04-24 10:48:06  INFO      core.mover  DRY   C:\Users\sippa\Desktop\photo_test - test run\VID_165730512_193223_687.mp4  =>  C:\Users\sippa\Desktop\destination_folder_test\Videos\Unknown_Device\2019\11_November\VID_165730512_193223_687.mp4
2026-04-24 10:48:06  INFO      core.mover  DRY   C:\Users\sippa\Desktop\photo_test - test run\VID_92500220_085013_366.mp4  =>  C:\Users\sippa\Desktop\destination_folder_test\Videos\Unknown_Device\2019\08_August\VID_92500220_085013_366.mp4
2026-04-24 10:48:06  INFO      core.mover  DRY   C:\Users\sippa\Desktop\photo_test - test run\XPLB0292.JPG  =>  C:\Users\sippa\Desktop\destination_folder_test\Photos\Apple iPad mini 1G\2015\11_November\XPLB0292.JPG
2026-04-24 10:48:06  INFO      core.mover  DRY   C:\Users\sippa\Desktop\photo_test - test run\ziggaza_cover4-stamp.jpg  =>  C:\Users\sippa\Desktop\destination_folder_test\Photos\Unknown_Device\2014\02_February\ziggaza_cover4-stamp.jpg
2026-04-24 10:48:06  INFO      core.mover  DRY   C:\Users\sippa\Desktop\photo_test - test run\20221018 fence post\11218294-8ef0-481a-ae00-3fcc7e44b8c9.mp4  =>  C:\Users\sippa\Desktop\destination_folder_test\Videos\Unknown_Device\2022\10_October\11218294-8ef0-481a-ae00-3fcc7e44b8c9.mp4
2026-04-24 10:48:06  INFO      core.mover  DRY   C:\Users\sippa\Desktop\photo_test - test run\20221018 fence post\1220777.jpg  =>  C:\Users\sippa\Desktop\destination_folder_test\Photos\Unknown_Device\2022\10_October\1220777.jpg
2026-04-24 10:48:06  INFO      core.mover  DRY   C:\Users\sippa\Desktop\photo_test - test run\20221018 fence post\1222446.jpg  =>  C:\Users\sippa\Desktop\destination_folder_test\Photos\Unknown_Device\2022\10_October\1222446.jpg
2026-04-24 10:48:06  INFO      core.mover  DRY   C:\Users\sippa\Desktop\photo_test - test run\20221018 fence post\1_10.30.53.avi  =>  C:\Users\sippa\Desktop\destination_folder_test\Videos\Unknown_Device\2022\10_October\1_10.30.53.avi
2026-04-24 10:48:06  INFO      core.mover  DRY   C:\Users\sippa\Desktop\photo_test - test run\20221018 fence post\P2850539.JPG  =>  C:\Users\sippa\Desktop\destination_folder_test\Photos\Panasonic GX85\2022\09_September\P2850539.JPG
2026-04-24 10:48:06  INFO      core.mover  DRY   C:\Users\sippa\Desktop\photo_test - test run\20221018 fence post\P2910198.JPG  =>  C:\Users\sippa\Desktop\destination_folder_test\Photos\Panasonic GX85\2022\10_October\P2910198.JPG
2026-04-24 10:48:06  INFO      core.mover  DRY   C:\Users\sippa\Desktop\photo_test - test run\20221018 fence post\P2910199.JPG  =>  C:\Users\sippa\Desktop\destination_folder_test\Photos\Panasonic GX85\2022\10_October\P2910199.JPG
2026-04-24 10:48:06  INFO      core.mover  DRY   C:\Users\sippa\Desktop\photo_test - test run\20221018 fence post\P2940040.JPG  =>  C:\Users\sippa\Desktop\destination_folder_test\Photos\Panasonic GX85\2022\10_October\P2940040.JPG
2026-04-24 10:48:06  INFO      core.mover  DRY   C:\Users\sippa\Desktop\photo_test - test run\20221018 fence post\P2940069.JPG  =>  C:\Users\sippa\Desktop\destination_folder_test\Photos\Panasonic GX85\2022\10_October\P2940069.JPG
2026-04-24 10:48:06  INFO      core.mover  DRY   C:\Users\sippa\Desktop\photo_test - test run\20221018 fence post\P2940074.JPG  =>  C:\Users\sippa\Desktop\destination_folder_test\Photos\Panasonic GX85\2022\10_October\P2940074.JPG
2026-04-24 10:48:06  INFO      core.mover  DRY   C:\Users\sippa\Desktop\photo_test - test run\20221018 fence post\P2940113.JPG  =>  C:\Users\sippa\Desktop\destination_folder_test\Photos\Panasonic GX85\2022\10_October\P2940113.JPG
2026-04-24 10:48:06  INFO      core.mover  DRY   C:\Users\sippa\Desktop\photo_test - test run\20221018 fence post\P2940130.JPG  =>  C:\Users\sippa\Desktop\destination_folder_test\Photos\Panasonic GX85\2022\10_October\P2940130.JPG
2026-04-24 10:48:06  INFO      core.mover  DRY   C:\Users\sippa\Desktop\photo_test - test run\20221018 fence post\P2940404.JPG  =>  C:\Users\sippa\Desktop\destination_folder_test\Photos\Panasonic GX85\2022\10_October\P2940404.JPG
2026-04-24 10:48:06  INFO      core.mover  DRY   C:\Users\sippa\Desktop\photo_test - test run\20221018 fence post\P2940409.JPG  =>  C:\Users\sippa\Desktop\destination_folder_test\Photos\Panasonic GX85\2022\10_October\P2940409.JPG
2026-04-24 10:48:06  INFO      core.mover  DRY   C:\Users\sippa\Desktop\photo_test - test run\20221018 fence post\Untitled.mp4  =>  C:\Users\sippa\Desktop\destination_folder_test\Videos\Unknown_Device\2022\10_October\Untitled.mp4
2026-04-24 10:48:06  INFO      core.mover  DRY   C:\Users\sippa\Desktop\photo_test - test run\261_PANA\P2610449.MP4  =>  C:\Users\sippa\Desktop\destination_folder_test\Videos\Panasonic Lumix\2022\05_May\P2610449.MP4
2026-04-24 10:48:06  INFO      core.mover  DRY   C:\Users\sippa\Desktop\photo_test - test run\261_PANA\P2610457.JPG  =>  C:\Users\sippa\Desktop\destination_folder_test\Photos\Panasonic GX85\2022\05_May\P2610457.JPG
2026-04-24 10:48:06  INFO      core.mover  DRY   C:\Users\sippa\Desktop\photo_test - test run\261_PANA\P2610467.JPG  =>  C:\Users\sippa\Desktop\destination_folder_test\Photos\Panasonic GX85\2022\05_May\P2610467.JPG
2026-04-24 10:48:06  INFO      core.mover  DRY   C:\Users\sippa\Desktop\photo_test - test run\261_PANA\P2610477.JPG  =>  C:\Users\sippa\Desktop\destination_folder_test\Photos\Panasonic GX85\2022\05_May\P2610477.JPG
2026-04-24 10:48:06  INFO      core.mover  DRY   C:\Users\sippa\Desktop\photo_test - test run\261_PANA\P2610757.JPG  =>  C:\Users\sippa\Desktop\destination_folder_test\Photos\Panasonic GX85\2022\05_May\P2610757.JPG
2026-04-24 10:48:06  INFO      core.mover  DRY   C:\Users\sippa\Desktop\photo_test - test run\261_PANA\P2610763.JPG  =>  C:\Users\sippa\Desktop\destination_folder_test\Photos\Panasonic GX85\2022\05_May\P2610763.JPG
2026-04-24 10:48:06  INFO      core.mover  DRY   C:\Users\sippa\Desktop\photo_test - test run\261_PANA\P2610764.JPG  =>  C:\Users\sippa\Desktop\destination_folder_test\Photos\Panasonic GX85\2022\05_May\P2610764.JPG
2026-04-24 10:48:06  INFO      core.mover  DRY   C:\Users\sippa\Desktop\photo_test - test run\261_PANA\P2610781.JPG  =>  C:\Users\sippa\Desktop\destination_folder_test\Photos\Panasonic GX85\2022\05_May\P2610781.JPG
2026-04-24 10:48:06  INFO      core.mover  DRY   C:\Users\sippa\Desktop\photo_test - test run\324_PANA\P3240001.MP4  =>  C:\Users\sippa\Desktop\destination_folder_test\Videos\Panasonic Lumix\2023\04_April\P3240001.MP4
2026-04-24 10:48:07  INFO      core.mover  DRY   C:\Users\sippa\Desktop\photo_test - test run\324_PANA\P3240015.JPG  =>  C:\Users\sippa\Desktop\destination_folder_test\Photos\Panasonic GX85\2023\04_April\P3240015.JPG
2026-04-24 10:48:07  INFO      core.mover  DRY   C:\Users\sippa\Desktop\photo_test - test run\324_PANA\P3240020.JPG  =>  C:\Users\sippa\Desktop\destination_folder_test\Photos\Panasonic GX85\2023\04_April\P3240020.JPG
2026-04-24 10:48:07  INFO      core.mover  DRY   C:\Users\sippa\Desktop\photo_test - test run\324_PANA\P3240025.JPG  =>  C:\Users\sippa\Desktop\destination_folder_test\Photos\Panasonic GX85\2023\04_April\P3240025.JPG
2026-04-24 10:48:07  INFO      core.mover  DRY   C:\Users\sippa\Desktop\photo_test - test run\324_PANA\P3240026.JPG  =>  C:\Users\sippa\Desktop\destination_folder_test\Photos\Panasonic GX85\2023\04_April\P3240026.JPG
2026-04-24 10:48:07  INFO      core.mover  DRY   C:\Users\sippa\Desktop\photo_test - test run\324_PANA\P3240357.JPG  =>  C:\Users\sippa\Desktop\destination_folder_test\Photos\Panasonic GX85\2023\04_April\P3240357.JPG
2026-04-24 10:48:07  INFO      core.mover  DRY   C:\Users\sippa\Desktop\photo_test - test run\324_PANA\P3240366.JPG  =>  C:\Users\sippa\Desktop\destination_folder_test\Photos\Panasonic GX85\2023\04_April\P3240366.JPG
2026-04-24 10:48:07  INFO      core.mover  DRY   C:\Users\sippa\Desktop\photo_test - test run\324_PANA\P3240715.JPG  =>  C:\Users\sippa\Desktop\destination_folder_test\Photos\Panasonic GX85\2023\04_April\P3240715.JPG
2026-04-24 10:48:07  INFO      core.mover  DRY   C:\Users\sippa\Desktop\photo_test - test run\324_PANA\P3240716.JPG  =>  C:\Users\sippa\Desktop\destination_folder_test\Photos\Panasonic GX85\2023\04_April\P3240716.JPG
2026-04-24 10:48:07  INFO      core.mover  DRY   C:\Users\sippa\Desktop\photo_test - test run\324_PANA\P3240854.JPG  =>  C:\Users\sippa\Desktop\destination_folder_test\Photos\Panasonic GX85\2023\04_April\P3240854.JPG
2026-04-24 10:48:07  INFO      core.mover  DRY   C:\Users\sippa\Desktop\photo_test - test run\324_PANA\P3240856.JPG  =>  C:\Users\sippa\Desktop\destination_folder_test\Photos\Panasonic GX85\2023\04_April\P3240856.JPG
2026-04-24 10:48:07  INFO      core.mover  DRY   C:\Users\sippa\Desktop\photo_test - test run\407_PANA\P4070462.MP4  =>  C:\Users\sippa\Desktop\destination_folder_test\Videos\Panasonic Lumix\2025\11_November\P4070462.MP4
2026-04-24 10:48:07  INFO      core.mover  DRY   C:\Users\sippa\Desktop\photo_test - test run\407_PANA\P4070475.JPG  =>  C:\Users\sippa\Desktop\destination_folder_test\Photos\Panasonic GX85\2025\11_November\P4070475.JPG
2026-04-24 10:48:07  INFO      core.mover  DRY   C:\Users\sippa\Desktop\photo_test - test run\407_PANA\P4070485.JPG  =>  C:\Users\sippa\Desktop\destination_folder_test\Photos\Panasonic GX85\2025\11_November\P4070485.JPG
2026-04-24 10:48:07  INFO      core.mover  DRY   C:\Users\sippa\Desktop\photo_test - test run\407_PANA\P4070494.JPG  =>  C:\Users\sippa\Desktop\destination_folder_test\Photos\Panasonic GX85\2025\11_November\P4070494.JPG
2026-04-24 10:48:07  INFO      core.mover  DRY   C:\Users\sippa\Desktop\photo_test - test run\407_PANA\P4070495.JPG  =>  C:\Users\sippa\Desktop\destination_folder_test\Photos\Panasonic GX85\2025\11_November\P4070495.JPG
2026-04-24 10:48:07  INFO      core.mover  DRY   C:\Users\sippa\Desktop\photo_test - test run\407_PANA\P4070505.JPG  =>  C:\Users\sippa\Desktop\destination_folder_test\Photos\Panasonic GX85\2025\11_November\P4070505.JPG
2026-04-24 10:48:07  INFO      core.mover  DRY   C:\Users\sippa\Desktop\photo_test - test run\407_PANA\P4070506.JPG  =>  C:\Users\sippa\Desktop\destination_folder_test\Photos\Panasonic GX85\2025\11_November\P4070506.JPG
2026-04-24 10:48:07  INFO      core.mover  DRY   C:\Users\sippa\Desktop\photo_test - test run\407_PANA\P4070625.JPG  =>  C:\Users\sippa\Desktop\destination_folder_test\Photos\Panasonic GX85\2025\11_November\P4070625.JPG
2026-04-24 10:48:07  INFO      core.mover  DRY   C:\Users\sippa\Desktop\photo_test - test run\407_PANA\P4070627.JPG  =>  C:\Users\sippa\Desktop\destination_folder_test\Photos\Panasonic GX85\2025\11_November\P4070627.JPG
2026-04-24 10:48:07  INFO      core.mover  DRY   C:\Users\sippa\Desktop\photo_test - test run\407_PANA\P4070766.JPG  =>  C:\Users\sippa\Desktop\destination_folder_test\Photos\Panasonic GX85\2025\11_November\P4070766.JPG
2026-04-24 10:48:07  INFO      core.mover  DRY   C:\Users\sippa\Desktop\photo_test - test run\407_PANA\P4070768.JPG  =>  C:\Users\sippa\Desktop\destination_folder_test\Photos\Panasonic GX85\2025\11_November\P4070768.JPG
2026-04-24 10:48:07  INFO      core.mover  DRY   C:\Users\sippa\Desktop\photo_test - test run\Pyjamas\P2560373.JPG  =>  C:\Users\sippa\Desktop\destination_folder_test\Photos\Panasonic GX85\2022\02_February\P2560373.JPG
2026-04-24 10:48:07  INFO      core.mover  DRY   C:\Users\sippa\Desktop\photo_test - test run\Pyjamas\P2560374.JPG  =>  C:\Users\sippa\Desktop\destination_folder_test\Photos\Panasonic GX85\2022\02_February\P2560374.JPG
2026-04-24 10:48:07  INFO      core.mover  DRY   C:\Users\sippa\Desktop\photo_test - test run\Pyjamas\P2560375.JPG  =>  C:\Users\sippa\Desktop\destination_folder_test\Photos\Panasonic GX85\2022\02_February\P2560375.JPG
2026-04-24 10:48:07  INFO      core.mover  DRY   C:\Users\sippa\Desktop\photo_test - test run\Pyjamas\P2560380.JPG  =>  C:\Users\sippa\Desktop\destination_folder_test\Photos\Panasonic GX85\2022\02_February\P2560380.JPG
2026-04-24 10:48:07  INFO      core.mover  DRY   C:\Users\sippa\Desktop\photo_test - test run\Pyjamas\P2560382.JPG  =>  C:\Users\sippa\Desktop\destination_folder_test\Photos\Panasonic GX85\2022\02_February\P2560382.JPG
2026-04-24 10:48:07  INFO      core.mover  DRY   C:\Users\sippa\Desktop\photo_test - test run\Pyjamas\P2560383.JPG  =>  C:\Users\sippa\Desktop\destination_folder_test\Photos\Panasonic GX85\2022\02_February\P2560383.JPG
2026-04-24 10:48:07  INFO      core.mover  DRY   C:\Users\sippa\Desktop\photo_test - test run\Pyjamas\P2560393.JPG  =>  C:\Users\sippa\Desktop\destination_folder_test\Photos\Panasonic GX85\2022\02_February\P2560393.JPG
2026-04-24 10:48:07  INFO      core.mover  Done. moved=370 dupes=0 resumed=0 errors=0 elapsed=6.5s @ 57.3 files/s
2026-04-24 10:49:04  WARNING   exifread  PNG file does not have exif data.
2026-04-24 10:49:04  WARNING   exifread  PNG file does not have exif data.
2026-04-24 10:49:04  WARNING   exifread  PNG file does not have exif data.
2026-04-24 10:49:04  INFO      core.mover  DRY   C:\Users\sippa\Desktop\photo_test - test run\00003.MTS  =>  C:\Users\sippa\Desktop\destination_folder_test\2019\Videos\Sony AVCHD\08_August\08\00003.MTS
2026-04-24 10:49:04  INFO      core.mover  DRY   C:\Users\sippa\Desktop\photo_test - test run\00013.MTS  =>  C:\Users\sippa\Desktop\destination_folder_test\2014\Videos\Sony AVCHD\06_June\06\00013.MTS
2026-04-24 10:49:04  INFO      core.mover  DRY   C:\Users\sippa\Desktop\photo_test - test run\00073.MTS  =>  C:\Users\sippa\Desktop\destination_folder_test\2018\Videos\Sony AVCHD\09_September\20\00073.MTS
2026-04-24 10:49:04  INFO      core.mover  DRY   C:\Users\sippa\Desktop\photo_test - test run\00074.MTS  =>  C:\Users\sippa\Desktop\destination_folder_test\2018\Videos\Sony AVCHD\09_September\20\00074.MTS
2026-04-24 10:49:04  INFO      core.mover  DRY   C:\Users\sippa\Desktop\photo_test - test run\00081.MTS  =>  C:\Users\sippa\Desktop\destination_folder_test\2018\Videos\Sony AVCHD\09_September\22\00081.MTS
2026-04-24 10:49:04  INFO      core.mover  DRY   C:\Users\sippa\Desktop\photo_test - test run\1505891619099.jpg  =>  C:\Users\sippa\Desktop\destination_folder_test\2017\Photos\Unknown_Device\12_December\17\1505891619099.jpg
2026-04-24 10:49:04  INFO      core.mover  DRY   C:\Users\sippa\Desktop\photo_test - test run\1507032871478.jpg  =>  C:\Users\sippa\Desktop\destination_folder_test\2017\Photos\Unknown_Device\12_December\17\1507032871478.jpg
2026-04-24 10:49:04  INFO      core.mover  DRY   C:\Users\sippa\Desktop\photo_test - test run\1509169149018_fact_1.jpg  =>  C:\Users\sippa\Desktop\destination_folder_test\2017\Photos\Unknown_Device\10_October\28\1509169149018_fact_1.jpg
2026-04-24 10:49:04  INFO      core.mover  DRY   C:\Users\sippa\Desktop\photo_test - test run\1548945374710_fact_1.jpg  =>  C:\Users\sippa\Desktop\destination_folder_test\2019\Photos\Unknown_Device\01_January\31\1548945374710_fact_1.jpg
2026-04-24 10:49:04  INFO      core.mover  DRY   C:\Users\sippa\Desktop\photo_test - test run\20151219_155545.jpg  =>  C:\Users\sippa\Desktop\destination_folder_test\2015\Photos\Samsung Galaxy Note 4\12_December\19\20151219_155545.jpg
2026-04-24 10:49:04  INFO      core.mover  DRY   C:\Users\sippa\Desktop\photo_test - test run\20160530_195932.jpg  =>  C:\Users\sippa\Desktop\destination_folder_test\2016\Photos\Samsung Galaxy Note 4\05_May\30\20160530_195932.jpg
2026-04-24 10:49:04  INFO      core.mover  DRY   C:\Users\sippa\Desktop\photo_test - test run\20170828_192518.jpg  =>  C:\Users\sippa\Desktop\destination_folder_test\2017\Photos\Samsung Galaxy Note 4\08_August\28\20170828_192518.jpg
2026-04-24 10:49:04  INFO      core.mover  DRY   C:\Users\sippa\Desktop\photo_test - test run\20170828_222242.jpg  =>  C:\Users\sippa\Desktop\destination_folder_test\2017\Photos\Samsung Galaxy Note 4\08_August\28\20170828_222242.jpg
2026-04-24 10:49:04  INFO      core.mover  DRY   C:\Users\sippa\Desktop\photo_test - test run\20170903_163928.jpg  =>  C:\Users\sippa\Desktop\destination_folder_test\2017\Photos\Samsung Galaxy Note 4\09_September\03\20170903_163928.jpg
2026-04-24 10:49:04  INFO      core.mover  DRY   C:\Users\sippa\Desktop\photo_test - test run\20170903_194250.jpg  =>  C:\Users\sippa\Desktop\destination_folder_test\2017\Photos\Samsung Galaxy Note 4\09_September\03\20170903_194250.jpg
2026-04-24 10:49:04  INFO      core.mover  DRY   C:\Users\sippa\Desktop\photo_test - test run\20170903_194254.jpg  =>  C:\Users\sippa\Desktop\destination_folder_test\2017\Photos\Samsung Galaxy Note 4\09_September\03\20170903_194254.jpg
2026-04-24 10:49:04  INFO      core.mover  DRY   C:\Users\sippa\Desktop\photo_test - test run\20170909_182011.jpg  =>  C:\Users\sippa\Desktop\destination_folder_test\2017\Photos\Samsung Galaxy Note 4\09_September\09\20170909_182011.jpg
2026-04-24 10:49:04  INFO      core.mover  DRY   C:\Users\sippa\Desktop\photo_test - test run\20170909_182016.jpg  =>  C:\Users\sippa\Desktop\destination_folder_test\2017\Photos\Samsung Galaxy Note 4\09_September\09\20170909_182016.jpg
2026-04-24 10:49:04  INFO      core.mover  DRY   C:\Users\sippa\Desktop\photo_test - test run\20170910_134231.jpg  =>  C:\Users\sippa\Desktop\destination_folder_test\2017\Photos\Samsung Galaxy Note 4\09_September\10\20170910_134231.jpg
2026-04-24 10:49:04  INFO      core.mover  DRY   C:\Users\sippa\Desktop\photo_test - test run\20170913_193231.jpg  =>  C:\Users\sippa\Desktop\destination_folder_test\2017\Photos\Samsung Galaxy Note 4\09_September\13\20170913_193231.jpg
2026-04-24 10:49:04  INFO      core.mover  DRY   C:\Users\sippa\Desktop\photo_test - test run\20170913_193722.jpg  =>  C:\Users\sippa\Desktop\destination_folder_test\2017\Photos\Samsung Galaxy Note 4\09_September\13\20170913_193722.jpg
2026-04-24 10:49:04  INFO      core.mover  DRY   C:\Users\sippa\Desktop\photo_test - test run\20170914_082221.jpg  =>  C:\Users\sippa\Desktop\destination_folder_test\2017\Photos\Samsung Galaxy Note 4\09_September\14\20170914_082221.jpg
2026-04-24 10:49:04  INFO      core.mover  DRY   C:\Users\sippa\Desktop\photo_test - test run\20170918_210731.jpg  =>  C:\Users\sippa\Desktop\destination_folder_test\2017\Photos\Samsung Galaxy Note 4\09_September\18\20170918_210731.jpg
2026-04-24 10:49:04  INFO      core.mover  DRY   C:\Users\sippa\Desktop\photo_test - test run\20170920_091921.jpg  =>  C:\Users\sippa\Desktop\destination_folder_test\2017\Photos\Samsung Galaxy Note 4\09_September\20\20170920_091921.jpg
2026-04-24 10:49:04  INFO      core.mover  DRY   C:\Users\sippa\Desktop\photo_test - test run\20170920_183506.jpg  =>  C:\Users\sippa\Desktop\destination_folder_test\2017\Photos\Samsung Galaxy Note 4\09_September\20\20170920_183506.jpg
2026-04-24 10:49:04  INFO      core.mover  DRY   C:\Users\sippa\Desktop\photo_test - test run\20170922_070834.jpg  =>  C:\Users\sippa\Desktop\destination_folder_test\2017\Photos\Samsung Galaxy Note 4\09_September\22\20170922_070834.jpg
2026-04-24 10:49:04  INFO      core.mover  DRY   C:\Users\sippa\Desktop\photo_test - test run\20171214_232725.jpg  =>  C:\Users\sippa\Desktop\destination_folder_test\2017\Photos\Samsung Galaxy Note 8\12_December\14\20171214_232725.jpg
2026-04-24 10:49:04  INFO      core.mover  DRY   C:\Users\sippa\Desktop\photo_test - test run\20171215_084609.jpg  =>  C:\Users\sippa\Desktop\destination_folder_test\2017\Photos\Samsung Galaxy Note 8\12_December\15\20171215_084609.jpg
2026-04-24 10:49:04  INFO      core.mover  DRY   C:\Users\sippa\Desktop\photo_test - test run\20171215_131459.jpg  =>  C:\Users\sippa\Desktop\destination_folder_test\2017\Photos\Samsung Galaxy Note 8\12_December\15\20171215_131459.jpg
2026-04-24 10:49:04  INFO      core.mover  DRY   C:\Users\sippa\Desktop\photo_test - test run\20171216_075334.jpg  =>  C:\Users\sippa\Desktop\destination_folder_test\2017\Photos\Samsung Galaxy Note 8\12_December\16\20171216_075334.jpg
2026-04-24 10:49:04  INFO      core.mover  DRY   C:\Users\sippa\Desktop\photo_test - test run\20180106_131509.jpg  =>  C:\Users\sippa\Desktop\destination_folder_test\2018\Photos\Samsung Galaxy Note 8\01_January\06\20180106_131509.jpg
2026-04-24 10:49:04  INFO      core.mover  DRY   C:\Users\sippa\Desktop\photo_test - test run\20180107_163817.jpg  =>  C:\Users\sippa\Desktop\destination_folder_test\2018\Photos\Samsung Galaxy Note 8\01_January\07\20180107_163817.jpg
2026-04-24 10:49:04  INFO      core.mover  DRY   C:\Users\sippa\Desktop\photo_test - test run\20180108_094914.jpg  =>  C:\Users\sippa\Desktop\destination_folder_test\2018\Photos\Samsung Galaxy Note 8\01_January\08\20180108_094914.jpg
2026-04-24 10:49:04  INFO      core.mover  DRY   C:\Users\sippa\Desktop\photo_test - test run\20180108_094916.jpg  =>  C:\Users\sippa\Desktop\destination_folder_test\2018\Photos\Samsung Galaxy Note 8\01_January\08\20180108_094916.jpg
2026-04-24 10:49:04  INFO      core.mover  DRY   C:\Users\sippa\Desktop\photo_test - test run\20180112_185251.jpg  =>  C:\Users\sippa\Desktop\destination_folder_test\2018\Photos\Samsung Galaxy Note 8\01_January\12\20180112_185251.jpg
2026-04-24 10:49:04  INFO      core.mover  DRY   C:\Users\sippa\Desktop\photo_test - test run\20180120_125333.jpg  =>  C:\Users\sippa\Desktop\destination_folder_test\2018\Photos\Samsung Galaxy Note 8\01_January\20\20180120_125333.jpg
2026-04-24 10:49:04  INFO      core.mover  DRY   C:\Users\sippa\Desktop\photo_test - test run\20180120_125336.jpg  =>  C:\Users\sippa\Desktop\destination_folder_test\2018\Photos\Samsung Galaxy Note 8\01_January\20\20180120_125336.jpg
2026-04-24 10:49:04  INFO      core.mover  DRY   C:\Users\sippa\Desktop\photo_test - test run\20180304_182410.mp4  =>  C:\Users\sippa\Desktop\destination_folder_test\2018\Videos\Android Camera\03_March\04\20180304_182410.mp4
2026-04-24 10:49:04  INFO      core.mover  DRY   C:\Users\sippa\Desktop\photo_test - test run\20180310_175705.mp4  =>  C:\Users\sippa\Desktop\destination_folder_test\2018\Videos\Android Camera\03_March\10\20180310_175705.mp4
2026-04-24 10:49:04  INFO      core.mover  DRY   C:\Users\sippa\Desktop\photo_test - test run\20190131_075907.jpg  =>  C:\Users\sippa\Desktop\destination_folder_test\2019\Photos\samsung SM-G950F\01_January\31\20190131_075907.jpg
2026-04-24 10:49:04  INFO      core.mover  DRY   C:\Users\sippa\Desktop\photo_test - test run\20190201_135857.jpg  =>  C:\Users\sippa\Desktop\destination_folder_test\2019\Photos\samsung SM-G950F\02_February\01\20190201_135857.jpg
2026-04-24 10:49:04  INFO      core.mover  DRY   C:\Users\sippa\Desktop\photo_test - test run\20190206_172621.jpg  =>  C:\Users\sippa\Desktop\destination_folder_test\2019\Photos\samsung SM-G950F\02_February\06\20190206_172621.jpg
2026-04-24 10:49:04  INFO      core.mover  DRY   C:\Users\sippa\Desktop\photo_test - test run\20190208_172441.jpg  =>  C:\Users\sippa\Desktop\destination_folder_test\2019\Photos\samsung SM-G950F\02_February\08\20190208_172441.jpg
2026-04-24 10:49:04  INFO      core.mover  DRY   C:\Users\sippa\Desktop\photo_test - test run\20190214_161930.jpg  =>  C:\Users\sippa\Desktop\destination_folder_test\2019\Photos\samsung SM-G950F\02_February\14\20190214_161930.jpg
2026-04-24 10:49:04  INFO      core.mover  DRY   C:\Users\sippa\Desktop\photo_test - test run\20190228_131541.mp4  =>  C:\Users\sippa\Desktop\destination_folder_test\2019\Videos\Android Camera\02_February\28\20190228_131541.mp4
2026-04-24 10:49:04  INFO      core.mover  DRY   C:\Users\sippa\Desktop\photo_test - test run\20190420_153005.jpg  =>  C:\Users\sippa\Desktop\destination_folder_test\2019\Photos\samsung SM-G950F\04_April\20\20190420_153005.jpg
2026-04-24 10:49:04  INFO      core.mover  DRY   C:\Users\sippa\Desktop\photo_test - test run\20190420_153007.jpg  =>  C:\Users\sippa\Desktop\destination_folder_test\2019\Photos\samsung SM-G950F\04_April\20\20190420_153007.jpg
2026-04-24 10:49:04  INFO      core.mover  DRY   C:\Users\sippa\Desktop\photo_test - test run\20190420_181427.mp4  =>  C:\Users\sippa\Desktop\destination_folder_test\2019\Videos\Android Camera\04_April\20\20190420_181427.mp4
2026-04-24 10:49:04  INFO      core.mover  DRY   C:\Users\sippa\Desktop\photo_test - test run\20190422_105910.jpg  =>  C:\Users\sippa\Desktop\destination_folder_test\2019\Photos\samsung SM-G950F\04_April\22\20190422_105910.jpg
2026-04-24 10:49:04  INFO      core.mover  DRY   C:\Users\sippa\Desktop\photo_test - test run\20190422_105913.jpg  =>  C:\Users\sippa\Desktop\destination_folder_test\2019\Photos\samsung SM-G950F\04_April\22\20190422_105913.jpg
2026-04-24 10:49:04  INFO      core.mover  DRY   C:\Users\sippa\Desktop\photo_test - test run\20190424_134215.jpg  =>  C:\Users\sippa\Desktop\destination_folder_test\2019\Photos\samsung SM-G950F\04_April\24\20190424_134215.jpg
2026-04-24 10:49:04  INFO      core.mover  DRY   C:\Users\sippa\Desktop\photo_test - test run\20190425_154405.jpg  =>  C:\Users\sippa\Desktop\destination_folder_test\2019\Photos\samsung SM-G950F\04_April\25\20190425_154405.jpg
2026-04-24 10:49:04  INFO      core.mover  DRY   C:\Users\sippa\Desktop\photo_test - test run\20190625_170010.jpg  =>  C:\Users\sippa\Desktop\destination_folder_test\2019\Photos\samsung SM-G950F\06_June\25\20190625_170010.jpg
2026-04-24 10:49:04  INFO      core.mover  DRY   C:\Users\sippa\Desktop\photo_test - test run\20190708_080120.jpg  =>  C:\Users\sippa\Desktop\destination_folder_test\2019\Photos\samsung SM-G950F\07_July\08\20190708_080120.jpg
2026-04-24 10:49:04  INFO      core.mover  DRY   C:\Users\sippa\Desktop\photo_test - test run\20190712_071652.jpg  =>  C:\Users\sippa\Desktop\destination_folder_test\2019\Photos\samsung SM-G950F\07_July\12\20190712_071652.jpg
2026-04-24 10:49:04  INFO      core.mover  DRY   C:\Users\sippa\Desktop\photo_test - test run\20190718_081459.mp4  =>  C:\Users\sippa\Desktop\destination_folder_test\2019\Videos\Android Camera\07_July\18\20190718_081459.mp4
2026-04-24 10:49:04  INFO      core.mover  DRY   C:\Users\sippa\Desktop\photo_test - test run\20190722_122434.jpg  =>  C:\Users\sippa\Desktop\destination_folder_test\2019\Photos\samsung SM-G950F\07_July\22\20190722_122434.jpg
2026-04-24 10:49:04  INFO      core.mover  DRY   C:\Users\sippa\Desktop\photo_test - test run\20190723_075510.jpg  =>  C:\Users\sippa\Desktop\destination_folder_test\2019\Photos\samsung SM-G950F\07_July\23\20190723_075510.jpg
2026-04-24 10:49:04  INFO      core.mover  DRY   C:\Users\sippa\Desktop\photo_test - test run\20190723_221645.mp4  =>  C:\Users\sippa\Desktop\destination_folder_test\2019\Videos\Android Camera\07_July\23\20190723_221645.mp4
2026-04-24 10:49:05  INFO      core.mover  DRY   C:\Users\sippa\Desktop\photo_test - test run\20190728_075803.mp4  =>  C:\Users\sippa\Desktop\destination_folder_test\2019\Videos\Android Camera\07_July\28\20190728_075803.mp4
2026-04-24 10:49:05  INFO      core.mover  DRY   C:\Users\sippa\Desktop\photo_test - test run\20200213_094515.mp4  =>  C:\Users\sippa\Desktop\destination_folder_test\2020\Videos\Android Camera\02_February\13\20200213_094515.mp4
2026-04-24 10:49:05  INFO      core.mover  DRY   C:\Users\sippa\Desktop\photo_test - test run\20200227_081540.mp4  =>  C:\Users\sippa\Desktop\destination_folder_test\2020\Videos\Android Camera\02_February\27\20200227_081540.mp4
2026-04-24 10:49:05  INFO      core.mover  DRY   C:\Users\sippa\Desktop\photo_test - test run\20200624_193426.mp4  =>  C:\Users\sippa\Desktop\destination_folder_test\2020\Videos\Android Camera\06_June\24\20200624_193426.mp4
2026-04-24 10:49:05  INFO      core.mover  DRY   C:\Users\sippa\Desktop\photo_test - test run\20230730_170149.jpg  =>  C:\Users\sippa\Desktop\destination_folder_test\2023\Photos\Samsung Galaxy Note 8\07_July\30\20230730_170149.jpg
2026-04-24 10:49:05  INFO      core.mover  DRY   C:\Users\sippa\Desktop\photo_test - test run\20230730_174024.jpg  =>  C:\Users\sippa\Desktop\destination_folder_test\2023\Photos\Samsung Galaxy Note 8\07_July\30\20230730_174024.jpg
2026-04-24 10:49:05  INFO      core.mover  DRY   C:\Users\sippa\Desktop\photo_test - test run\20230730_174030.jpg  =>  C:\Users\sippa\Desktop\destination_folder_test\2023\Photos\Samsung Galaxy Note 8\07_July\30\20230730_174030.jpg
2026-04-24 10:49:05  INFO      core.mover  DRY   C:\Users\sippa\Desktop\photo_test - test run\20230731_172322.mp4  =>  C:\Users\sippa\Desktop\destination_folder_test\2023\Videos\Android Camera\07_July\31\20230731_172322.mp4
2026-04-24 10:49:05  INFO      core.mover  DRY   C:\Users\sippa\Desktop\photo_test - test run\20260306_070840.jpg  =>  C:\Users\sippa\Desktop\destination_folder_test\2026\Photos\Samsung Galaxy S25 Ultra\03_March\06\20260306_070840.jpg
2026-04-24 10:49:05  INFO      core.mover  DRY   C:\Users\sippa\Desktop\photo_test - test run\20260306_070844.jpg  =>  C:\Users\sippa\Desktop\destination_folder_test\2026\Photos\Samsung Galaxy S25 Ultra\03_March\06\20260306_070844.jpg
2026-04-24 10:49:05  INFO      core.mover  DRY   C:\Users\sippa\Desktop\photo_test - test run\20260306_082037.jpg  =>  C:\Users\sippa\Desktop\destination_folder_test\2026\Photos\Samsung Galaxy S25 Ultra\03_March\06\20260306_082037.jpg
2026-04-24 10:49:05  INFO      core.mover  DRY   C:\Users\sippa\Desktop\photo_test - test run\20260306_082039.jpg  =>  C:\Users\sippa\Desktop\destination_folder_test\2026\Photos\Samsung Galaxy S25 Ultra\03_March\06\20260306_082039.jpg
2026-04-24 10:49:05  INFO      core.mover  DRY   C:\Users\sippa\Desktop\photo_test - test run\20260306_132126.jpg  =>  C:\Users\sippa\Desktop\destination_folder_test\2026\Photos\Samsung Galaxy S25 Ultra\03_March\06\20260306_132126.jpg
2026-04-24 10:49:05  INFO      core.mover  DRY   C:\Users\sippa\Desktop\photo_test - test run\20260306_132128.jpg  =>  C:\Users\sippa\Desktop\destination_folder_test\2026\Photos\Samsung Galaxy S25 Ultra\03_March\06\20260306_132128.jpg
2026-04-24 10:49:05  INFO      core.mover  DRY   C:\Users\sippa\Desktop\photo_test - test run\A7I07804.JPG  =>  C:\Users\sippa\Desktop\destination_folder_test\2022\Photos\Sony A7 II\12_December\09\A7I07804.JPG
2026-04-24 10:49:05  INFO      core.mover  DRY   C:\Users\sippa\Desktop\photo_test - test run\A7I07823.JPG  =>  C:\Users\sippa\Desktop\destination_folder_test\2022\Photos\Sony A7 II\12_December\09\A7I07823.JPG
2026-04-24 10:49:05  INFO      core.mover  DRY   C:\Users\sippa\Desktop\photo_test - test run\A7I07826.JPG  =>  C:\Users\sippa\Desktop\destination_folder_test\2022\Photos\Sony A7 II\12_December\09\A7I07826.JPG
2026-04-24 10:49:05  INFO      core.mover  DRY   C:\Users\sippa\Desktop\photo_test - test run\A7I07833.JPG  =>  C:\Users\sippa\Desktop\destination_folder_test\2022\Photos\Sony A7 II\12_December\09\A7I07833.JPG
2026-04-24 10:49:05  INFO      core.mover  DRY   C:\Users\sippa\Desktop\photo_test - test run\A7I07835.JPG  =>  C:\Users\sippa\Desktop\destination_folder_test\2022\Photos\Sony A7 II\12_December\09\A7I07835.JPG
2026-04-24 10:49:05  INFO      core.mover  DRY   C:\Users\sippa\Desktop\photo_test - test run\A7I07989.JPG  =>  C:\Users\sippa\Desktop\destination_folder_test\2022\Photos\Sony A7 II\12_December\09\A7I07989.JPG
2026-04-24 10:49:05  INFO      core.mover  DRY   C:\Users\sippa\Desktop\photo_test - test run\C0322.MP4  =>  C:\Users\sippa\Desktop\destination_folder_test\2020\Videos\Panasonic Lumix\09_September\06\C0322.MP4
2026-04-24 10:49:05  INFO      core.mover  DRY   C:\Users\sippa\Desktop\photo_test - test run\C0526.MP4  =>  C:\Users\sippa\Desktop\destination_folder_test\2020\Videos\Panasonic Lumix\12_December\04\C0526.MP4
2026-04-24 10:49:05  INFO      core.mover  DRY   C:\Users\sippa\Desktop\photo_test - test run\C1640.MP4  =>  C:\Users\sippa\Desktop\destination_folder_test\2022\Videos\Panasonic Lumix\10_October\08\C1640.MP4
2026-04-24 10:49:05  INFO      core.mover  DRY   C:\Users\sippa\Desktop\photo_test - test run\capture_29.png  =>  C:\Users\sippa\Desktop\destination_folder_test\2012\Photos\Unknown_Device\03_March\17\capture_29.png
2026-04-24 10:49:05  INFO      core.mover  DRY   C:\Users\sippa\Desktop\photo_test - test run\complete_ver2_youtube.avi  =>  C:\Users\sippa\Desktop\destination_folder_test\2016\Videos\Unknown_Device\03_March\17\complete_ver2_youtube.avi
2026-04-24 10:49:05  INFO      core.mover  DRY   C:\Users\sippa\Desktop\photo_test - test run\DJI_0890.JPG  =>  C:\Users\sippa\Desktop\destination_folder_test\2020\Photos\DJI Spark\12_December\31\DJI_0890.JPG
2026-04-24 10:49:05  INFO      core.mover  DRY   C:\Users\sippa\Desktop\photo_test - test run\DJI_0891.JPG  =>  C:\Users\sippa\Desktop\destination_folder_test\2020\Photos\DJI Spark\12_December\31\DJI_0891.JPG
2026-04-24 10:49:05  INFO      core.mover  DRY   C:\Users\sippa\Desktop\photo_test - test run\DJI_0892.JPG  =>  C:\Users\sippa\Desktop\destination_folder_test\2020\Photos\DJI Spark\12_December\31\DJI_0892.JPG
2026-04-24 10:49:05  INFO      core.mover  DRY   C:\Users\sippa\Desktop\photo_test - test run\DJI_0914.MP4  =>  C:\Users\sippa\Desktop\destination_folder_test\2021\Videos\DJI Drone\01_January\10\DJI_0914.MP4
2026-04-24 10:49:05  INFO      core.mover  DRY   C:\Users\sippa\Desktop\photo_test - test run\DJI_0959.JPG  =>  C:\Users\sippa\Desktop\destination_folder_test\2023\Photos\DJI Spark\01_January\21\DJI_0959.JPG
2026-04-24 10:49:05  INFO      core.mover  DRY   C:\Users\sippa\Desktop\photo_test - test run\DJI_1292.MP4  =>  C:\Users\sippa\Desktop\destination_folder_test\2026\Videos\DJI Drone\04_April\13\DJI_1292.MP4
2026-04-24 10:49:05  INFO      core.mover  DRY   C:\Users\sippa\Desktop\photo_test - test run\DJI_1295.JPG  =>  C:\Users\sippa\Desktop\destination_folder_test\2026\Photos\DJI Spark\04_April\13\DJI_1295.JPG
2026-04-24 10:49:05  INFO      core.mover  DRY   C:\Users\sippa\Desktop\photo_test - test run\DJI_1296.JPG  =>  C:\Users\sippa\Desktop\destination_folder_test\2026\Photos\DJI Spark\04_April\13\DJI_1296.JPG
2026-04-24 10:49:05  INFO      core.mover  DRY   C:\Users\sippa\Desktop\photo_test - test run\DSC00526.JPG  =>  C:\Users\sippa\Desktop\destination_folder_test\2015\Photos\SONY ILCE-5000\01_January\31\DSC00526.JPG
2026-04-24 10:49:05  INFO      core.mover  DRY   C:\Users\sippa\Desktop\photo_test - test run\DSC00560.JPG  =>  C:\Users\sippa\Desktop\destination_folder_test\2015\Photos\SONY ILCE-5000\01_January\31\DSC00560.JPG
2026-04-24 10:49:05  INFO      core.mover  DRY   C:\Users\sippa\Desktop\photo_test - test run\DSC00570.JPG  =>  C:\Users\sippa\Desktop\destination_folder_test\2015\Photos\SONY ILCE-5000\01_January\31\DSC00570.JPG
2026-04-24 10:49:05  INFO      core.mover  DRY   C:\Users\sippa\Desktop\photo_test - test run\DSC00619.JPG  =>  C:\Users\sippa\Desktop\destination_folder_test\2015\Photos\SONY ILCE-5000\01_January\31\DSC00619.JPG
2026-04-24 10:49:05  INFO      core.mover  DRY   C:\Users\sippa\Desktop\photo_test - test run\DSC00670.JPG  =>  C:\Users\sippa\Desktop\destination_folder_test\2015\Photos\SONY ILCE-5000\01_January\31\DSC00670.JPG
2026-04-24 10:49:05  INFO      core.mover  DRY   C:\Users\sippa\Desktop\photo_test - test run\DSC02383.JPG  =>  C:\Users\sippa\Desktop\destination_folder_test\2023\Photos\Sony FDR-AX33\04_April\10\DSC02383.JPG
2026-04-24 10:49:05  INFO      core.mover  DRY   C:\Users\sippa\Desktop\photo_test - test run\DSC02403.JPG  =>  C:\Users\sippa\Desktop\destination_folder_test\2023\Photos\Sony FDR-AX33\04_April\11\DSC02403.JPG
2026-04-24 10:49:05  INFO      core.mover  DRY   C:\Users\sippa\Desktop\photo_test - test run\DSC02427.JPG  =>  C:\Users\sippa\Desktop\destination_folder_test\2023\Photos\Sony FDR-AX33\04_April\12\DSC02427.JPG
2026-04-24 10:49:05  INFO      core.mover  DRY   C:\Users\sippa\Desktop\photo_test - test run\DSC02447.JPG  =>  C:\Users\sippa\Desktop\destination_folder_test\2023\Photos\Sony FDR-AX33\04_April\12\DSC02447.JPG
2026-04-24 10:49:05  INFO      core.mover  DRY   C:\Users\sippa\Desktop\photo_test - test run\DSC02460.JPG  =>  C:\Users\sippa\Desktop\destination_folder_test\2023\Photos\Sony FDR-AX33\04_April\12\DSC02460.JPG
2026-04-24 10:49:05  INFO      core.mover  DRY   C:\Users\sippa\Desktop\photo_test - test run\DSC02462.JPG  =>  C:\Users\sippa\Desktop\destination_folder_test\2023\Photos\Sony FDR-AX33\04_April\12\DSC02462.JPG
2026-04-24 10:49:05  INFO      core.mover  DRY   C:\Users\sippa\Desktop\photo_test - test run\DSC07301.JPG  =>  C:\Users\sippa\Desktop\destination_folder_test\2014\Photos\SONY ILCE-5000\12_December\27\DSC07301.JPG
2026-04-24 10:49:05  INFO      core.mover  DRY   C:\Users\sippa\Desktop\photo_test - test run\DSC07435.JPG  =>  C:\Users\sippa\Desktop\destination_folder_test\2014\Photos\SONY ILCE-5000\12_December\28\DSC07435.JPG
2026-04-24 10:49:05  INFO      core.mover  DRY   C:\Users\sippa\Desktop\photo_test - test run\DSC07544.JPG  =>  C:\Users\sippa\Desktop\destination_folder_test\2014\Photos\SONY ILCE-5000\12_December\29\DSC07544.JPG
2026-04-24 10:49:05  INFO      core.mover  DRY   C:\Users\sippa\Desktop\photo_test - test run\DSC07571.JPG  =>  C:\Users\sippa\Desktop\destination_folder_test\2014\Photos\SONY ILCE-5000\12_December\29\DSC07571.JPG
2026-04-24 10:49:05  INFO      core.mover  DRY   C:\Users\sippa\Desktop\photo_test - test run\FB_IMG_1610886602794.jpg  =>  C:\Users\sippa\Desktop\destination_folder_test\2021\Photos\Facebook\01_January\17\FB_IMG_1610886602794.jpg
2026-04-24 10:49:05  INFO      core.mover  DRY   C:\Users\sippa\Desktop\photo_test - test run\FB_IMG_1610978846038.jpg  =>  C:\Users\sippa\Desktop\destination_folder_test\2021\Photos\Facebook\01_January\18\FB_IMG_1610978846038.jpg
2026-04-24 10:49:05  INFO      core.mover  DRY   C:\Users\sippa\Desktop\photo_test - test run\FB_IMG_1611486097513.jpg  =>  C:\Users\sippa\Desktop\destination_folder_test\2021\Photos\Facebook\01_January\24\FB_IMG_1611486097513.jpg
2026-04-24 10:49:05  INFO      core.mover  DRY   C:\Users\sippa\Desktop\photo_test - test run\FB_IMG_1611898136859.jpg  =>  C:\Users\sippa\Desktop\destination_folder_test\2021\Photos\Facebook\01_January\29\FB_IMG_1611898136859.jpg
2026-04-24 10:49:05  INFO      core.mover  DRY   C:\Users\sippa\Desktop\photo_test - test run\FB_IMG_1612071086257.jpg  =>  C:\Users\sippa\Desktop\destination_folder_test\2021\Photos\Facebook\01_January\31\FB_IMG_1612071086257.jpg
2026-04-24 10:49:05  INFO      core.mover  DRY   C:\Users\sippa\Desktop\photo_test - test run\FB_IMG_1613374817091.jpg  =>  C:\Users\sippa\Desktop\destination_folder_test\2021\Photos\Facebook\02_February\15\FB_IMG_1613374817091.jpg
2026-04-24 10:49:05  INFO      core.mover  DRY   C:\Users\sippa\Desktop\photo_test - test run\FB_IMG_1613999273542.jpg  =>  C:\Users\sippa\Desktop\destination_folder_test\2021\Photos\Facebook\02_February\22\FB_IMG_1613999273542.jpg
2026-04-24 10:49:05  INFO      core.mover  DRY   C:\Users\sippa\Desktop\photo_test - test run\FB_IMG_1614128489222.jpg  =>  C:\Users\sippa\Desktop\destination_folder_test\2021\Photos\Facebook\02_February\24\FB_IMG_1614128489222.jpg
2026-04-24 10:49:05  INFO      core.mover  DRY   C:\Users\sippa\Desktop\photo_test - test run\FB_IMG_1614495158485.jpg  =>  C:\Users\sippa\Desktop\destination_folder_test\2021\Photos\Facebook\02_February\28\FB_IMG_1614495158485.jpg
2026-04-24 10:49:05  INFO      core.mover  DRY   C:\Users\sippa\Desktop\photo_test - test run\FB_IMG_1614771485590.jpg  =>  C:\Users\sippa\Desktop\destination_folder_test\2021\Photos\Facebook\03_March\03\FB_IMG_1614771485590.jpg
2026-04-24 10:49:05  INFO      core.mover  DRY   C:\Users\sippa\Desktop\photo_test - test run\FB_IMG_1614776237701.jpg  =>  C:\Users\sippa\Desktop\destination_folder_test\2021\Photos\Facebook\03_March\03\FB_IMG_1614776237701.jpg
2026-04-24 10:49:05  INFO      core.mover  DRY   C:\Users\sippa\Desktop\photo_test - test run\FB_IMG_1614865539175.jpg  =>  C:\Users\sippa\Desktop\destination_folder_test\2021\Photos\Facebook\03_March\04\FB_IMG_1614865539175.jpg
2026-04-24 10:49:05  INFO      core.mover  DRY   C:\Users\sippa\Desktop\photo_test - test run\FB_IMG_1614915905520.jpg  =>  C:\Users\sippa\Desktop\destination_folder_test\2021\Photos\Facebook\03_March\05\FB_IMG_1614915905520.jpg
2026-04-24 10:49:05  INFO      core.mover  DRY   C:\Users\sippa\Desktop\photo_test - test run\FB_IMG_1615025595566.jpg  =>  C:\Users\sippa\Desktop\destination_folder_test\2021\Photos\Facebook\03_March\06\FB_IMG_1615025595566.jpg
2026-04-24 10:49:05  INFO      core.mover  DRY   C:\Users\sippa\Desktop\photo_test - test run\FB_IMG_1615514453996.jpg  =>  C:\Users\sippa\Desktop\destination_folder_test\2021\Photos\Facebook\03_March\12\FB_IMG_1615514453996.jpg
2026-04-24 10:49:05  INFO      core.mover  DRY   C:\Users\sippa\Desktop\photo_test - test run\FB_IMG_1615530520541.jpg  =>  C:\Users\sippa\Desktop\destination_folder_test\2021\Photos\Facebook\03_March\12\FB_IMG_1615530520541.jpg
2026-04-24 10:49:05  INFO      core.mover  DRY   C:\Users\sippa\Desktop\photo_test - test run\FB_IMG_1615530528077.jpg  =>  C:\Users\sippa\Desktop\destination_folder_test\2021\Photos\Facebook\03_March\12\FB_IMG_1615530528077.jpg
2026-04-24 10:49:05  INFO      core.mover  DRY   C:\Users\sippa\Desktop\photo_test - test run\FB_IMG_1615768292470.jpg  =>  C:\Users\sippa\Desktop\destination_folder_test\2021\Photos\Facebook\03_March\15\FB_IMG_1615768292470.jpg
2026-04-24 10:49:05  INFO      core.mover  DRY   C:\Users\sippa\Desktop\photo_test - test run\FB_IMG_1615768294845.jpg  =>  C:\Users\sippa\Desktop\destination_folder_test\2021\Photos\Facebook\03_March\15\FB_IMG_1615768294845.jpg
2026-04-24 10:49:05  INFO      core.mover  DRY   C:\Users\sippa\Desktop\photo_test - test run\FB_IMG_1615768296975.jpg  =>  C:\Users\sippa\Desktop\destination_folder_test\2021\Photos\Facebook\03_March\15\FB_IMG_1615768296975.jpg
2026-04-24 10:49:05  INFO      core.mover  DRY   C:\Users\sippa\Desktop\photo_test - test run\FB_IMG_1615768299212.jpg  =>  C:\Users\sippa\Desktop\destination_folder_test\2021\Photos\Facebook\03_March\15\FB_IMG_1615768299212.jpg
2026-04-24 10:49:05  INFO      core.mover  DRY   C:\Users\sippa\Desktop\photo_test - test run\FB_IMG_1615768301847.jpg  =>  C:\Users\sippa\Desktop\destination_folder_test\2021\Photos\Facebook\03_March\15\FB_IMG_1615768301847.jpg
2026-04-24 10:49:05  INFO      core.mover  DRY   C:\Users\sippa\Desktop\photo_test - test run\FB_IMG_1615768305498.jpg  =>  C:\Users\sippa\Desktop\destination_folder_test\2021\Photos\Facebook\03_March\15\FB_IMG_1615768305498.jpg
2026-04-24 10:49:05  INFO      core.mover  DRY   C:\Users\sippa\Desktop\photo_test - test run\FB_IMG_1616400261556.jpg  =>  C:\Users\sippa\Desktop\destination_folder_test\2021\Photos\Facebook\03_March\22\FB_IMG_1616400261556.jpg
2026-04-24 10:49:05  INFO      core.mover  DRY   C:\Users\sippa\Desktop\photo_test - test run\FB_IMG_1616588202981.jpg  =>  C:\Users\sippa\Desktop\destination_folder_test\2021\Photos\Facebook\03_March\24\FB_IMG_1616588202981.jpg
2026-04-24 10:49:05  INFO      core.mover  DRY   C:\Users\sippa\Desktop\photo_test - test run\FB_IMG_1616918172165.jpg  =>  C:\Users\sippa\Desktop\destination_folder_test\2021\Photos\Facebook\03_March\28\FB_IMG_1616918172165.jpg
2026-04-24 10:49:05  INFO      core.mover  DRY   C:\Users\sippa\Desktop\photo_test - test run\FB_IMG_1616918175756.jpg  =>  C:\Users\sippa\Desktop\destination_folder_test\2021\Photos\Facebook\03_March\28\FB_IMG_1616918175756.jpg
2026-04-24 10:49:05  INFO      core.mover  DRY   C:\Users\sippa\Desktop\photo_test - test run\FB_IMG_1618041578519.jpg  =>  C:\Users\sippa\Desktop\destination_folder_test\2021\Photos\Facebook\04_April\10\FB_IMG_1618041578519.jpg
2026-04-24 10:49:05  INFO      core.mover  DRY   C:\Users\sippa\Desktop\photo_test - test run\FB_IMG_1618456115721.jpg  =>  C:\Users\sippa\Desktop\destination_folder_test\2021\Photos\Facebook\04_April\15\FB_IMG_1618456115721.jpg
2026-04-24 10:49:05  INFO      core.mover  DRY   C:\Users\sippa\Desktop\photo_test - test run\FB_IMG_1618625350020.jpg  =>  C:\Users\sippa\Desktop\destination_folder_test\2021\Photos\Facebook\04_April\17\FB_IMG_1618625350020.jpg
2026-04-24 10:49:05  INFO      core.mover  DRY   C:\Users\sippa\Desktop\photo_test - test run\FB_IMG_1618625355355.jpg  =>  C:\Users\sippa\Desktop\destination_folder_test\2021\Photos\Facebook\04_April\17\FB_IMG_1618625355355.jpg
2026-04-24 10:49:05  INFO      core.mover  DRY   C:\Users\sippa\Desktop\photo_test - test run\FB_IMG_1618842604396.jpg  =>  C:\Users\sippa\Desktop\destination_folder_test\2021\Photos\Facebook\04_April\19\FB_IMG_1618842604396.jpg
2026-04-24 10:49:05  INFO      core.mover  DRY   C:\Users\sippa\Desktop\photo_test - test run\FB_IMG_1618899721741.jpg  =>  C:\Users\sippa\Desktop\destination_folder_test\2021\Photos\Facebook\04_April\20\FB_IMG_1618899721741.jpg
2026-04-24 10:49:05  INFO      core.mover  DRY   C:\Users\sippa\Desktop\photo_test - test run\FB_IMG_1619160306874.jpg  =>  C:\Users\sippa\Desktop\destination_folder_test\2021\Photos\Facebook\04_April\23\FB_IMG_1619160306874.jpg
2026-04-24 10:49:05  INFO      core.mover  DRY   C:\Users\sippa\Desktop\photo_test - test run\FB_IMG_1619160312469.jpg  =>  C:\Users\sippa\Desktop\destination_folder_test\2021\Photos\Facebook\04_April\23\FB_IMG_1619160312469.jpg
2026-04-24 10:49:05  INFO      core.mover  DRY   C:\Users\sippa\Desktop\photo_test - test run\FB_IMG_1619244251396.jpg  =>  C:\Users\sippa\Desktop\destination_folder_test\2021\Photos\Facebook\04_April\24\FB_IMG_1619244251396.jpg
2026-04-24 10:49:05  INFO      core.mover  DRY   C:\Users\sippa\Desktop\photo_test - test run\FB_IMG_1619361153010.jpg  =>  C:\Users\sippa\Desktop\destination_folder_test\2021\Photos\Facebook\04_April\25\FB_IMG_1619361153010.jpg
2026-04-24 10:49:05  INFO      core.mover  DRY   C:\Users\sippa\Desktop\photo_test - test run\FB_IMG_1619776600282.jpg  =>  C:\Users\sippa\Desktop\destination_folder_test\2021\Photos\Facebook\04_April\30\FB_IMG_1619776600282.jpg
2026-04-24 10:49:05  INFO      core.mover  DRY   C:\Users\sippa\Desktop\photo_test - test run\FB_IMG_1619930641041.jpg  =>  C:\Users\sippa\Desktop\destination_folder_test\2021\Photos\Facebook\05_May\02\FB_IMG_1619930641041.jpg
2026-04-24 10:49:05  INFO      core.mover  DRY   C:\Users\sippa\Desktop\photo_test - test run\FB_IMG_1619930660810.jpg  =>  C:\Users\sippa\Desktop\destination_folder_test\2021\Photos\Facebook\05_May\02\FB_IMG_1619930660810.jpg
2026-04-24 10:49:05  INFO      core.mover  DRY   C:\Users\sippa\Desktop\photo_test - test run\FB_IMG_1619930685988.jpg  =>  C:\Users\sippa\Desktop\destination_folder_test\2021\Photos\Facebook\05_May\02\FB_IMG_1619930685988.jpg
2026-04-24 10:49:05  INFO      core.mover  DRY   C:\Users\sippa\Desktop\photo_test - test run\FB_IMG_1619970194614.jpg  =>  C:\Users\sippa\Desktop\destination_folder_test\2021\Photos\Facebook\05_May\02\FB_IMG_1619970194614.jpg
2026-04-24 10:49:05  INFO      core.mover  DRY   C:\Users\sippa\Desktop\photo_test - test run\FB_IMG_1620050153735.jpg  =>  C:\Users\sippa\Desktop\destination_folder_test\2021\Photos\Facebook\05_May\03\FB_IMG_1620050153735.jpg
2026-04-24 10:49:05  INFO      core.mover  DRY   C:\Users\sippa\Desktop\photo_test - test run\FB_IMG_1620274269356.jpg  =>  C:\Users\sippa\Desktop\destination_folder_test\2021\Photos\Facebook\05_May\06\FB_IMG_1620274269356.jpg
2026-04-24 10:49:05  INFO      core.mover  DRY   C:\Users\sippa\Desktop\photo_test - test run\FB_IMG_1620282147781.jpg  =>  C:\Users\sippa\Desktop\destination_folder_test\2021\Photos\Facebook\05_May\06\FB_IMG_1620282147781.jpg
2026-04-24 10:49:05  INFO      core.mover  DRY   C:\Users\sippa\Desktop\photo_test - test run\FB_IMG_1620715456938.jpg  =>  C:\Users\sippa\Desktop\destination_folder_test\2021\Photos\Facebook\05_May\11\FB_IMG_1620715456938.jpg
2026-04-24 10:49:05  INFO      core.mover  DRY   C:\Users\sippa\Desktop\photo_test - test run\FB_IMG_1620787788997.jpg  =>  C:\Users\sippa\Desktop\destination_folder_test\2021\Photos\Facebook\05_May\12\FB_IMG_1620787788997.jpg
2026-04-24 10:49:05  INFO      core.mover  DRY   C:\Users\sippa\Desktop\photo_test - test run\FB_IMG_1620787803147.jpg  =>  C:\Users\sippa\Desktop\destination_folder_test\2021\Photos\Facebook\05_May\12\FB_IMG_1620787803147.jpg
2026-04-24 10:49:05  INFO      core.mover  DRY   C:\Users\sippa\Desktop\photo_test - test run\FB_IMG_1621136854904.jpg  =>  C:\Users\sippa\Desktop\destination_folder_test\2021\Photos\Facebook\05_May\16\FB_IMG_1621136854904.jpg
2026-04-24 10:49:05  INFO      core.mover  DRY   C:\Users\sippa\Desktop\photo_test - test run\FB_IMG_1621372923787.jpg  =>  C:\Users\sippa\Desktop\destination_folder_test\2021\Photos\Facebook\05_May\19\FB_IMG_1621372923787.jpg
2026-04-24 10:49:05  INFO      core.mover  DRY   C:\Users\sippa\Desktop\photo_test - test run\FB_IMG_1621561840556.jpg  =>  C:\Users\sippa\Desktop\destination_folder_test\2021\Photos\Facebook\05_May\21\FB_IMG_1621561840556.jpg
2026-04-24 10:49:05  INFO      core.mover  DRY   C:\Users\sippa\Desktop\photo_test - test run\FB_IMG_1621572203015.jpg  =>  C:\Users\sippa\Desktop\destination_folder_test\2021\Photos\Facebook\05_May\21\FB_IMG_1621572203015.jpg
2026-04-24 10:49:05  INFO      core.mover  DRY   C:\Users\sippa\Desktop\photo_test - test run\FB_IMG_1621655594649.jpg  =>  C:\Users\sippa\Desktop\destination_folder_test\2021\Photos\Facebook\05_May\22\FB_IMG_1621655594649.jpg
2026-04-24 10:49:05  INFO      core.mover  DRY   C:\Users\sippa\Desktop\photo_test - test run\FB_IMG_1621831348180.jpg  =>  C:\Users\sippa\Desktop\destination_folder_test\2021\Photos\Facebook\05_May\24\FB_IMG_1621831348180.jpg
2026-04-24 10:49:05  INFO      core.mover  DRY   C:\Users\sippa\Desktop\photo_test - test run\FB_IMG_1621848499759.jpg  =>  C:\Users\sippa\Desktop\destination_folder_test\2021\Photos\Facebook\05_May\24\FB_IMG_1621848499759.jpg
2026-04-24 10:49:05  INFO      core.mover  DRY   C:\Users\sippa\Desktop\photo_test - test run\FB_IMG_1622323782060.jpg  =>  C:\Users\sippa\Desktop\destination_folder_test\2021\Photos\Facebook\05_May\30\FB_IMG_1622323782060.jpg
2026-04-24 10:49:05  INFO      core.mover  DRY   C:\Users\sippa\Desktop\photo_test - test run\FB_IMG_1622325473985.jpg  =>  C:\Users\sippa\Desktop\destination_folder_test\2021\Photos\Facebook\05_May\30\FB_IMG_1622325473985.jpg
2026-04-24 10:49:05  INFO      core.mover  DRY   C:\Users\sippa\Desktop\photo_test - test run\FB_IMG_1622325644882.jpg  =>  C:\Users\sippa\Desktop\destination_folder_test\2021\Photos\Facebook\05_May\30\FB_IMG_1622325644882.jpg
2026-04-24 10:49:05  INFO      core.mover  DRY   C:\Users\sippa\Desktop\photo_test - test run\FB_IMG_1622325738403.jpg  =>  C:\Users\sippa\Desktop\destination_folder_test\2021\Photos\Facebook\05_May\30\FB_IMG_1622325738403.jpg
2026-04-24 10:49:05  INFO      core.mover  DRY   C:\Users\sippa\Desktop\photo_test - test run\FB_IMG_1622325841435.jpg  =>  C:\Users\sippa\Desktop\destination_folder_test\2021\Photos\Facebook\05_May\30\FB_IMG_1622325841435.jpg
2026-04-24 10:49:05  INFO      core.mover  DRY   C:\Users\sippa\Desktop\photo_test - test run\FB_IMG_1622373136478.jpg  =>  C:\Users\sippa\Desktop\destination_folder_test\2021\Photos\Facebook\05_May\30\FB_IMG_1622373136478.jpg
2026-04-24 10:49:05  INFO      core.mover  DRY   C:\Users\sippa\Desktop\photo_test - test run\FB_IMG_1622453947143.jpg  =>  C:\Users\sippa\Desktop\destination_folder_test\2021\Photos\Facebook\05_May\31\FB_IMG_1622453947143.jpg
2026-04-24 10:49:05  INFO      core.mover  DRY   C:\Users\sippa\Desktop\photo_test - test run\FB_IMG_1622467885452.jpg  =>  C:\Users\sippa\Desktop\destination_folder_test\2021\Photos\Facebook\05_May\31\FB_IMG_1622467885452.jpg
2026-04-24 10:49:05  INFO      core.mover  DRY   C:\Users\sippa\Desktop\photo_test - test run\FB_IMG_1622475212335.jpg  =>  C:\Users\sippa\Desktop\destination_folder_test\2021\Photos\Facebook\05_May\31\FB_IMG_1622475212335.jpg
2026-04-24 10:49:05  INFO      core.mover  DRY   C:\Users\sippa\Desktop\photo_test - test run\FB_IMG_1622479508198.jpg  =>  C:\Users\sippa\Desktop\destination_folder_test\2021\Photos\Facebook\05_May\31\FB_IMG_1622479508198.jpg
2026-04-24 10:49:05  INFO      core.mover  DRY   C:\Users\sippa\Desktop\photo_test - test run\FB_IMG_1622700007326.jpg  =>  C:\Users\sippa\Desktop\destination_folder_test\2021\Photos\Facebook\06_June\03\FB_IMG_1622700007326.jpg
2026-04-24 10:49:05  INFO      core.mover  DRY   C:\Users\sippa\Desktop\photo_test - test run\FB_IMG_1622796590372.jpg  =>  C:\Users\sippa\Desktop\destination_folder_test\2021\Photos\Facebook\06_June\04\FB_IMG_1622796590372.jpg
2026-04-24 10:49:05  INFO      core.mover  DRY   C:\Users\sippa\Desktop\photo_test - test run\FB_IMG_1622969411071.jpg  =>  C:\Users\sippa\Desktop\destination_folder_test\2021\Photos\Facebook\06_June\06\FB_IMG_1622969411071.jpg
2026-04-24 10:49:05  INFO      core.mover  DRY   C:\Users\sippa\Desktop\photo_test - test run\FB_IMG_1623162319868.jpg  =>  C:\Users\sippa\Desktop\destination_folder_test\2021\Photos\Facebook\06_June\08\FB_IMG_1623162319868.jpg
2026-04-24 10:49:05  INFO      core.mover  DRY   C:\Users\sippa\Desktop\photo_test - test run\FB_IMG_1623163565451.jpg  =>  C:\Users\sippa\Desktop\destination_folder_test\2021\Photos\Facebook\06_June\08\FB_IMG_1623163565451.jpg
2026-04-24 10:49:05  INFO      core.mover  DRY   C:\Users\sippa\Desktop\photo_test - test run\FB_IMG_1623495191744.jpg  =>  C:\Users\sippa\Desktop\destination_folder_test\2021\Photos\Facebook\06_June\12\FB_IMG_1623495191744.jpg
2026-04-24 10:49:05  INFO      core.mover  DRY   C:\Users\sippa\Desktop\photo_test - test run\FB_IMG_1623559632776.jpg  =>  C:\Users\sippa\Desktop\destination_folder_test\2021\Photos\Facebook\06_June\13\FB_IMG_1623559632776.jpg
2026-04-24 10:49:05  INFO      core.mover  DRY   C:\Users\sippa\Desktop\photo_test - test run\FB_IMG_1623635637586.jpg  =>  C:\Users\sippa\Desktop\destination_folder_test\2021\Photos\Facebook\06_June\14\FB_IMG_1623635637586.jpg
2026-04-24 10:49:05  INFO      core.mover  DRY   C:\Users\sippa\Desktop\photo_test - test run\FB_IMG_1623839764971.jpg  =>  C:\Users\sippa\Desktop\destination_folder_test\2021\Photos\Facebook\06_June\16\FB_IMG_1623839764971.jpg
2026-04-24 10:49:05  INFO      core.mover  DRY   C:\Users\sippa\Desktop\photo_test - test run\FB_IMG_1623839819157.jpg  =>  C:\Users\sippa\Desktop\destination_folder_test\2021\Photos\Facebook\06_June\16\FB_IMG_1623839819157.jpg
2026-04-24 10:49:05  INFO      core.mover  DRY   C:\Users\sippa\Desktop\photo_test - test run\FB_IMG_1623839838499.jpg  =>  C:\Users\sippa\Desktop\destination_folder_test\2021\Photos\Facebook\06_June\16\FB_IMG_1623839838499.jpg
2026-04-24 10:49:05  INFO      core.mover  DRY   C:\Users\sippa\Desktop\photo_test - test run\FB_IMG_1623839841647.jpg  =>  C:\Users\sippa\Desktop\destination_folder_test\2021\Photos\Facebook\06_June\16\FB_IMG_1623839841647.jpg
2026-04-24 10:49:05  INFO      core.mover  DRY   C:\Users\sippa\Desktop\photo_test - test run\FB_IMG_1623839844029.jpg  =>  C:\Users\sippa\Desktop\destination_folder_test\2021\Photos\Facebook\06_June\16\FB_IMG_1623839844029.jpg
2026-04-24 10:49:05  INFO      core.mover  DRY   C:\Users\sippa\Desktop\photo_test - test run\FB_IMG_1623849478314.jpg  =>  C:\Users\sippa\Desktop\destination_folder_test\2021\Photos\Facebook\06_June\16\FB_IMG_1623849478314.jpg
2026-04-24 10:49:05  INFO      core.mover  DRY   C:\Users\sippa\Desktop\photo_test - test run\FB_IMG_1624160483647.jpg  =>  C:\Users\sippa\Desktop\destination_folder_test\2021\Photos\Facebook\06_June\20\FB_IMG_1624160483647.jpg
2026-04-24 10:49:05  INFO      core.mover  DRY   C:\Users\sippa\Desktop\photo_test - test run\FB_IMG_1624160492923.jpg  =>  C:\Users\sippa\Desktop\destination_folder_test\2021\Photos\Facebook\06_June\20\FB_IMG_1624160492923.jpg
2026-04-24 10:49:05  INFO      core.mover  DRY   C:\Users\sippa\Desktop\photo_test - test run\FB_IMG_1624160527258.jpg  =>  C:\Users\sippa\Desktop\destination_folder_test\2021\Photos\Facebook\06_June\20\FB_IMG_1624160527258.jpg
2026-04-24 10:49:05  INFO      core.mover  DRY   C:\Users\sippa\Desktop\photo_test - test run\FB_IMG_1624160549465.jpg  =>  C:\Users\sippa\Desktop\destination_folder_test\2021\Photos\Facebook\06_June\20\FB_IMG_1624160549465.jpg
2026-04-24 10:49:05  INFO      core.mover  DRY   C:\Users\sippa\Desktop\photo_test - test run\FB_IMG_1624160569880.jpg  =>  C:\Users\sippa\Desktop\destination_folder_test\2021\Photos\Facebook\06_June\20\FB_IMG_1624160569880.jpg
2026-04-24 10:49:05  INFO      core.mover  DRY   C:\Users\sippa\Desktop\photo_test - test run\FB_IMG_1624160602014.jpg  =>  C:\Users\sippa\Desktop\destination_folder_test\2021\Photos\Facebook\06_June\20\FB_IMG_1624160602014.jpg
2026-04-24 10:49:05  INFO      core.mover  DRY   C:\Users\sippa\Desktop\photo_test - test run\FB_IMG_1624160630260.jpg  =>  C:\Users\sippa\Desktop\destination_folder_test\2021\Photos\Facebook\06_June\20\FB_IMG_1624160630260.jpg
2026-04-24 10:49:05  INFO      core.mover  DRY   C:\Users\sippa\Desktop\photo_test - test run\FB_IMG_1624535578732.jpg  =>  C:\Users\sippa\Desktop\destination_folder_test\2021\Photos\Facebook\06_June\24\FB_IMG_1624535578732.jpg
2026-04-24 10:49:05  INFO      core.mover  DRY   C:\Users\sippa\Desktop\photo_test - test run\FB_IMG_1624786704258.jpg  =>  C:\Users\sippa\Desktop\destination_folder_test\2021\Photos\Facebook\06_June\27\FB_IMG_1624786704258.jpg
2026-04-24 10:49:05  INFO      core.mover  DRY   C:\Users\sippa\Desktop\photo_test - test run\FB_IMG_1624790461520.jpg  =>  C:\Users\sippa\Desktop\destination_folder_test\2021\Photos\Facebook\06_June\27\FB_IMG_1624790461520.jpg
2026-04-24 10:49:05  INFO      core.mover  DRY   C:\Users\sippa\Desktop\photo_test - test run\FB_IMG_1625033732451.jpg  =>  C:\Users\sippa\Desktop\destination_folder_test\2021\Photos\Facebook\06_June\30\FB_IMG_1625033732451.jpg
2026-04-24 10:49:05  INFO      core.mover  DRY   C:\Users\sippa\Desktop\photo_test - test run\FB_IMG_1625321076759.jpg  =>  C:\Users\sippa\Desktop\destination_folder_test\2021\Photos\Facebook\07_July\03\FB_IMG_1625321076759.jpg
2026-04-24 10:49:05  INFO      core.mover  DRY   C:\Users\sippa\Desktop\photo_test - test run\FB_IMG_1625536762607.jpg  =>  C:\Users\sippa\Desktop\destination_folder_test\2021\Photos\Facebook\07_July\06\FB_IMG_1625536762607.jpg
2026-04-24 10:49:05  INFO      core.mover  DRY   C:\Users\sippa\Desktop\photo_test - test run\FB_IMG_1625544499558.jpg  =>  C:\Users\sippa\Desktop\destination_folder_test\2021\Photos\Facebook\07_July\06\FB_IMG_1625544499558.jpg
2026-04-24 10:49:05  INFO      core.mover  DRY   C:\Users\sippa\Desktop\photo_test - test run\FB_IMG_1625544562014.jpg  =>  C:\Users\sippa\Desktop\destination_folder_test\2021\Photos\Facebook\07_July\06\FB_IMG_1625544562014.jpg
2026-04-24 10:49:05  INFO      core.mover  DRY   C:\Users\sippa\Desktop\photo_test - test run\FB_IMG_1625544571220.jpg  =>  C:\Users\sippa\Desktop\destination_folder_test\2021\Photos\Facebook\07_July\06\FB_IMG_1625544571220.jpg
2026-04-24 10:49:05  INFO      core.mover  DRY   C:\Users\sippa\Desktop\photo_test - test run\FB_IMG_1625935802503.jpg  =>  C:\Users\sippa\Desktop\destination_folder_test\2021\Photos\Facebook\07_July\10\FB_IMG_1625935802503.jpg
2026-04-24 10:49:05  INFO      core.mover  DRY   C:\Users\sippa\Desktop\photo_test - test run\FB_IMG_1625935933720.jpg  =>  C:\Users\sippa\Desktop\destination_folder_test\2021\Photos\Facebook\07_July\10\FB_IMG_1625935933720.jpg
2026-04-24 10:49:05  INFO      core.mover  DRY   C:\Users\sippa\Desktop\photo_test - test run\FB_IMG_1626269564118.jpg  =>  C:\Users\sippa\Desktop\destination_folder_test\2021\Photos\Facebook\07_July\14\FB_IMG_1626269564118.jpg
2026-04-24 10:49:05  INFO      core.mover  DRY   C:\Users\sippa\Desktop\photo_test - test run\FB_IMG_1627001269969.jpg  =>  C:\Users\sippa\Desktop\destination_folder_test\2021\Photos\Facebook\07_July\23\FB_IMG_1627001269969.jpg
2026-04-24 10:49:05  INFO      core.mover  DRY   C:\Users\sippa\Desktop\photo_test - test run\FB_IMG_1627116435630.jpg  =>  C:\Users\sippa\Desktop\destination_folder_test\2021\Photos\Facebook\07_July\24\FB_IMG_1627116435630.jpg
2026-04-24 10:49:05  INFO      core.mover  DRY   C:\Users\sippa\Desktop\photo_test - test run\FB_IMG_1627188818970.jpg  =>  C:\Users\sippa\Desktop\destination_folder_test\2021\Photos\Facebook\07_July\25\FB_IMG_1627188818970.jpg
2026-04-24 10:49:05  INFO      core.mover  DRY   C:\Users\sippa\Desktop\photo_test - test run\FB_IMG_1627268756737.jpg  =>  C:\Users\sippa\Desktop\destination_folder_test\2021\Photos\Facebook\07_July\26\FB_IMG_1627268756737.jpg
2026-04-24 10:49:05  INFO      core.mover  DRY   C:\Users\sippa\Desktop\photo_test - test run\FB_IMG_1627817381582.jpg  =>  C:\Users\sippa\Desktop\destination_folder_test\2021\Photos\Facebook\08_August\01\FB_IMG_1627817381582.jpg
2026-04-24 10:49:05  INFO      core.mover  DRY   C:\Users\sippa\Desktop\photo_test - test run\FB_IMG_1628006103025.jpg  =>  C:\Users\sippa\Desktop\destination_folder_test\2021\Photos\Facebook\08_August\03\FB_IMG_1628006103025.jpg
2026-04-24 10:49:05  INFO      core.mover  DRY   C:\Users\sippa\Desktop\photo_test - test run\FB_IMG_1628006105692.jpg  =>  C:\Users\sippa\Desktop\destination_folder_test\2021\Photos\Facebook\08_August\03\FB_IMG_1628006105692.jpg
2026-04-24 10:49:05  INFO      core.mover  DRY   C:\Users\sippa\Desktop\photo_test - test run\FB_IMG_1628006108037.jpg  =>  C:\Users\sippa\Desktop\destination_folder_test\2021\Photos\Facebook\08_August\03\FB_IMG_1628006108037.jpg
2026-04-24 10:49:05  INFO      core.mover  DRY   C:\Users\sippa\Desktop\photo_test - test run\FB_IMG_1628528842615.jpg  =>  C:\Users\sippa\Desktop\destination_folder_test\2021\Photos\Facebook\08_August\10\FB_IMG_1628528842615.jpg
2026-04-24 10:49:05  INFO      core.mover  DRY   C:\Users\sippa\Desktop\photo_test - test run\FB_IMG_1628737607591.jpg  =>  C:\Users\sippa\Desktop\destination_folder_test\2021\Photos\Facebook\08_August\12\FB_IMG_1628737607591.jpg
2026-04-24 10:49:05  INFO      core.mover  DRY   C:\Users\sippa\Desktop\photo_test - test run\FB_IMG_1628816749698.jpg  =>  C:\Users\sippa\Desktop\destination_folder_test\2021\Photos\Facebook\08_August\13\FB_IMG_1628816749698.jpg
2026-04-24 10:49:05  INFO      core.mover  DRY   C:\Users\sippa\Desktop\photo_test - test run\FB_IMG_1628865732905.jpg  =>  C:\Users\sippa\Desktop\destination_folder_test\2021\Photos\Facebook\08_August\13\FB_IMG_1628865732905.jpg
2026-04-24 10:49:05  INFO      core.mover  DRY   C:\Users\sippa\Desktop\photo_test - test run\FB_IMG_1628868302500.jpg  =>  C:\Users\sippa\Desktop\destination_folder_test\2021\Photos\Facebook\08_August\13\FB_IMG_1628868302500.jpg
2026-04-24 10:49:05  INFO      core.mover  DRY   C:\Users\sippa\Desktop\photo_test - test run\FB_IMG_1628913750818.jpg  =>  C:\Users\sippa\Desktop\destination_folder_test\2021\Photos\Facebook\08_August\14\FB_IMG_1628913750818.jpg
2026-04-24 10:49:05  INFO      core.mover  DRY   C:\Users\sippa\Desktop\photo_test - test run\FB_IMG_1628917594131.jpg  =>  C:\Users\sippa\Desktop\destination_folder_test\2021\Photos\Facebook\08_August\14\FB_IMG_1628917594131.jpg
2026-04-24 10:49:05  INFO      core.mover  DRY   C:\Users\sippa\Desktop\photo_test - test run\FB_IMG_1628917596504.jpg  =>  C:\Users\sippa\Desktop\destination_folder_test\2021\Photos\Facebook\08_August\14\FB_IMG_1628917596504.jpg
2026-04-24 10:49:05  INFO      core.mover  DRY   C:\Users\sippa\Desktop\photo_test - test run\FB_IMG_1628917598590.jpg  =>  C:\Users\sippa\Desktop\destination_folder_test\2021\Photos\Facebook\08_August\14\FB_IMG_1628917598590.jpg
2026-04-24 10:49:05  INFO      core.mover  DRY   C:\Users\sippa\Desktop\photo_test - test run\FB_IMG_1628917600969.jpg  =>  C:\Users\sippa\Desktop\destination_folder_test\2021\Photos\Facebook\08_August\14\FB_IMG_1628917600969.jpg
2026-04-24 10:49:05  INFO      core.mover  DRY   C:\Users\sippa\Desktop\photo_test - test run\FB_IMG_1628917605042.jpg  =>  C:\Users\sippa\Desktop\destination_folder_test\2021\Photos\Facebook\08_August\14\FB_IMG_1628917605042.jpg
2026-04-24 10:49:05  INFO      core.mover  DRY   C:\Users\sippa\Desktop\photo_test - test run\FB_IMG_1628917607465.jpg  =>  C:\Users\sippa\Desktop\destination_folder_test\2021\Photos\Facebook\08_August\14\FB_IMG_1628917607465.jpg
2026-04-24 10:49:05  INFO      core.mover  DRY   C:\Users\sippa\Desktop\photo_test - test run\FB_IMG_1628985112639.jpg  =>  C:\Users\sippa\Desktop\destination_folder_test\2021\Photos\Facebook\08_August\15\FB_IMG_1628985112639.jpg
2026-04-24 10:49:05  INFO      core.mover  DRY   C:\Users\sippa\Desktop\photo_test - test run\FB_IMG_1629611227433.jpg  =>  C:\Users\sippa\Desktop\destination_folder_test\2021\Photos\Facebook\08_August\22\FB_IMG_1629611227433.jpg
2026-04-24 10:49:05  INFO      core.mover  DRY   C:\Users\sippa\Desktop\photo_test - test run\FB_IMG_1630376017799.jpg  =>  C:\Users\sippa\Desktop\destination_folder_test\2021\Photos\Facebook\08_August\31\FB_IMG_1630376017799.jpg
2026-04-24 10:49:05  INFO      core.mover  DRY   C:\Users\sippa\Desktop\photo_test - test run\FB_IMG_1630378338646.jpg  =>  C:\Users\sippa\Desktop\destination_folder_test\2021\Photos\Facebook\08_August\31\FB_IMG_1630378338646.jpg
2026-04-24 10:49:05  INFO      core.mover  DRY   C:\Users\sippa\Desktop\photo_test - test run\FB_IMG_1631425192265.jpg  =>  C:\Users\sippa\Desktop\destination_folder_test\2021\Photos\Facebook\09_September\12\FB_IMG_1631425192265.jpg
2026-04-24 10:49:05  INFO      core.mover  DRY   C:\Users\sippa\Desktop\photo_test - test run\FB_IMG_1631906302246.jpg  =>  C:\Users\sippa\Desktop\destination_folder_test\2021\Photos\Facebook\09_September\18\FB_IMG_1631906302246.jpg
2026-04-24 10:49:05  INFO      core.mover  DRY   C:\Users\sippa\Desktop\photo_test - test run\FB_IMG_1632441262440.jpg  =>  C:\Users\sippa\Desktop\destination_folder_test\2021\Photos\Facebook\09_September\24\FB_IMG_1632441262440.jpg
2026-04-24 10:49:05  INFO      core.mover  DRY   C:\Users\sippa\Desktop\photo_test - test run\FB_IMG_1632754910486.jpg  =>  C:\Users\sippa\Desktop\destination_folder_test\2021\Photos\Facebook\09_September\27\FB_IMG_1632754910486.jpg
2026-04-24 10:49:05  INFO      core.mover  DRY   C:\Users\sippa\Desktop\photo_test - test run\FB_IMG_1633418644449.jpg  =>  C:\Users\sippa\Desktop\destination_folder_test\2021\Photos\Facebook\10_October\05\FB_IMG_1633418644449.jpg
2026-04-24 10:49:05  INFO      core.mover  DRY   C:\Users\sippa\Desktop\photo_test - test run\FB_IMG_1634438935238.jpg  =>  C:\Users\sippa\Desktop\destination_folder_test\2021\Photos\Facebook\10_October\17\FB_IMG_1634438935238.jpg
2026-04-24 10:49:05  INFO      core.mover  DRY   C:\Users\sippa\Desktop\photo_test - test run\FB_IMG_1635790918796.jpg  =>  C:\Users\sippa\Desktop\destination_folder_test\2021\Photos\Facebook\11_November\02\FB_IMG_1635790918796.jpg
2026-04-24 10:49:05  INFO      core.mover  DRY   C:\Users\sippa\Desktop\photo_test - test run\FB_IMG_1635790994295.jpg  =>  C:\Users\sippa\Desktop\destination_folder_test\2021\Photos\Facebook\11_November\02\FB_IMG_1635790994295.jpg
2026-04-24 10:49:05  INFO      core.mover  DRY   C:\Users\sippa\Desktop\photo_test - test run\FB_IMG_1636647491309.jpg  =>  C:\Users\sippa\Desktop\destination_folder_test\2021\Photos\Facebook\11_November\11\FB_IMG_1636647491309.jpg
2026-04-24 10:49:05  INFO      core.mover  DRY   C:\Users\sippa\Desktop\photo_test - test run\FB_IMG_1637159150973.jpg  =>  C:\Users\sippa\Desktop\destination_folder_test\2021\Photos\Facebook\11_November\17\FB_IMG_1637159150973.jpg
2026-04-24 10:49:05  INFO      core.mover  DRY   C:\Users\sippa\Desktop\photo_test - test run\FB_IMG_1637159435061.jpg  =>  C:\Users\sippa\Desktop\destination_folder_test\2021\Photos\Facebook\11_November\17\FB_IMG_1637159435061.jpg
2026-04-24 10:49:05  INFO      core.mover  DRY   C:\Users\sippa\Desktop\photo_test - test run\FB_IMG_1637231262467.jpg  =>  C:\Users\sippa\Desktop\destination_folder_test\2021\Photos\Facebook\11_November\18\FB_IMG_1637231262467.jpg
2026-04-24 10:49:05  INFO      core.mover  DRY   C:\Users\sippa\Desktop\photo_test - test run\FB_IMG_1637504906304.jpg  =>  C:\Users\sippa\Desktop\destination_folder_test\2021\Photos\Facebook\11_November\21\FB_IMG_1637504906304.jpg
2026-04-24 10:49:05  INFO      core.mover  DRY   C:\Users\sippa\Desktop\photo_test - test run\FB_IMG_1637980180374.jpg  =>  C:\Users\sippa\Desktop\destination_folder_test\2021\Photos\Facebook\11_November\27\FB_IMG_1637980180374.jpg
2026-04-24 10:49:05  INFO      core.mover  DRY   C:\Users\sippa\Desktop\photo_test - test run\FB_IMG_1638679965982.jpg  =>  C:\Users\sippa\Desktop\destination_folder_test\2021\Photos\Facebook\12_December\05\FB_IMG_1638679965982.jpg
2026-04-24 10:49:05  INFO      core.mover  DRY   C:\Users\sippa\Desktop\photo_test - test run\FB_IMG_1640288252972.jpg  =>  C:\Users\sippa\Desktop\destination_folder_test\2021\Photos\Facebook\12_December\24\FB_IMG_1640288252972.jpg
2026-04-24 10:49:05  INFO      core.mover  DRY   C:\Users\sippa\Desktop\photo_test - test run\FB_IMG_1640514991849.jpg  =>  C:\Users\sippa\Desktop\destination_folder_test\2021\Photos\Facebook\12_December\26\FB_IMG_1640514991849.jpg
2026-04-24 10:49:05  INFO      core.mover  DRY   C:\Users\sippa\Desktop\photo_test - test run\FB_IMG_1640855263846.jpg  =>  C:\Users\sippa\Desktop\destination_folder_test\2021\Photos\Facebook\12_December\30\FB_IMG_1640855263846.jpg
2026-04-24 10:49:05  INFO      core.mover  DRY   C:\Users\sippa\Desktop\photo_test - test run\FB_IMG_1641445517930.jpg  =>  C:\Users\sippa\Desktop\destination_folder_test\2022\Photos\Facebook\01_January\06\FB_IMG_1641445517930.jpg
2026-04-24 10:49:05  INFO      core.mover  DRY   C:\Users\sippa\Desktop\photo_test - test run\FB_IMG_1641704151198.jpg  =>  C:\Users\sippa\Desktop\destination_folder_test\2022\Photos\Facebook\01_January\09\FB_IMG_1641704151198.jpg
2026-04-24 10:49:05  INFO      core.mover  DRY   C:\Users\sippa\Desktop\photo_test - test run\FB_IMG_1642410969667.jpg  =>  C:\Users\sippa\Desktop\destination_folder_test\2022\Photos\Facebook\01_January\17\FB_IMG_1642410969667.jpg
2026-04-24 10:49:05  INFO      core.mover  DRY   C:\Users\sippa\Desktop\photo_test - test run\FB_IMG_1643434438784.jpg  =>  C:\Users\sippa\Desktop\destination_folder_test\2022\Photos\Facebook\01_January\29\FB_IMG_1643434438784.jpg
2026-04-24 10:49:05  INFO      core.mover  DRY   C:\Users\sippa\Desktop\photo_test - test run\FB_IMG_1643816542993.jpg  =>  C:\Users\sippa\Desktop\destination_folder_test\2022\Photos\Facebook\02_February\02\FB_IMG_1643816542993.jpg
2026-04-24 10:49:05  INFO      core.mover  DRY   C:\Users\sippa\Desktop\photo_test - test run\FB_IMG_1644695531344.jpg  =>  C:\Users\sippa\Desktop\destination_folder_test\2022\Photos\Facebook\02_February\13\FB_IMG_1644695531344.jpg
2026-04-24 10:49:05  INFO      core.mover  DRY   C:\Users\sippa\Desktop\photo_test - test run\FB_IMG_1645109439095.jpg  =>  C:\Users\sippa\Desktop\destination_folder_test\2022\Photos\Facebook\02_February\17\FB_IMG_1645109439095.jpg
2026-04-24 10:49:05  INFO      core.mover  DRY   C:\Users\sippa\Desktop\photo_test - test run\FB_IMG_1645716310134.jpg  =>  C:\Users\sippa\Desktop\destination_folder_test\2022\Photos\Facebook\02_February\24\FB_IMG_1645716310134.jpg
2026-04-24 10:49:05  INFO      core.mover  DRY   C:\Users\sippa\Desktop\photo_test - test run\FB_IMG_1647058817455.jpg  =>  C:\Users\sippa\Desktop\destination_folder_test\2022\Photos\Facebook\03_March\12\FB_IMG_1647058817455.jpg
2026-04-24 10:49:05  INFO      core.mover  DRY   C:\Users\sippa\Desktop\photo_test - test run\FB_IMG_1647085804573.jpg  =>  C:\Users\sippa\Desktop\destination_folder_test\2022\Photos\Facebook\03_March\12\FB_IMG_1647085804573.jpg
2026-04-24 10:49:05  INFO      core.mover  DRY   C:\Users\sippa\Desktop\photo_test - test run\FB_IMG_1647745933134.jpg  =>  C:\Users\sippa\Desktop\destination_folder_test\2022\Photos\Facebook\03_March\20\FB_IMG_1647745933134.jpg
2026-04-24 10:49:05  INFO      core.mover  DRY   C:\Users\sippa\Desktop\photo_test - test run\FB_IMG_1648009914551.jpg  =>  C:\Users\sippa\Desktop\destination_folder_test\2022\Photos\Facebook\03_March\23\FB_IMG_1648009914551.jpg
2026-04-24 10:49:05  INFO      core.mover  DRY   C:\Users\sippa\Desktop\photo_test - test run\FB_IMG_1648009936992.jpg  =>  C:\Users\sippa\Desktop\destination_folder_test\2022\Photos\Facebook\03_March\23\FB_IMG_1648009936992.jpg
2026-04-24 10:49:05  INFO      core.mover  DRY   C:\Users\sippa\Desktop\photo_test - test run\FB_IMG_1648444275397.jpg  =>  C:\Users\sippa\Desktop\destination_folder_test\2022\Photos\Facebook\03_March\28\FB_IMG_1648444275397.jpg
2026-04-24 10:49:05  INFO      core.mover  DRY   C:\Users\sippa\Desktop\photo_test - test run\FB_IMG_1648444296132.jpg  =>  C:\Users\sippa\Desktop\destination_folder_test\2022\Photos\Facebook\03_March\28\FB_IMG_1648444296132.jpg
2026-04-24 10:49:05  INFO      core.mover  DRY   C:\Users\sippa\Desktop\photo_test - test run\FB_IMG_1649934609426.jpg  =>  C:\Users\sippa\Desktop\destination_folder_test\2022\Photos\Facebook\04_April\14\FB_IMG_1649934609426.jpg
2026-04-24 10:49:05  INFO      core.mover  DRY   C:\Users\sippa\Desktop\photo_test - test run\FB_IMG_1650216661518.jpg  =>  C:\Users\sippa\Desktop\destination_folder_test\2022\Photos\Facebook\04_April\18\FB_IMG_1650216661518.jpg
2026-04-24 10:49:05  INFO      core.mover  DRY   C:\Users\sippa\Desktop\photo_test - test run\FB_IMG_1650468429353.jpg  =>  C:\Users\sippa\Desktop\destination_folder_test\2022\Photos\Facebook\04_April\20\FB_IMG_1650468429353.jpg
2026-04-24 10:49:05  INFO      core.mover  DRY   C:\Users\sippa\Desktop\photo_test - test run\how_topsd-oom.jpg  =>  C:\Users\sippa\Desktop\destination_folder_test\2012\Photos\Unknown_Device\10_October\01\how_topsd-oom.jpg
2026-04-24 10:49:05  INFO      core.mover  DRY   C:\Users\sippa\Desktop\photo_test - test run\Image2017-10-28_12-39-13.png  =>  C:\Users\sippa\Desktop\destination_folder_test\2017\Photos\Unknown_Device\10_October\28\Image2017-10-28_12-39-13.png
2026-04-24 10:49:05  INFO      core.mover  DRY   C:\Users\sippa\Desktop\photo_test - test run\IMG_3698.JPG  =>  C:\Users\sippa\Desktop\destination_folder_test\2025\Photos\Canon EOS RP\04_April\15\IMG_3698.JPG
2026-04-24 10:49:05  INFO      core.mover  DRY   C:\Users\sippa\Desktop\photo_test - test run\IMG_3740.JPG  =>  C:\Users\sippa\Desktop\destination_folder_test\2025\Photos\Canon EOS RP\04_April\15\IMG_3740.JPG
2026-04-24 10:49:05  INFO      core.mover  DRY   C:\Users\sippa\Desktop\photo_test - test run\IMG_3741.JPG  =>  C:\Users\sippa\Desktop\destination_folder_test\2025\Photos\Canon EOS RP\04_April\15\IMG_3741.JPG
2026-04-24 10:49:05  INFO      core.mover  DRY   C:\Users\sippa\Desktop\photo_test - test run\IMG_3750.JPG  =>  C:\Users\sippa\Desktop\destination_folder_test\2025\Photos\Canon EOS RP\04_April\15\IMG_3750.JPG
2026-04-24 10:49:05  INFO      core.mover  DRY   C:\Users\sippa\Desktop\photo_test - test run\IMG_3751.JPG  =>  C:\Users\sippa\Desktop\destination_folder_test\2025\Photos\Canon EOS RP\04_April\15\IMG_3751.JPG
2026-04-24 10:49:05  INFO      core.mover  DRY   C:\Users\sippa\Desktop\photo_test - test run\IMG_3759.JPG  =>  C:\Users\sippa\Desktop\destination_folder_test\2025\Photos\Canon EOS RP\04_April\15\IMG_3759.JPG
2026-04-24 10:49:05  INFO      core.mover  DRY   C:\Users\sippa\Desktop\photo_test - test run\IMG_3760.JPG  =>  C:\Users\sippa\Desktop\destination_folder_test\2025\Photos\Canon EOS RP\04_April\15\IMG_3760.JPG
2026-04-24 10:49:05  INFO      core.mover  DRY   C:\Users\sippa\Desktop\photo_test - test run\IMG_3849.JPG  =>  C:\Users\sippa\Desktop\destination_folder_test\2025\Photos\Canon EOS RP\04_April\15\IMG_3849.JPG
2026-04-24 10:49:05  INFO      core.mover  DRY   C:\Users\sippa\Desktop\photo_test - test run\IMG_6410_0.jpg  =>  C:\Users\sippa\Desktop\destination_folder_test\2026\Photos\Canon EOS RP\02_February\06\IMG_6410_0.jpg
2026-04-24 10:49:05  INFO      core.mover  DRY   C:\Users\sippa\Desktop\photo_test - test run\IMG_6411_0.jpg  =>  C:\Users\sippa\Desktop\destination_folder_test\2026\Photos\Canon EOS RP\02_February\06\IMG_6411_0.jpg
2026-04-24 10:49:05  INFO      core.mover  DRY   C:\Users\sippa\Desktop\photo_test - test run\IMG_6412_0.jpg  =>  C:\Users\sippa\Desktop\destination_folder_test\2026\Photos\Canon EOS RP\02_February\06\IMG_6412_0.jpg
2026-04-24 10:49:05  INFO      core.mover  DRY   C:\Users\sippa\Desktop\photo_test - test run\IMG_6414_0.jpg  =>  C:\Users\sippa\Desktop\destination_folder_test\2026\Photos\Canon EOS RP\02_February\06\IMG_6414_0.jpg
2026-04-24 10:49:05  INFO      core.mover  DRY   C:\Users\sippa\Desktop\photo_test - test run\IMG_6429_0.jpg  =>  C:\Users\sippa\Desktop\destination_folder_test\2026\Photos\Canon EOS RP\02_February\06\IMG_6429_0.jpg
2026-04-24 10:49:05  INFO      core.mover  DRY   C:\Users\sippa\Desktop\photo_test - test run\IMG_9472.JPG  =>  C:\Users\sippa\Desktop\destination_folder_test\2015\Photos\Apple iPad mini 1G\09_September\25\IMG_9472.JPG
2026-04-24 10:49:05  INFO      core.mover  DRY   C:\Users\sippa\Desktop\photo_test - test run\IMG_9478.JPG  =>  C:\Users\sippa\Desktop\destination_folder_test\2015\Photos\Apple iPad mini 1G\09_September\26\IMG_9478.JPG
2026-04-24 10:49:05  INFO      core.mover  DRY   C:\Users\sippa\Desktop\photo_test - test run\Jumping_Race_2017-07-28T123453+0000_E485DC.jpg  =>  C:\Users\sippa\Desktop\destination_folder_test\2017\Photos\Parrot Jumping Race\07_July\28\Jumping_Race_2017-07-28T123453+0000_E485DC.jpg
2026-04-24 10:49:05  INFO      core.mover  DRY   C:\Users\sippa\Desktop\photo_test - test run\Jumping_Race_2017-07-28T123548+0000_DD4B51.jpg  =>  C:\Users\sippa\Desktop\destination_folder_test\2017\Photos\Parrot Jumping Race\07_July\28\Jumping_Race_2017-07-28T123548+0000_DD4B51.jpg
2026-04-24 10:49:05  INFO      core.mover  DRY   C:\Users\sippa\Desktop\photo_test - test run\Jumping_Race_2017-07-28T123621+0000_C2F6AB.jpg  =>  C:\Users\sippa\Desktop\destination_folder_test\2017\Photos\Parrot Jumping Race\07_July\28\Jumping_Race_2017-07-28T123621+0000_C2F6AB.jpg
2026-04-24 10:49:05  INFO      core.mover  DRY   C:\Users\sippa\Desktop\photo_test - test run\Jumping_Race_2017-08-20T155617+0000_69B95B.jpg  =>  C:\Users\sippa\Desktop\destination_folder_test\2017\Photos\Parrot Jumping Race\08_August\20\Jumping_Race_2017-08-20T155617+0000_69B95B.jpg
2026-04-24 10:49:05  INFO      core.mover  DRY   C:\Users\sippa\Desktop\photo_test - test run\mom_gen.jpg  =>  C:\Users\sippa\Desktop\destination_folder_test\2012\Photos\Unknown_Device\01_January\19\mom_gen.jpg
2026-04-24 10:49:05  INFO      core.mover  DRY   C:\Users\sippa\Desktop\photo_test - test run\oom profile pic.jpg  =>  C:\Users\sippa\Desktop\destination_folder_test\2012\Photos\SONY DSLR-A200\01_January\17\oom profile pic.jpg
2026-04-24 10:49:05  INFO      core.mover  DRY   C:\Users\sippa\Desktop\photo_test - test run\oom racing profile.jpg  =>  C:\Users\sippa\Desktop\destination_folder_test\2012\Photos\Sony NEX-5N\12_December\06\oom racing profile.jpg
2026-04-24 10:49:05  INFO      core.mover  DRY   C:\Users\sippa\Desktop\photo_test - test run\oom1.jpg  =>  C:\Users\sippa\Desktop\destination_folder_test\2007\Photos\Unknown_Device\11_November\16\oom1.jpg
2026-04-24 10:49:05  INFO      core.mover  DRY   C:\Users\sippa\Desktop\photo_test - test run\oom2.jpg  =>  C:\Users\sippa\Desktop\destination_folder_test\2007\Photos\Unknown_Device\11_November\16\oom2.jpg
2026-04-24 10:49:05  INFO      core.mover  DRY   C:\Users\sippa\Desktop\photo_test - test run\P2400145.JPG  =>  C:\Users\sippa\Desktop\destination_folder_test\2021\Photos\Panasonic GX85\03_March\19\P2400145.JPG
2026-04-24 10:49:05  INFO      core.mover  DRY   C:\Users\sippa\Desktop\photo_test - test run\P2440732.JPG  =>  C:\Users\sippa\Desktop\destination_folder_test\2021\Photos\Panasonic GX85\06_June\15\P2440732.JPG
2026-04-24 10:49:05  INFO      core.mover  DRY   C:\Users\sippa\Desktop\photo_test - test run\P2440733.JPG  =>  C:\Users\sippa\Desktop\destination_folder_test\2021\Photos\Panasonic GX85\06_June\15\P2440733.JPG
2026-04-24 10:49:05  INFO      core.mover  DRY   C:\Users\sippa\Desktop\photo_test - test run\P2480116.JPG  =>  C:\Users\sippa\Desktop\destination_folder_test\2021\Photos\Panasonic GX85\07_July\24\P2480116.JPG
2026-04-24 10:49:05  INFO      core.mover  DRY   C:\Users\sippa\Desktop\photo_test - test run\P2890961.JPG  =>  C:\Users\sippa\Desktop\destination_folder_test\2022\Photos\Panasonic GX85\09_September\30\P2890961.JPG
2026-04-24 10:49:05  INFO      core.mover  DRY   C:\Users\sippa\Desktop\photo_test - test run\P2890962.JPG  =>  C:\Users\sippa\Desktop\destination_folder_test\2022\Photos\Panasonic GX85\09_September\30\P2890962.JPG
2026-04-24 10:49:05  INFO      core.mover  DRY   C:\Users\sippa\Desktop\photo_test - test run\P2890963.JPG  =>  C:\Users\sippa\Desktop\destination_folder_test\2022\Photos\Panasonic GX85\09_September\30\P2890963.JPG
2026-04-24 10:49:05  INFO      core.mover  DRY   C:\Users\sippa\Desktop\photo_test - test run\P4120847.JPG  =>  C:\Users\sippa\Desktop\destination_folder_test\2026\Photos\Panasonic GX85\02_February\04\P4120847.JPG
2026-04-24 10:49:05  INFO      core.mover  DRY   C:\Users\sippa\Desktop\photo_test - test run\P4120848.JPG  =>  C:\Users\sippa\Desktop\destination_folder_test\2026\Photos\Panasonic GX85\02_February\04\P4120848.JPG
2026-04-24 10:49:05  INFO      core.mover  DRY   C:\Users\sippa\Desktop\photo_test - test run\P4120858.JPG  =>  C:\Users\sippa\Desktop\destination_folder_test\2026\Photos\Panasonic GX85\02_February\04\P4120858.JPG
2026-04-24 10:49:05  INFO      core.mover  DRY   C:\Users\sippa\Desktop\photo_test - test run\poster_all.jpg  =>  C:\Users\sippa\Desktop\destination_folder_test\2012\Photos\Unknown_Device\09_September\01\poster_all.jpg
2026-04-24 10:49:05  INFO      core.mover  DRY   C:\Users\sippa\Desktop\photo_test - test run\poster_japan_new1.jpg  =>  C:\Users\sippa\Desktop\destination_folder_test\2012\Photos\Unknown_Device\08_August\15\poster_japan_new1.jpg
2026-04-24 10:49:05  INFO      core.mover  DRY   C:\Users\sippa\Desktop\photo_test - test run\poster_send gift.jpg  =>  C:\Users\sippa\Desktop\destination_folder_test\2012\Photos\Unknown_Device\10_October\26\poster_send gift.jpg
2026-04-24 10:49:05  INFO      core.mover  DRY   C:\Users\sippa\Desktop\photo_test - test run\Q11_55.jpg  =>  C:\Users\sippa\Desktop\destination_folder_test\2017\Photos\Unknown_Device\12_December\18\Q11_55.jpg
2026-04-24 10:49:05  INFO      core.mover  DRY   C:\Users\sippa\Desktop\photo_test - test run\QR-oom ziggaza.png  =>  C:\Users\sippa\Desktop\destination_folder_test\2012\Photos\Unknown_Device\10_October\01\QR-oom ziggaza.png
2026-04-24 10:49:05  INFO      core.mover  DRY   C:\Users\sippa\Desktop\photo_test - test run\Q_06_6.JPG  =>  C:\Users\sippa\Desktop\destination_folder_test\2017\Photos\Panasonic GX85\06_June\26\Q_06_6.JPG
2026-04-24 10:49:05  INFO      core.mover  DRY   C:\Users\sippa\Desktop\photo_test - test run\Q_06_8.JPG  =>  C:\Users\sippa\Desktop\destination_folder_test\2017\Photos\Panasonic GX85\06_June\30\Q_06_8.JPG
2026-04-24 10:49:05  INFO      core.mover  DRY   C:\Users\sippa\Desktop\photo_test - test run\Q_09_03.JPG  =>  C:\Users\sippa\Desktop\destination_folder_test\2017\Photos\Panasonic GX85\09_September\03\Q_09_03.JPG
2026-04-24 10:49:05  INFO      core.mover  DRY   C:\Users\sippa\Desktop\photo_test - test run\Q_12_07.JPG  =>  C:\Users\sippa\Desktop\destination_folder_test\2017\Photos\Panasonic GX85\12_December\02\Q_12_07.JPG
2026-04-24 10:49:05  INFO      core.mover  DRY   C:\Users\sippa\Desktop\photo_test - test run\Q_12_08.JPG  =>  C:\Users\sippa\Desktop\destination_folder_test\2017\Photos\Panasonic GX85\12_December\02\Q_12_08.JPG
2026-04-24 10:49:05  INFO      core.mover  DRY   C:\Users\sippa\Desktop\photo_test - test run\test_drum_nano.mp4  =>  C:\Users\sippa\Desktop\destination_folder_test\2021\Videos\Unknown_Device\07_July\08\test_drum_nano.mp4
2026-04-24 10:49:05  INFO      core.mover  DRY   C:\Users\sippa\Desktop\photo_test - test run\test_drum_nano_2.mp4  =>  C:\Users\sippa\Desktop\destination_folder_test\2021\Videos\Unknown_Device\07_July\08\test_drum_nano_2.mp4
2026-04-24 10:49:06  INFO      core.mover  DRY   C:\Users\sippa\Desktop\photo_test - test run\ticker.jpg  =>  C:\Users\sippa\Desktop\destination_folder_test\2013\Photos\Sony NEX-5N\04_April\07\ticker.jpg
2026-04-24 10:49:06  INFO      core.mover  DRY   C:\Users\sippa\Desktop\photo_test - test run\VID_165730512_193223_687.mp4  =>  C:\Users\sippa\Desktop\destination_folder_test\2019\Videos\Unknown_Device\11_November\13\VID_165730512_193223_687.mp4
2026-04-24 10:49:06  INFO      core.mover  DRY   C:\Users\sippa\Desktop\photo_test - test run\VID_92500220_085013_366.mp4  =>  C:\Users\sippa\Desktop\destination_folder_test\2019\Videos\Unknown_Device\08_August\26\VID_92500220_085013_366.mp4
2026-04-24 10:49:06  INFO      core.mover  DRY   C:\Users\sippa\Desktop\photo_test - test run\XPLB0292.JPG  =>  C:\Users\sippa\Desktop\destination_folder_test\2015\Photos\Apple iPad mini 1G\11_November\09\XPLB0292.JPG
2026-04-24 10:49:06  INFO      core.mover  DRY   C:\Users\sippa\Desktop\photo_test - test run\ziggaza_cover4-stamp.jpg  =>  C:\Users\sippa\Desktop\destination_folder_test\2014\Photos\Unknown_Device\02_February\09\ziggaza_cover4-stamp.jpg
2026-04-24 10:49:06  INFO      core.mover  DRY   C:\Users\sippa\Desktop\photo_test - test run\20221018 fence post\11218294-8ef0-481a-ae00-3fcc7e44b8c9.mp4  =>  C:\Users\sippa\Desktop\destination_folder_test\2022\Videos\Unknown_Device\10_October\17\11218294-8ef0-481a-ae00-3fcc7e44b8c9.mp4
2026-04-24 10:49:06  INFO      core.mover  DRY   C:\Users\sippa\Desktop\photo_test - test run\20221018 fence post\1220777.jpg  =>  C:\Users\sippa\Desktop\destination_folder_test\2022\Photos\Unknown_Device\10_October\18\1220777.jpg
2026-04-24 10:49:06  INFO      core.mover  DRY   C:\Users\sippa\Desktop\photo_test - test run\20221018 fence post\1222446.jpg  =>  C:\Users\sippa\Desktop\destination_folder_test\2022\Photos\Unknown_Device\10_October\18\1222446.jpg
2026-04-24 10:49:06  INFO      core.mover  DRY   C:\Users\sippa\Desktop\photo_test - test run\20221018 fence post\1_10.30.53.avi  =>  C:\Users\sippa\Desktop\destination_folder_test\2022\Videos\Unknown_Device\10_October\18\1_10.30.53.avi
2026-04-24 10:49:06  INFO      core.mover  DRY   C:\Users\sippa\Desktop\photo_test - test run\20221018 fence post\P2850539.JPG  =>  C:\Users\sippa\Desktop\destination_folder_test\2022\Photos\Panasonic GX85\09_September\03\P2850539.JPG
2026-04-24 10:49:06  INFO      core.mover  DRY   C:\Users\sippa\Desktop\photo_test - test run\20221018 fence post\P2910198.JPG  =>  C:\Users\sippa\Desktop\destination_folder_test\2022\Photos\Panasonic GX85\10_October\02\P2910198.JPG
2026-04-24 10:49:06  INFO      core.mover  DRY   C:\Users\sippa\Desktop\photo_test - test run\20221018 fence post\P2910199.JPG  =>  C:\Users\sippa\Desktop\destination_folder_test\2022\Photos\Panasonic GX85\10_October\02\P2910199.JPG
2026-04-24 10:49:06  INFO      core.mover  DRY   C:\Users\sippa\Desktop\photo_test - test run\20221018 fence post\P2940040.JPG  =>  C:\Users\sippa\Desktop\destination_folder_test\2022\Photos\Panasonic GX85\10_October\15\P2940040.JPG
2026-04-24 10:49:06  INFO      core.mover  DRY   C:\Users\sippa\Desktop\photo_test - test run\20221018 fence post\P2940069.JPG  =>  C:\Users\sippa\Desktop\destination_folder_test\2022\Photos\Panasonic GX85\10_October\15\P2940069.JPG
2026-04-24 10:49:06  INFO      core.mover  DRY   C:\Users\sippa\Desktop\photo_test - test run\20221018 fence post\P2940074.JPG  =>  C:\Users\sippa\Desktop\destination_folder_test\2022\Photos\Panasonic GX85\10_October\15\P2940074.JPG
2026-04-24 10:49:06  INFO      core.mover  DRY   C:\Users\sippa\Desktop\photo_test - test run\20221018 fence post\P2940113.JPG  =>  C:\Users\sippa\Desktop\destination_folder_test\2022\Photos\Panasonic GX85\10_October\15\P2940113.JPG
2026-04-24 10:49:06  INFO      core.mover  DRY   C:\Users\sippa\Desktop\photo_test - test run\20221018 fence post\P2940130.JPG  =>  C:\Users\sippa\Desktop\destination_folder_test\2022\Photos\Panasonic GX85\10_October\15\P2940130.JPG
2026-04-24 10:49:06  INFO      core.mover  DRY   C:\Users\sippa\Desktop\photo_test - test run\20221018 fence post\P2940404.JPG  =>  C:\Users\sippa\Desktop\destination_folder_test\2022\Photos\Panasonic GX85\10_October\18\P2940404.JPG
2026-04-24 10:49:06  INFO      core.mover  DRY   C:\Users\sippa\Desktop\photo_test - test run\20221018 fence post\P2940409.JPG  =>  C:\Users\sippa\Desktop\destination_folder_test\2022\Photos\Panasonic GX85\10_October\18\P2940409.JPG
2026-04-24 10:49:06  INFO      core.mover  DRY   C:\Users\sippa\Desktop\photo_test - test run\20221018 fence post\Untitled.mp4  =>  C:\Users\sippa\Desktop\destination_folder_test\2022\Videos\Unknown_Device\10_October\18\Untitled.mp4
2026-04-24 10:49:06  INFO      core.mover  DRY   C:\Users\sippa\Desktop\photo_test - test run\261_PANA\P2610449.MP4  =>  C:\Users\sippa\Desktop\destination_folder_test\2022\Videos\Panasonic Lumix\05_May\16\P2610449.MP4
2026-04-24 10:49:06  INFO      core.mover  DRY   C:\Users\sippa\Desktop\photo_test - test run\261_PANA\P2610457.JPG  =>  C:\Users\sippa\Desktop\destination_folder_test\2022\Photos\Panasonic GX85\05_May\16\P2610457.JPG
2026-04-24 10:49:06  INFO      core.mover  DRY   C:\Users\sippa\Desktop\photo_test - test run\261_PANA\P2610467.JPG  =>  C:\Users\sippa\Desktop\destination_folder_test\2022\Photos\Panasonic GX85\05_May\16\P2610467.JPG
2026-04-24 10:49:06  INFO      core.mover  DRY   C:\Users\sippa\Desktop\photo_test - test run\261_PANA\P2610477.JPG  =>  C:\Users\sippa\Desktop\destination_folder_test\2022\Photos\Panasonic GX85\05_May\16\P2610477.JPG
2026-04-24 10:49:06  INFO      core.mover  DRY   C:\Users\sippa\Desktop\photo_test - test run\261_PANA\P2610757.JPG  =>  C:\Users\sippa\Desktop\destination_folder_test\2022\Photos\Panasonic GX85\05_May\17\P2610757.JPG
2026-04-24 10:49:06  INFO      core.mover  DRY   C:\Users\sippa\Desktop\photo_test - test run\261_PANA\P2610763.JPG  =>  C:\Users\sippa\Desktop\destination_folder_test\2022\Photos\Panasonic GX85\05_May\17\P2610763.JPG
2026-04-24 10:49:06  INFO      core.mover  DRY   C:\Users\sippa\Desktop\photo_test - test run\261_PANA\P2610764.JPG  =>  C:\Users\sippa\Desktop\destination_folder_test\2022\Photos\Panasonic GX85\05_May\17\P2610764.JPG
2026-04-24 10:49:06  INFO      core.mover  DRY   C:\Users\sippa\Desktop\photo_test - test run\261_PANA\P2610781.JPG  =>  C:\Users\sippa\Desktop\destination_folder_test\2022\Photos\Panasonic GX85\05_May\17\P2610781.JPG
2026-04-24 10:49:06  INFO      core.mover  DRY   C:\Users\sippa\Desktop\photo_test - test run\324_PANA\P3240001.MP4  =>  C:\Users\sippa\Desktop\destination_folder_test\2023\Videos\Panasonic Lumix\04_April\15\P3240001.MP4
2026-04-24 10:49:06  INFO      core.mover  DRY   C:\Users\sippa\Desktop\photo_test - test run\324_PANA\P3240015.JPG  =>  C:\Users\sippa\Desktop\destination_folder_test\2023\Photos\Panasonic GX85\04_April\15\P3240015.JPG
2026-04-24 10:49:06  INFO      core.mover  DRY   C:\Users\sippa\Desktop\photo_test - test run\324_PANA\P3240020.JPG  =>  C:\Users\sippa\Desktop\destination_folder_test\2023\Photos\Panasonic GX85\04_April\15\P3240020.JPG
2026-04-24 10:49:06  INFO      core.mover  DRY   C:\Users\sippa\Desktop\photo_test - test run\324_PANA\P3240025.JPG  =>  C:\Users\sippa\Desktop\destination_folder_test\2023\Photos\Panasonic GX85\04_April\15\P3240025.JPG
2026-04-24 10:49:06  INFO      core.mover  DRY   C:\Users\sippa\Desktop\photo_test - test run\324_PANA\P3240026.JPG  =>  C:\Users\sippa\Desktop\destination_folder_test\2023\Photos\Panasonic GX85\04_April\15\P3240026.JPG
2026-04-24 10:49:06  INFO      core.mover  DRY   C:\Users\sippa\Desktop\photo_test - test run\324_PANA\P3240357.JPG  =>  C:\Users\sippa\Desktop\destination_folder_test\2023\Photos\Panasonic GX85\04_April\17\P3240357.JPG
2026-04-24 10:49:06  INFO      core.mover  DRY   C:\Users\sippa\Desktop\photo_test - test run\324_PANA\P3240366.JPG  =>  C:\Users\sippa\Desktop\destination_folder_test\2023\Photos\Panasonic GX85\04_April\17\P3240366.JPG
2026-04-24 10:49:06  INFO      core.mover  DRY   C:\Users\sippa\Desktop\photo_test - test run\324_PANA\P3240715.JPG  =>  C:\Users\sippa\Desktop\destination_folder_test\2023\Photos\Panasonic GX85\04_April\23\P3240715.JPG
2026-04-24 10:49:06  INFO      core.mover  DRY   C:\Users\sippa\Desktop\photo_test - test run\324_PANA\P3240716.JPG  =>  C:\Users\sippa\Desktop\destination_folder_test\2023\Photos\Panasonic GX85\04_April\23\P3240716.JPG
2026-04-24 10:49:06  INFO      core.mover  DRY   C:\Users\sippa\Desktop\photo_test - test run\324_PANA\P3240854.JPG  =>  C:\Users\sippa\Desktop\destination_folder_test\2023\Photos\Panasonic GX85\04_April\29\P3240854.JPG
2026-04-24 10:49:06  INFO      core.mover  DRY   C:\Users\sippa\Desktop\photo_test - test run\324_PANA\P3240856.JPG  =>  C:\Users\sippa\Desktop\destination_folder_test\2023\Photos\Panasonic GX85\04_April\29\P3240856.JPG
2026-04-24 10:49:06  INFO      core.mover  DRY   C:\Users\sippa\Desktop\photo_test - test run\407_PANA\P4070462.MP4  =>  C:\Users\sippa\Desktop\destination_folder_test\2025\Videos\Panasonic Lumix\11_November\01\P4070462.MP4
2026-04-24 10:49:06  INFO      core.mover  DRY   C:\Users\sippa\Desktop\photo_test - test run\407_PANA\P4070475.JPG  =>  C:\Users\sippa\Desktop\destination_folder_test\2025\Photos\Panasonic GX85\11_November\01\P4070475.JPG
2026-04-24 10:49:06  INFO      core.mover  DRY   C:\Users\sippa\Desktop\photo_test - test run\407_PANA\P4070485.JPG  =>  C:\Users\sippa\Desktop\destination_folder_test\2025\Photos\Panasonic GX85\11_November\01\P4070485.JPG
2026-04-24 10:49:06  INFO      core.mover  DRY   C:\Users\sippa\Desktop\photo_test - test run\407_PANA\P4070494.JPG  =>  C:\Users\sippa\Desktop\destination_folder_test\2025\Photos\Panasonic GX85\11_November\01\P4070494.JPG
2026-04-24 10:49:06  INFO      core.mover  DRY   C:\Users\sippa\Desktop\photo_test - test run\407_PANA\P4070495.JPG  =>  C:\Users\sippa\Desktop\destination_folder_test\2025\Photos\Panasonic GX85\11_November\01\P4070495.JPG
2026-04-24 10:49:06  INFO      core.mover  DRY   C:\Users\sippa\Desktop\photo_test - test run\407_PANA\P4070505.JPG  =>  C:\Users\sippa\Desktop\destination_folder_test\2025\Photos\Panasonic GX85\11_November\04\P4070505.JPG
2026-04-24 10:49:06  INFO      core.mover  DRY   C:\Users\sippa\Desktop\photo_test - test run\407_PANA\P4070506.JPG  =>  C:\Users\sippa\Desktop\destination_folder_test\2025\Photos\Panasonic GX85\11_November\04\P4070506.JPG
2026-04-24 10:49:06  INFO      core.mover  DRY   C:\Users\sippa\Desktop\photo_test - test run\407_PANA\P4070625.JPG  =>  C:\Users\sippa\Desktop\destination_folder_test\2025\Photos\Panasonic GX85\11_November\09\P4070625.JPG
2026-04-24 10:49:06  INFO      core.mover  DRY   C:\Users\sippa\Desktop\photo_test - test run\407_PANA\P4070627.JPG  =>  C:\Users\sippa\Desktop\destination_folder_test\2025\Photos\Panasonic GX85\11_November\09\P4070627.JPG
2026-04-24 10:49:06  INFO      core.mover  DRY   C:\Users\sippa\Desktop\photo_test - test run\407_PANA\P4070766.JPG  =>  C:\Users\sippa\Desktop\destination_folder_test\2025\Photos\Panasonic GX85\11_November\15\P4070766.JPG
2026-04-24 10:49:06  INFO      core.mover  DRY   C:\Users\sippa\Desktop\photo_test - test run\407_PANA\P4070768.JPG  =>  C:\Users\sippa\Desktop\destination_folder_test\2025\Photos\Panasonic GX85\11_November\15\P4070768.JPG
2026-04-24 10:49:06  INFO      core.mover  DRY   C:\Users\sippa\Desktop\photo_test - test run\Pyjamas\P2560373.JPG  =>  C:\Users\sippa\Desktop\destination_folder_test\2022\Photos\Panasonic GX85\02_February\23\P2560373.JPG
2026-04-24 10:49:06  INFO      core.mover  DRY   C:\Users\sippa\Desktop\photo_test - test run\Pyjamas\P2560374.JPG  =>  C:\Users\sippa\Desktop\destination_folder_test\2022\Photos\Panasonic GX85\02_February\23\P2560374.JPG
2026-04-24 10:49:06  INFO      core.mover  DRY   C:\Users\sippa\Desktop\photo_test - test run\Pyjamas\P2560375.JPG  =>  C:\Users\sippa\Desktop\destination_folder_test\2022\Photos\Panasonic GX85\02_February\23\P2560375.JPG
2026-04-24 10:49:06  INFO      core.mover  DRY   C:\Users\sippa\Desktop\photo_test - test run\Pyjamas\P2560380.JPG  =>  C:\Users\sippa\Desktop\destination_folder_test\2022\Photos\Panasonic GX85\02_February\23\P2560380.JPG
2026-04-24 10:49:06  INFO      core.mover  DRY   C:\Users\sippa\Desktop\photo_test - test run\Pyjamas\P2560382.JPG  =>  C:\Users\sippa\Desktop\destination_folder_test\2022\Photos\Panasonic GX85\02_February\23\P2560382.JPG
2026-04-24 10:49:06  INFO      core.mover  DRY   C:\Users\sippa\Desktop\photo_test - test run\Pyjamas\P2560383.JPG  =>  C:\Users\sippa\Desktop\destination_folder_test\2022\Photos\Panasonic GX85\02_February\23\P2560383.JPG
2026-04-24 10:49:06  INFO      core.mover  DRY   C:\Users\sippa\Desktop\photo_test - test run\Pyjamas\P2560393.JPG  =>  C:\Users\sippa\Desktop\destination_folder_test\2022\Photos\Panasonic GX85\02_February\23\P2560393.JPG
2026-04-24 10:49:07  INFO      core.mover  Done. moved=370 dupes=0 resumed=0 errors=0 elapsed=3.2s @ 116.7 files/s
2026-04-24 10:49:26  WARNING   exifread  PNG file does not have exif data.
2026-04-24 10:49:26  WARNING   exifread  PNG file does not have exif data.
2026-04-24 10:49:26  WARNING   exifread  PNG file does not have exif data.
2026-04-24 10:49:26  INFO      core.mover  MOVE  C:\Users\sippa\Desktop\photo_test - test run\00003.MTS  =>  C:\Users\sippa\Desktop\destination_folder_test\2019\Videos\Sony AVCHD\08_August\08\00003.MTS
2026-04-24 10:49:26  INFO      core.mover  MOVE  C:\Users\sippa\Desktop\photo_test - test run\00013.MTS  =>  C:\Users\sippa\Desktop\destination_folder_test\2014\Videos\Sony AVCHD\06_June\06\00013.MTS
2026-04-24 10:49:26  INFO      core.mover  MOVE  C:\Users\sippa\Desktop\photo_test - test run\00073.MTS  =>  C:\Users\sippa\Desktop\destination_folder_test\2018\Videos\Sony AVCHD\09_September\20\00073.MTS
2026-04-24 10:49:26  INFO      core.mover  MOVE  C:\Users\sippa\Desktop\photo_test - test run\00074.MTS  =>  C:\Users\sippa\Desktop\destination_folder_test\2018\Videos\Sony AVCHD\09_September\20\00074.MTS
2026-04-24 10:49:26  INFO      core.mover  MOVE  C:\Users\sippa\Desktop\photo_test - test run\00081.MTS  =>  C:\Users\sippa\Desktop\destination_folder_test\2018\Videos\Sony AVCHD\09_September\22\00081.MTS
2026-04-24 10:49:26  INFO      core.mover  MOVE  C:\Users\sippa\Desktop\photo_test - test run\1505891619099.jpg  =>  C:\Users\sippa\Desktop\destination_folder_test\2017\Photos\Unknown_Device\12_December\17\1505891619099.jpg
2026-04-24 10:49:26  INFO      core.mover  MOVE  C:\Users\sippa\Desktop\photo_test - test run\1507032871478.jpg  =>  C:\Users\sippa\Desktop\destination_folder_test\2017\Photos\Unknown_Device\12_December\17\1507032871478.jpg
2026-04-24 10:49:26  INFO      core.mover  MOVE  C:\Users\sippa\Desktop\photo_test - test run\1509169149018_fact_1.jpg  =>  C:\Users\sippa\Desktop\destination_folder_test\2017\Photos\Unknown_Device\10_October\28\1509169149018_fact_1.jpg
2026-04-24 10:49:26  INFO      core.mover  MOVE  C:\Users\sippa\Desktop\photo_test - test run\1548945374710_fact_1.jpg  =>  C:\Users\sippa\Desktop\destination_folder_test\2019\Photos\Unknown_Device\01_January\31\1548945374710_fact_1.jpg
2026-04-24 10:49:26  INFO      core.mover  MOVE  C:\Users\sippa\Desktop\photo_test - test run\20151219_155545.jpg  =>  C:\Users\sippa\Desktop\destination_folder_test\2015\Photos\Samsung Galaxy Note 4\12_December\19\20151219_155545.jpg
2026-04-24 10:49:26  INFO      core.mover  MOVE  C:\Users\sippa\Desktop\photo_test - test run\20160530_195932.jpg  =>  C:\Users\sippa\Desktop\destination_folder_test\2016\Photos\Samsung Galaxy Note 4\05_May\30\20160530_195932.jpg
2026-04-24 10:49:26  INFO      core.mover  MOVE  C:\Users\sippa\Desktop\photo_test - test run\20170828_192518.jpg  =>  C:\Users\sippa\Desktop\destination_folder_test\2017\Photos\Samsung Galaxy Note 4\08_August\28\20170828_192518.jpg
2026-04-24 10:49:26  INFO      core.mover  MOVE  C:\Users\sippa\Desktop\photo_test - test run\20170828_222242.jpg  =>  C:\Users\sippa\Desktop\destination_folder_test\2017\Photos\Samsung Galaxy Note 4\08_August\28\20170828_222242.jpg
2026-04-24 10:49:26  INFO      core.mover  MOVE  C:\Users\sippa\Desktop\photo_test - test run\20170903_163928.jpg  =>  C:\Users\sippa\Desktop\destination_folder_test\2017\Photos\Samsung Galaxy Note 4\09_September\03\20170903_163928.jpg
2026-04-24 10:49:26  INFO      core.mover  MOVE  C:\Users\sippa\Desktop\photo_test - test run\20170903_194250.jpg  =>  C:\Users\sippa\Desktop\destination_folder_test\2017\Photos\Samsung Galaxy Note 4\09_September\03\20170903_194250.jpg
2026-04-24 10:49:26  INFO      core.mover  MOVE  C:\Users\sippa\Desktop\photo_test - test run\20170903_194254.jpg  =>  C:\Users\sippa\Desktop\destination_folder_test\2017\Photos\Samsung Galaxy Note 4\09_September\03\20170903_194254.jpg
2026-04-24 10:49:26  INFO      core.mover  MOVE  C:\Users\sippa\Desktop\photo_test - test run\20170909_182011.jpg  =>  C:\Users\sippa\Desktop\destination_folder_test\2017\Photos\Samsung Galaxy Note 4\09_September\09\20170909_182011.jpg
2026-04-24 10:49:26  INFO      core.mover  MOVE  C:\Users\sippa\Desktop\photo_test - test run\20170909_182016.jpg  =>  C:\Users\sippa\Desktop\destination_folder_test\2017\Photos\Samsung Galaxy Note 4\09_September\09\20170909_182016.jpg
2026-04-24 10:49:26  INFO      core.mover  MOVE  C:\Users\sippa\Desktop\photo_test - test run\20170910_134231.jpg  =>  C:\Users\sippa\Desktop\destination_folder_test\2017\Photos\Samsung Galaxy Note 4\09_September\10\20170910_134231.jpg
2026-04-24 10:49:26  INFO      core.mover  MOVE  C:\Users\sippa\Desktop\photo_test - test run\20170913_193231.jpg  =>  C:\Users\sippa\Desktop\destination_folder_test\2017\Photos\Samsung Galaxy Note 4\09_September\13\20170913_193231.jpg
2026-04-24 10:49:26  INFO      core.mover  MOVE  C:\Users\sippa\Desktop\photo_test - test run\20170913_193722.jpg  =>  C:\Users\sippa\Desktop\destination_folder_test\2017\Photos\Samsung Galaxy Note 4\09_September\13\20170913_193722.jpg
2026-04-24 10:49:26  INFO      core.mover  MOVE  C:\Users\sippa\Desktop\photo_test - test run\20170914_082221.jpg  =>  C:\Users\sippa\Desktop\destination_folder_test\2017\Photos\Samsung Galaxy Note 4\09_September\14\20170914_082221.jpg
2026-04-24 10:49:26  INFO      core.mover  MOVE  C:\Users\sippa\Desktop\photo_test - test run\20170918_210731.jpg  =>  C:\Users\sippa\Desktop\destination_folder_test\2017\Photos\Samsung Galaxy Note 4\09_September\18\20170918_210731.jpg
2026-04-24 10:49:26  INFO      core.mover  MOVE  C:\Users\sippa\Desktop\photo_test - test run\20170920_091921.jpg  =>  C:\Users\sippa\Desktop\destination_folder_test\2017\Photos\Samsung Galaxy Note 4\09_September\20\20170920_091921.jpg
2026-04-24 10:49:26  INFO      core.mover  MOVE  C:\Users\sippa\Desktop\photo_test - test run\20170920_183506.jpg  =>  C:\Users\sippa\Desktop\destination_folder_test\2017\Photos\Samsung Galaxy Note 4\09_September\20\20170920_183506.jpg
2026-04-24 10:49:26  INFO      core.mover  MOVE  C:\Users\sippa\Desktop\photo_test - test run\20170922_070834.jpg  =>  C:\Users\sippa\Desktop\destination_folder_test\2017\Photos\Samsung Galaxy Note 4\09_September\22\20170922_070834.jpg
2026-04-24 10:49:26  INFO      core.mover  MOVE  C:\Users\sippa\Desktop\photo_test - test run\20171214_232725.jpg  =>  C:\Users\sippa\Desktop\destination_folder_test\2017\Photos\Samsung Galaxy Note 8\12_December\14\20171214_232725.jpg
2026-04-24 10:49:26  INFO      core.mover  MOVE  C:\Users\sippa\Desktop\photo_test - test run\20171215_084609.jpg  =>  C:\Users\sippa\Desktop\destination_folder_test\2017\Photos\Samsung Galaxy Note 8\12_December\15\20171215_084609.jpg
2026-04-24 10:49:26  INFO      core.mover  MOVE  C:\Users\sippa\Desktop\photo_test - test run\20171215_131459.jpg  =>  C:\Users\sippa\Desktop\destination_folder_test\2017\Photos\Samsung Galaxy Note 8\12_December\15\20171215_131459.jpg
2026-04-24 10:49:26  INFO      core.mover  MOVE  C:\Users\sippa\Desktop\photo_test - test run\20171216_075334.jpg  =>  C:\Users\sippa\Desktop\destination_folder_test\2017\Photos\Samsung Galaxy Note 8\12_December\16\20171216_075334.jpg
2026-04-24 10:49:26  INFO      core.mover  MOVE  C:\Users\sippa\Desktop\photo_test - test run\20180106_131509.jpg  =>  C:\Users\sippa\Desktop\destination_folder_test\2018\Photos\Samsung Galaxy Note 8\01_January\06\20180106_131509.jpg
2026-04-24 10:49:26  INFO      core.mover  MOVE  C:\Users\sippa\Desktop\photo_test - test run\20180107_163817.jpg  =>  C:\Users\sippa\Desktop\destination_folder_test\2018\Photos\Samsung Galaxy Note 8\01_January\07\20180107_163817.jpg
2026-04-24 10:49:26  INFO      core.mover  MOVE  C:\Users\sippa\Desktop\photo_test - test run\20180108_094914.jpg  =>  C:\Users\sippa\Desktop\destination_folder_test\2018\Photos\Samsung Galaxy Note 8\01_January\08\20180108_094914.jpg
2026-04-24 10:49:26  INFO      core.mover  MOVE  C:\Users\sippa\Desktop\photo_test - test run\20180108_094916.jpg  =>  C:\Users\sippa\Desktop\destination_folder_test\2018\Photos\Samsung Galaxy Note 8\01_January\08\20180108_094916.jpg
2026-04-24 10:49:26  INFO      core.mover  MOVE  C:\Users\sippa\Desktop\photo_test - test run\20180112_185251.jpg  =>  C:\Users\sippa\Desktop\destination_folder_test\2018\Photos\Samsung Galaxy Note 8\01_January\12\20180112_185251.jpg
2026-04-24 10:49:26  INFO      core.mover  MOVE  C:\Users\sippa\Desktop\photo_test - test run\20180120_125333.jpg  =>  C:\Users\sippa\Desktop\destination_folder_test\2018\Photos\Samsung Galaxy Note 8\01_January\20\20180120_125333.jpg
2026-04-24 10:49:26  INFO      core.mover  MOVE  C:\Users\sippa\Desktop\photo_test - test run\20180120_125336.jpg  =>  C:\Users\sippa\Desktop\destination_folder_test\2018\Photos\Samsung Galaxy Note 8\01_January\20\20180120_125336.jpg
2026-04-24 10:49:26  INFO      core.mover  MOVE  C:\Users\sippa\Desktop\photo_test - test run\20180304_182410.mp4  =>  C:\Users\sippa\Desktop\destination_folder_test\2018\Videos\Android Camera\03_March\04\20180304_182410.mp4
2026-04-24 10:49:26  INFO      core.mover  MOVE  C:\Users\sippa\Desktop\photo_test - test run\20180310_175705.mp4  =>  C:\Users\sippa\Desktop\destination_folder_test\2018\Videos\Android Camera\03_March\10\20180310_175705.mp4
2026-04-24 10:49:27  INFO      core.mover  MOVE  C:\Users\sippa\Desktop\photo_test - test run\20190131_075907.jpg  =>  C:\Users\sippa\Desktop\destination_folder_test\2019\Photos\samsung SM-G950F\01_January\31\20190131_075907.jpg
2026-04-24 10:49:27  INFO      core.mover  MOVE  C:\Users\sippa\Desktop\photo_test - test run\20190201_135857.jpg  =>  C:\Users\sippa\Desktop\destination_folder_test\2019\Photos\samsung SM-G950F\02_February\01\20190201_135857.jpg
2026-04-24 10:49:27  INFO      core.mover  MOVE  C:\Users\sippa\Desktop\photo_test - test run\20190206_172621.jpg  =>  C:\Users\sippa\Desktop\destination_folder_test\2019\Photos\samsung SM-G950F\02_February\06\20190206_172621.jpg
2026-04-24 10:49:27  INFO      core.mover  MOVE  C:\Users\sippa\Desktop\photo_test - test run\20190208_172441.jpg  =>  C:\Users\sippa\Desktop\destination_folder_test\2019\Photos\samsung SM-G950F\02_February\08\20190208_172441.jpg
2026-04-24 10:49:27  INFO      core.mover  MOVE  C:\Users\sippa\Desktop\photo_test - test run\20190214_161930.jpg  =>  C:\Users\sippa\Desktop\destination_folder_test\2019\Photos\samsung SM-G950F\02_February\14\20190214_161930.jpg
2026-04-24 10:49:27  INFO      core.mover  MOVE  C:\Users\sippa\Desktop\photo_test - test run\20190228_131541.mp4  =>  C:\Users\sippa\Desktop\destination_folder_test\2019\Videos\Android Camera\02_February\28\20190228_131541.mp4
2026-04-24 10:49:27  INFO      core.mover  MOVE  C:\Users\sippa\Desktop\photo_test - test run\20190420_153005.jpg  =>  C:\Users\sippa\Desktop\destination_folder_test\2019\Photos\samsung SM-G950F\04_April\20\20190420_153005.jpg
2026-04-24 10:49:27  INFO      core.mover  MOVE  C:\Users\sippa\Desktop\photo_test - test run\20190420_153007.jpg  =>  C:\Users\sippa\Desktop\destination_folder_test\2019\Photos\samsung SM-G950F\04_April\20\20190420_153007.jpg
2026-04-24 10:49:27  INFO      core.mover  MOVE  C:\Users\sippa\Desktop\photo_test - test run\20190420_181427.mp4  =>  C:\Users\sippa\Desktop\destination_folder_test\2019\Videos\Android Camera\04_April\20\20190420_181427.mp4
2026-04-24 10:49:27  INFO      core.mover  MOVE  C:\Users\sippa\Desktop\photo_test - test run\20190422_105910.jpg  =>  C:\Users\sippa\Desktop\destination_folder_test\2019\Photos\samsung SM-G950F\04_April\22\20190422_105910.jpg
2026-04-24 10:49:27  INFO      core.mover  MOVE  C:\Users\sippa\Desktop\photo_test - test run\20190422_105913.jpg  =>  C:\Users\sippa\Desktop\destination_folder_test\2019\Photos\samsung SM-G950F\04_April\22\20190422_105913.jpg
2026-04-24 10:49:27  INFO      core.mover  MOVE  C:\Users\sippa\Desktop\photo_test - test run\20190424_134215.jpg  =>  C:\Users\sippa\Desktop\destination_folder_test\2019\Photos\samsung SM-G950F\04_April\24\20190424_134215.jpg
2026-04-24 10:49:27  INFO      core.mover  MOVE  C:\Users\sippa\Desktop\photo_test - test run\20190425_154405.jpg  =>  C:\Users\sippa\Desktop\destination_folder_test\2019\Photos\samsung SM-G950F\04_April\25\20190425_154405.jpg
2026-04-24 10:49:27  INFO      core.mover  MOVE  C:\Users\sippa\Desktop\photo_test - test run\20190625_170010.jpg  =>  C:\Users\sippa\Desktop\destination_folder_test\2019\Photos\samsung SM-G950F\06_June\25\20190625_170010.jpg
2026-04-24 10:49:27  INFO      core.mover  MOVE  C:\Users\sippa\Desktop\photo_test - test run\20190708_080120.jpg  =>  C:\Users\sippa\Desktop\destination_folder_test\2019\Photos\samsung SM-G950F\07_July\08\20190708_080120.jpg
2026-04-24 10:49:27  INFO      core.mover  MOVE  C:\Users\sippa\Desktop\photo_test - test run\20190712_071652.jpg  =>  C:\Users\sippa\Desktop\destination_folder_test\2019\Photos\samsung SM-G950F\07_July\12\20190712_071652.jpg
2026-04-24 10:49:27  INFO      core.mover  MOVE  C:\Users\sippa\Desktop\photo_test - test run\20190718_081459.mp4  =>  C:\Users\sippa\Desktop\destination_folder_test\2019\Videos\Android Camera\07_July\18\20190718_081459.mp4
2026-04-24 10:49:27  INFO      core.mover  MOVE  C:\Users\sippa\Desktop\photo_test - test run\20190722_122434.jpg  =>  C:\Users\sippa\Desktop\destination_folder_test\2019\Photos\samsung SM-G950F\07_July\22\20190722_122434.jpg
2026-04-24 10:49:27  INFO      core.mover  MOVE  C:\Users\sippa\Desktop\photo_test - test run\20190723_075510.jpg  =>  C:\Users\sippa\Desktop\destination_folder_test\2019\Photos\samsung SM-G950F\07_July\23\20190723_075510.jpg
2026-04-24 10:49:27  INFO      core.mover  MOVE  C:\Users\sippa\Desktop\photo_test - test run\20190723_221645.mp4  =>  C:\Users\sippa\Desktop\destination_folder_test\2019\Videos\Android Camera\07_July\23\20190723_221645.mp4
2026-04-24 10:49:27  INFO      core.mover  MOVE  C:\Users\sippa\Desktop\photo_test - test run\20190728_075803.mp4  =>  C:\Users\sippa\Desktop\destination_folder_test\2019\Videos\Android Camera\07_July\28\20190728_075803.mp4
2026-04-24 10:49:27  INFO      core.mover  MOVE  C:\Users\sippa\Desktop\photo_test - test run\20200213_094515.mp4  =>  C:\Users\sippa\Desktop\destination_folder_test\2020\Videos\Android Camera\02_February\13\20200213_094515.mp4
2026-04-24 10:49:27  INFO      core.mover  MOVE  C:\Users\sippa\Desktop\photo_test - test run\20200227_081540.mp4  =>  C:\Users\sippa\Desktop\destination_folder_test\2020\Videos\Android Camera\02_February\27\20200227_081540.mp4
2026-04-24 10:49:27  INFO      core.mover  MOVE  C:\Users\sippa\Desktop\photo_test - test run\20200624_193426.mp4  =>  C:\Users\sippa\Desktop\destination_folder_test\2020\Videos\Android Camera\06_June\24\20200624_193426.mp4
2026-04-24 10:49:27  INFO      core.mover  MOVE  C:\Users\sippa\Desktop\photo_test - test run\20230730_170149.jpg  =>  C:\Users\sippa\Desktop\destination_folder_test\2023\Photos\Samsung Galaxy Note 8\07_July\30\20230730_170149.jpg
2026-04-24 10:49:27  INFO      core.mover  MOVE  C:\Users\sippa\Desktop\photo_test - test run\20230730_174024.jpg  =>  C:\Users\sippa\Desktop\destination_folder_test\2023\Photos\Samsung Galaxy Note 8\07_July\30\20230730_174024.jpg
2026-04-24 10:49:27  INFO      core.mover  MOVE  C:\Users\sippa\Desktop\photo_test - test run\20230730_174030.jpg  =>  C:\Users\sippa\Desktop\destination_folder_test\2023\Photos\Samsung Galaxy Note 8\07_July\30\20230730_174030.jpg
2026-04-24 10:49:27  INFO      core.mover  MOVE  C:\Users\sippa\Desktop\photo_test - test run\20230731_172322.mp4  =>  C:\Users\sippa\Desktop\destination_folder_test\2023\Videos\Android Camera\07_July\31\20230731_172322.mp4
2026-04-24 10:49:27  INFO      core.mover  MOVE  C:\Users\sippa\Desktop\photo_test - test run\20260306_070840.jpg  =>  C:\Users\sippa\Desktop\destination_folder_test\2026\Photos\Samsung Galaxy S25 Ultra\03_March\06\20260306_070840.jpg
2026-04-24 10:49:27  INFO      core.mover  MOVE  C:\Users\sippa\Desktop\photo_test - test run\20260306_070844.jpg  =>  C:\Users\sippa\Desktop\destination_folder_test\2026\Photos\Samsung Galaxy S25 Ultra\03_March\06\20260306_070844.jpg
2026-04-24 10:49:27  INFO      core.mover  MOVE  C:\Users\sippa\Desktop\photo_test - test run\20260306_082037.jpg  =>  C:\Users\sippa\Desktop\destination_folder_test\2026\Photos\Samsung Galaxy S25 Ultra\03_March\06\20260306_082037.jpg
2026-04-24 10:49:27  INFO      core.mover  MOVE  C:\Users\sippa\Desktop\photo_test - test run\20260306_082039.jpg  =>  C:\Users\sippa\Desktop\destination_folder_test\2026\Photos\Samsung Galaxy S25 Ultra\03_March\06\20260306_082039.jpg
2026-04-24 10:49:27  INFO      core.mover  MOVE  C:\Users\sippa\Desktop\photo_test - test run\20260306_132126.jpg  =>  C:\Users\sippa\Desktop\destination_folder_test\2026\Photos\Samsung Galaxy S25 Ultra\03_March\06\20260306_132126.jpg
2026-04-24 10:49:28  INFO      core.mover  MOVE  C:\Users\sippa\Desktop\photo_test - test run\20260306_132128.jpg  =>  C:\Users\sippa\Desktop\destination_folder_test\2026\Photos\Samsung Galaxy S25 Ultra\03_March\06\20260306_132128.jpg
2026-04-24 10:49:28  INFO      core.mover  MOVE  C:\Users\sippa\Desktop\photo_test - test run\A7I07804.JPG  =>  C:\Users\sippa\Desktop\destination_folder_test\2022\Photos\Sony A7 II\12_December\09\A7I07804.JPG
2026-04-24 10:49:28  INFO      core.mover  MOVE  C:\Users\sippa\Desktop\photo_test - test run\A7I07823.JPG  =>  C:\Users\sippa\Desktop\destination_folder_test\2022\Photos\Sony A7 II\12_December\09\A7I07823.JPG
2026-04-24 10:49:28  INFO      core.mover  MOVE  C:\Users\sippa\Desktop\photo_test - test run\A7I07826.JPG  =>  C:\Users\sippa\Desktop\destination_folder_test\2022\Photos\Sony A7 II\12_December\09\A7I07826.JPG
2026-04-24 10:49:28  INFO      core.mover  MOVE  C:\Users\sippa\Desktop\photo_test - test run\A7I07833.JPG  =>  C:\Users\sippa\Desktop\destination_folder_test\2022\Photos\Sony A7 II\12_December\09\A7I07833.JPG
2026-04-24 10:49:28  INFO      core.mover  MOVE  C:\Users\sippa\Desktop\photo_test - test run\A7I07835.JPG  =>  C:\Users\sippa\Desktop\destination_folder_test\2022\Photos\Sony A7 II\12_December\09\A7I07835.JPG
2026-04-24 10:49:28  INFO      core.mover  MOVE  C:\Users\sippa\Desktop\photo_test - test run\A7I07989.JPG  =>  C:\Users\sippa\Desktop\destination_folder_test\2022\Photos\Sony A7 II\12_December\09\A7I07989.JPG
2026-04-24 10:49:28  INFO      core.mover  MOVE  C:\Users\sippa\Desktop\photo_test - test run\C0322.MP4  =>  C:\Users\sippa\Desktop\destination_folder_test\2020\Videos\Panasonic Lumix\09_September\06\C0322.MP4
2026-04-24 10:49:28  INFO      core.mover  MOVE  C:\Users\sippa\Desktop\photo_test - test run\C0526.MP4  =>  C:\Users\sippa\Desktop\destination_folder_test\2020\Videos\Panasonic Lumix\12_December\04\C0526.MP4
2026-04-24 10:49:28  INFO      core.mover  MOVE  C:\Users\sippa\Desktop\photo_test - test run\C1640.MP4  =>  C:\Users\sippa\Desktop\destination_folder_test\2022\Videos\Panasonic Lumix\10_October\08\C1640.MP4
2026-04-24 10:49:28  INFO      core.mover  MOVE  C:\Users\sippa\Desktop\photo_test - test run\capture_29.png  =>  C:\Users\sippa\Desktop\destination_folder_test\2012\Photos\Unknown_Device\03_March\17\capture_29.png
2026-04-24 10:49:28  INFO      core.mover  MOVE  C:\Users\sippa\Desktop\photo_test - test run\complete_ver2_youtube.avi  =>  C:\Users\sippa\Desktop\destination_folder_test\2016\Videos\Unknown_Device\03_March\17\complete_ver2_youtube.avi
2026-04-24 10:49:28  INFO      core.mover  MOVE  C:\Users\sippa\Desktop\photo_test - test run\DJI_0890.JPG  =>  C:\Users\sippa\Desktop\destination_folder_test\2020\Photos\DJI Spark\12_December\31\DJI_0890.JPG
2026-04-24 10:49:28  INFO      core.mover  MOVE  C:\Users\sippa\Desktop\photo_test - test run\DJI_0891.JPG  =>  C:\Users\sippa\Desktop\destination_folder_test\2020\Photos\DJI Spark\12_December\31\DJI_0891.JPG
2026-04-24 10:49:28  INFO      core.mover  MOVE  C:\Users\sippa\Desktop\photo_test - test run\DJI_0892.JPG  =>  C:\Users\sippa\Desktop\destination_folder_test\2020\Photos\DJI Spark\12_December\31\DJI_0892.JPG
2026-04-24 10:49:28  INFO      core.mover  MOVE  C:\Users\sippa\Desktop\photo_test - test run\DJI_0914.MP4  =>  C:\Users\sippa\Desktop\destination_folder_test\2021\Videos\DJI Drone\01_January\10\DJI_0914.MP4
2026-04-24 10:49:28  INFO      core.mover  MOVE  C:\Users\sippa\Desktop\photo_test - test run\DJI_0959.JPG  =>  C:\Users\sippa\Desktop\destination_folder_test\2023\Photos\DJI Spark\01_January\21\DJI_0959.JPG
2026-04-24 10:49:28  INFO      core.mover  MOVE  C:\Users\sippa\Desktop\photo_test - test run\DJI_1292.MP4  =>  C:\Users\sippa\Desktop\destination_folder_test\2026\Videos\DJI Drone\04_April\13\DJI_1292.MP4
2026-04-24 10:49:28  INFO      core.mover  MOVE  C:\Users\sippa\Desktop\photo_test - test run\DJI_1295.JPG  =>  C:\Users\sippa\Desktop\destination_folder_test\2026\Photos\DJI Spark\04_April\13\DJI_1295.JPG
2026-04-24 10:49:28  INFO      core.mover  MOVE  C:\Users\sippa\Desktop\photo_test - test run\DJI_1296.JPG  =>  C:\Users\sippa\Desktop\destination_folder_test\2026\Photos\DJI Spark\04_April\13\DJI_1296.JPG
2026-04-24 10:49:28  INFO      core.mover  MOVE  C:\Users\sippa\Desktop\photo_test - test run\DSC00526.JPG  =>  C:\Users\sippa\Desktop\destination_folder_test\2015\Photos\SONY ILCE-5000\01_January\31\DSC00526.JPG
2026-04-24 10:49:28  INFO      core.mover  MOVE  C:\Users\sippa\Desktop\photo_test - test run\DSC00560.JPG  =>  C:\Users\sippa\Desktop\destination_folder_test\2015\Photos\SONY ILCE-5000\01_January\31\DSC00560.JPG
2026-04-24 10:49:28  INFO      core.mover  MOVE  C:\Users\sippa\Desktop\photo_test - test run\DSC00570.JPG  =>  C:\Users\sippa\Desktop\destination_folder_test\2015\Photos\SONY ILCE-5000\01_January\31\DSC00570.JPG
2026-04-24 10:49:28  INFO      core.mover  MOVE  C:\Users\sippa\Desktop\photo_test - test run\DSC00619.JPG  =>  C:\Users\sippa\Desktop\destination_folder_test\2015\Photos\SONY ILCE-5000\01_January\31\DSC00619.JPG
2026-04-24 10:49:28  INFO      core.mover  MOVE  C:\Users\sippa\Desktop\photo_test - test run\DSC00670.JPG  =>  C:\Users\sippa\Desktop\destination_folder_test\2015\Photos\SONY ILCE-5000\01_January\31\DSC00670.JPG
2026-04-24 10:49:28  INFO      core.mover  MOVE  C:\Users\sippa\Desktop\photo_test - test run\DSC02383.JPG  =>  C:\Users\sippa\Desktop\destination_folder_test\2023\Photos\Sony FDR-AX33\04_April\10\DSC02383.JPG
2026-04-24 10:49:28  INFO      core.mover  MOVE  C:\Users\sippa\Desktop\photo_test - test run\DSC02403.JPG  =>  C:\Users\sippa\Desktop\destination_folder_test\2023\Photos\Sony FDR-AX33\04_April\11\DSC02403.JPG
2026-04-24 10:49:28  INFO      core.mover  MOVE  C:\Users\sippa\Desktop\photo_test - test run\DSC02427.JPG  =>  C:\Users\sippa\Desktop\destination_folder_test\2023\Photos\Sony FDR-AX33\04_April\12\DSC02427.JPG
2026-04-24 10:49:28  INFO      core.mover  MOVE  C:\Users\sippa\Desktop\photo_test - test run\DSC02447.JPG  =>  C:\Users\sippa\Desktop\destination_folder_test\2023\Photos\Sony FDR-AX33\04_April\12\DSC02447.JPG
2026-04-24 10:49:28  INFO      core.mover  MOVE  C:\Users\sippa\Desktop\photo_test - test run\DSC02460.JPG  =>  C:\Users\sippa\Desktop\destination_folder_test\2023\Photos\Sony FDR-AX33\04_April\12\DSC02460.JPG
2026-04-24 10:49:28  INFO      core.mover  MOVE  C:\Users\sippa\Desktop\photo_test - test run\DSC02462.JPG  =>  C:\Users\sippa\Desktop\destination_folder_test\2023\Photos\Sony FDR-AX33\04_April\12\DSC02462.JPG
2026-04-24 10:49:28  INFO      core.mover  MOVE  C:\Users\sippa\Desktop\photo_test - test run\DSC07301.JPG  =>  C:\Users\sippa\Desktop\destination_folder_test\2014\Photos\SONY ILCE-5000\12_December\27\DSC07301.JPG
2026-04-24 10:49:28  INFO      core.mover  MOVE  C:\Users\sippa\Desktop\photo_test - test run\DSC07435.JPG  =>  C:\Users\sippa\Desktop\destination_folder_test\2014\Photos\SONY ILCE-5000\12_December\28\DSC07435.JPG
2026-04-24 10:49:28  INFO      core.mover  MOVE  C:\Users\sippa\Desktop\photo_test - test run\DSC07544.JPG  =>  C:\Users\sippa\Desktop\destination_folder_test\2014\Photos\SONY ILCE-5000\12_December\29\DSC07544.JPG
2026-04-24 10:49:28  INFO      core.mover  MOVE  C:\Users\sippa\Desktop\photo_test - test run\DSC07571.JPG  =>  C:\Users\sippa\Desktop\destination_folder_test\2014\Photos\SONY ILCE-5000\12_December\29\DSC07571.JPG
2026-04-24 10:49:28  INFO      core.mover  MOVE  C:\Users\sippa\Desktop\photo_test - test run\FB_IMG_1610886602794.jpg  =>  C:\Users\sippa\Desktop\destination_folder_test\2021\Photos\Facebook\01_January\17\FB_IMG_1610886602794.jpg
2026-04-24 10:49:28  INFO      core.mover  MOVE  C:\Users\sippa\Desktop\photo_test - test run\FB_IMG_1610978846038.jpg  =>  C:\Users\sippa\Desktop\destination_folder_test\2021\Photos\Facebook\01_January\18\FB_IMG_1610978846038.jpg
2026-04-24 10:49:28  INFO      core.mover  MOVE  C:\Users\sippa\Desktop\photo_test - test run\FB_IMG_1611486097513.jpg  =>  C:\Users\sippa\Desktop\destination_folder_test\2021\Photos\Facebook\01_January\24\FB_IMG_1611486097513.jpg
2026-04-24 10:49:28  INFO      core.mover  MOVE  C:\Users\sippa\Desktop\photo_test - test run\FB_IMG_1611898136859.jpg  =>  C:\Users\sippa\Desktop\destination_folder_test\2021\Photos\Facebook\01_January\29\FB_IMG_1611898136859.jpg
2026-04-24 10:49:28  INFO      core.mover  MOVE  C:\Users\sippa\Desktop\photo_test - test run\FB_IMG_1612071086257.jpg  =>  C:\Users\sippa\Desktop\destination_folder_test\2021\Photos\Facebook\01_January\31\FB_IMG_1612071086257.jpg
2026-04-24 10:49:28  INFO      core.mover  MOVE  C:\Users\sippa\Desktop\photo_test - test run\FB_IMG_1613374817091.jpg  =>  C:\Users\sippa\Desktop\destination_folder_test\2021\Photos\Facebook\02_February\15\FB_IMG_1613374817091.jpg
2026-04-24 10:49:28  INFO      core.mover  MOVE  C:\Users\sippa\Desktop\photo_test - test run\FB_IMG_1613999273542.jpg  =>  C:\Users\sippa\Desktop\destination_folder_test\2021\Photos\Facebook\02_February\22\FB_IMG_1613999273542.jpg
2026-04-24 10:49:28  INFO      core.mover  MOVE  C:\Users\sippa\Desktop\photo_test - test run\FB_IMG_1614128489222.jpg  =>  C:\Users\sippa\Desktop\destination_folder_test\2021\Photos\Facebook\02_February\24\FB_IMG_1614128489222.jpg
2026-04-24 10:49:28  INFO      core.mover  MOVE  C:\Users\sippa\Desktop\photo_test - test run\FB_IMG_1614495158485.jpg  =>  C:\Users\sippa\Desktop\destination_folder_test\2021\Photos\Facebook\02_February\28\FB_IMG_1614495158485.jpg
2026-04-24 10:49:28  INFO      core.mover  MOVE  C:\Users\sippa\Desktop\photo_test - test run\FB_IMG_1614771485590.jpg  =>  C:\Users\sippa\Desktop\destination_folder_test\2021\Photos\Facebook\03_March\03\FB_IMG_1614771485590.jpg
2026-04-24 10:49:28  INFO      core.mover  MOVE  C:\Users\sippa\Desktop\photo_test - test run\FB_IMG_1614776237701.jpg  =>  C:\Users\sippa\Desktop\destination_folder_test\2021\Photos\Facebook\03_March\03\FB_IMG_1614776237701.jpg
2026-04-24 10:49:28  INFO      core.mover  MOVE  C:\Users\sippa\Desktop\photo_test - test run\FB_IMG_1614865539175.jpg  =>  C:\Users\sippa\Desktop\destination_folder_test\2021\Photos\Facebook\03_March\04\FB_IMG_1614865539175.jpg
2026-04-24 10:49:28  INFO      core.mover  MOVE  C:\Users\sippa\Desktop\photo_test - test run\FB_IMG_1614915905520.jpg  =>  C:\Users\sippa\Desktop\destination_folder_test\2021\Photos\Facebook\03_March\05\FB_IMG_1614915905520.jpg
2026-04-24 10:49:28  INFO      core.mover  MOVE  C:\Users\sippa\Desktop\photo_test - test run\FB_IMG_1615025595566.jpg  =>  C:\Users\sippa\Desktop\destination_folder_test\2021\Photos\Facebook\03_March\06\FB_IMG_1615025595566.jpg
2026-04-24 10:49:28  INFO      core.mover  MOVE  C:\Users\sippa\Desktop\photo_test - test run\FB_IMG_1615514453996.jpg  =>  C:\Users\sippa\Desktop\destination_folder_test\2021\Photos\Facebook\03_March\12\FB_IMG_1615514453996.jpg
2026-04-24 10:49:28  INFO      core.mover  MOVE  C:\Users\sippa\Desktop\photo_test - test run\FB_IMG_1615530520541.jpg  =>  C:\Users\sippa\Desktop\destination_folder_test\2021\Photos\Facebook\03_March\12\FB_IMG_1615530520541.jpg
2026-04-24 10:49:28  INFO      core.mover  MOVE  C:\Users\sippa\Desktop\photo_test - test run\FB_IMG_1615530528077.jpg  =>  C:\Users\sippa\Desktop\destination_folder_test\2021\Photos\Facebook\03_March\12\FB_IMG_1615530528077.jpg
2026-04-24 10:49:28  INFO      core.mover  MOVE  C:\Users\sippa\Desktop\photo_test - test run\FB_IMG_1615768292470.jpg  =>  C:\Users\sippa\Desktop\destination_folder_test\2021\Photos\Facebook\03_March\15\FB_IMG_1615768292470.jpg
2026-04-24 10:49:28  INFO      core.mover  MOVE  C:\Users\sippa\Desktop\photo_test - test run\FB_IMG_1615768294845.jpg  =>  C:\Users\sippa\Desktop\destination_folder_test\2021\Photos\Facebook\03_March\15\FB_IMG_1615768294845.jpg
2026-04-24 10:49:28  INFO      core.mover  MOVE  C:\Users\sippa\Desktop\photo_test - test run\FB_IMG_1615768296975.jpg  =>  C:\Users\sippa\Desktop\destination_folder_test\2021\Photos\Facebook\03_March\15\FB_IMG_1615768296975.jpg
2026-04-24 10:49:28  INFO      core.mover  MOVE  C:\Users\sippa\Desktop\photo_test - test run\FB_IMG_1615768299212.jpg  =>  C:\Users\sippa\Desktop\destination_folder_test\2021\Photos\Facebook\03_March\15\FB_IMG_1615768299212.jpg
2026-04-24 10:49:28  INFO      core.mover  MOVE  C:\Users\sippa\Desktop\photo_test - test run\FB_IMG_1615768301847.jpg  =>  C:\Users\sippa\Desktop\destination_folder_test\2021\Photos\Facebook\03_March\15\FB_IMG_1615768301847.jpg
2026-04-24 10:49:28  INFO      core.mover  MOVE  C:\Users\sippa\Desktop\photo_test - test run\FB_IMG_1615768305498.jpg  =>  C:\Users\sippa\Desktop\destination_folder_test\2021\Photos\Facebook\03_March\15\FB_IMG_1615768305498.jpg
2026-04-24 10:49:28  INFO      core.mover  MOVE  C:\Users\sippa\Desktop\photo_test - test run\FB_IMG_1616400261556.jpg  =>  C:\Users\sippa\Desktop\destination_folder_test\2021\Photos\Facebook\03_March\22\FB_IMG_1616400261556.jpg
2026-04-24 10:49:28  INFO      core.mover  MOVE  C:\Users\sippa\Desktop\photo_test - test run\FB_IMG_1616588202981.jpg  =>  C:\Users\sippa\Desktop\destination_folder_test\2021\Photos\Facebook\03_March\24\FB_IMG_1616588202981.jpg
2026-04-24 10:49:28  INFO      core.mover  MOVE  C:\Users\sippa\Desktop\photo_test - test run\FB_IMG_1616918172165.jpg  =>  C:\Users\sippa\Desktop\destination_folder_test\2021\Photos\Facebook\03_March\28\FB_IMG_1616918172165.jpg
2026-04-24 10:49:28  INFO      core.mover  MOVE  C:\Users\sippa\Desktop\photo_test - test run\FB_IMG_1616918175756.jpg  =>  C:\Users\sippa\Desktop\destination_folder_test\2021\Photos\Facebook\03_March\28\FB_IMG_1616918175756.jpg
2026-04-24 10:49:28  INFO      core.mover  MOVE  C:\Users\sippa\Desktop\photo_test - test run\FB_IMG_1618041578519.jpg  =>  C:\Users\sippa\Desktop\destination_folder_test\2021\Photos\Facebook\04_April\10\FB_IMG_1618041578519.jpg
2026-04-24 10:49:28  INFO      core.mover  MOVE  C:\Users\sippa\Desktop\photo_test - test run\FB_IMG_1618456115721.jpg  =>  C:\Users\sippa\Desktop\destination_folder_test\2021\Photos\Facebook\04_April\15\FB_IMG_1618456115721.jpg
2026-04-24 10:49:28  INFO      core.mover  MOVE  C:\Users\sippa\Desktop\photo_test - test run\FB_IMG_1618625350020.jpg  =>  C:\Users\sippa\Desktop\destination_folder_test\2021\Photos\Facebook\04_April\17\FB_IMG_1618625350020.jpg
2026-04-24 10:49:28  INFO      core.mover  MOVE  C:\Users\sippa\Desktop\photo_test - test run\FB_IMG_1618625355355.jpg  =>  C:\Users\sippa\Desktop\destination_folder_test\2021\Photos\Facebook\04_April\17\FB_IMG_1618625355355.jpg
2026-04-24 10:49:28  INFO      core.mover  MOVE  C:\Users\sippa\Desktop\photo_test - test run\FB_IMG_1618842604396.jpg  =>  C:\Users\sippa\Desktop\destination_folder_test\2021\Photos\Facebook\04_April\19\FB_IMG_1618842604396.jpg
2026-04-24 10:49:28  INFO      core.mover  MOVE  C:\Users\sippa\Desktop\photo_test - test run\FB_IMG_1618899721741.jpg  =>  C:\Users\sippa\Desktop\destination_folder_test\2021\Photos\Facebook\04_April\20\FB_IMG_1618899721741.jpg
2026-04-24 10:49:28  INFO      core.mover  MOVE  C:\Users\sippa\Desktop\photo_test - test run\FB_IMG_1619160306874.jpg  =>  C:\Users\sippa\Desktop\destination_folder_test\2021\Photos\Facebook\04_April\23\FB_IMG_1619160306874.jpg
2026-04-24 10:49:28  INFO      core.mover  MOVE  C:\Users\sippa\Desktop\photo_test - test run\FB_IMG_1619160312469.jpg  =>  C:\Users\sippa\Desktop\destination_folder_test\2021\Photos\Facebook\04_April\23\FB_IMG_1619160312469.jpg
2026-04-24 10:49:28  INFO      core.mover  MOVE  C:\Users\sippa\Desktop\photo_test - test run\FB_IMG_1619244251396.jpg  =>  C:\Users\sippa\Desktop\destination_folder_test\2021\Photos\Facebook\04_April\24\FB_IMG_1619244251396.jpg
2026-04-24 10:49:28  INFO      core.mover  MOVE  C:\Users\sippa\Desktop\photo_test - test run\FB_IMG_1619361153010.jpg  =>  C:\Users\sippa\Desktop\destination_folder_test\2021\Photos\Facebook\04_April\25\FB_IMG_1619361153010.jpg
2026-04-24 10:49:28  INFO      core.mover  MOVE  C:\Users\sippa\Desktop\photo_test - test run\FB_IMG_1619776600282.jpg  =>  C:\Users\sippa\Desktop\destination_folder_test\2021\Photos\Facebook\04_April\30\FB_IMG_1619776600282.jpg
2026-04-24 10:49:29  INFO      core.mover  MOVE  C:\Users\sippa\Desktop\photo_test - test run\FB_IMG_1619930641041.jpg  =>  C:\Users\sippa\Desktop\destination_folder_test\2021\Photos\Facebook\05_May\02\FB_IMG_1619930641041.jpg
2026-04-24 10:49:29  INFO      core.mover  MOVE  C:\Users\sippa\Desktop\photo_test - test run\FB_IMG_1619930660810.jpg  =>  C:\Users\sippa\Desktop\destination_folder_test\2021\Photos\Facebook\05_May\02\FB_IMG_1619930660810.jpg
2026-04-24 10:49:29  INFO      core.mover  MOVE  C:\Users\sippa\Desktop\photo_test - test run\FB_IMG_1619930685988.jpg  =>  C:\Users\sippa\Desktop\destination_folder_test\2021\Photos\Facebook\05_May\02\FB_IMG_1619930685988.jpg
2026-04-24 10:49:29  INFO      core.mover  MOVE  C:\Users\sippa\Desktop\photo_test - test run\FB_IMG_1619970194614.jpg  =>  C:\Users\sippa\Desktop\destination_folder_test\2021\Photos\Facebook\05_May\02\FB_IMG_1619970194614.jpg
2026-04-24 10:49:29  INFO      core.mover  MOVE  C:\Users\sippa\Desktop\photo_test - test run\FB_IMG_1620050153735.jpg  =>  C:\Users\sippa\Desktop\destination_folder_test\2021\Photos\Facebook\05_May\03\FB_IMG_1620050153735.jpg
2026-04-24 10:49:29  INFO      core.mover  MOVE  C:\Users\sippa\Desktop\photo_test - test run\FB_IMG_1620274269356.jpg  =>  C:\Users\sippa\Desktop\destination_folder_test\2021\Photos\Facebook\05_May\06\FB_IMG_1620274269356.jpg
2026-04-24 10:49:29  INFO      core.mover  MOVE  C:\Users\sippa\Desktop\photo_test - test run\FB_IMG_1620282147781.jpg  =>  C:\Users\sippa\Desktop\destination_folder_test\2021\Photos\Facebook\05_May\06\FB_IMG_1620282147781.jpg
2026-04-24 10:49:29  INFO      core.mover  MOVE  C:\Users\sippa\Desktop\photo_test - test run\FB_IMG_1620715456938.jpg  =>  C:\Users\sippa\Desktop\destination_folder_test\2021\Photos\Facebook\05_May\11\FB_IMG_1620715456938.jpg
2026-04-24 10:49:29  INFO      core.mover  MOVE  C:\Users\sippa\Desktop\photo_test - test run\FB_IMG_1620787788997.jpg  =>  C:\Users\sippa\Desktop\destination_folder_test\2021\Photos\Facebook\05_May\12\FB_IMG_1620787788997.jpg
2026-04-24 10:49:29  INFO      core.mover  MOVE  C:\Users\sippa\Desktop\photo_test - test run\FB_IMG_1620787803147.jpg  =>  C:\Users\sippa\Desktop\destination_folder_test\2021\Photos\Facebook\05_May\12\FB_IMG_1620787803147.jpg
2026-04-24 10:49:29  INFO      core.mover  MOVE  C:\Users\sippa\Desktop\photo_test - test run\FB_IMG_1621136854904.jpg  =>  C:\Users\sippa\Desktop\destination_folder_test\2021\Photos\Facebook\05_May\16\FB_IMG_1621136854904.jpg
2026-04-24 10:49:29  INFO      core.mover  MOVE  C:\Users\sippa\Desktop\photo_test - test run\FB_IMG_1621372923787.jpg  =>  C:\Users\sippa\Desktop\destination_folder_test\2021\Photos\Facebook\05_May\19\FB_IMG_1621372923787.jpg
2026-04-24 10:49:29  INFO      core.mover  MOVE  C:\Users\sippa\Desktop\photo_test - test run\FB_IMG_1621561840556.jpg  =>  C:\Users\sippa\Desktop\destination_folder_test\2021\Photos\Facebook\05_May\21\FB_IMG_1621561840556.jpg
2026-04-24 10:49:29  INFO      core.mover  MOVE  C:\Users\sippa\Desktop\photo_test - test run\FB_IMG_1621572203015.jpg  =>  C:\Users\sippa\Desktop\destination_folder_test\2021\Photos\Facebook\05_May\21\FB_IMG_1621572203015.jpg
2026-04-24 10:49:29  INFO      core.mover  MOVE  C:\Users\sippa\Desktop\photo_test - test run\FB_IMG_1621655594649.jpg  =>  C:\Users\sippa\Desktop\destination_folder_test\2021\Photos\Facebook\05_May\22\FB_IMG_1621655594649.jpg
2026-04-24 10:49:29  INFO      core.mover  MOVE  C:\Users\sippa\Desktop\photo_test - test run\FB_IMG_1621831348180.jpg  =>  C:\Users\sippa\Desktop\destination_folder_test\2021\Photos\Facebook\05_May\24\FB_IMG_1621831348180.jpg
2026-04-24 10:49:29  INFO      core.mover  MOVE  C:\Users\sippa\Desktop\photo_test - test run\FB_IMG_1621848499759.jpg  =>  C:\Users\sippa\Desktop\destination_folder_test\2021\Photos\Facebook\05_May\24\FB_IMG_1621848499759.jpg
2026-04-24 10:49:29  INFO      core.mover  MOVE  C:\Users\sippa\Desktop\photo_test - test run\FB_IMG_1622323782060.jpg  =>  C:\Users\sippa\Desktop\destination_folder_test\2021\Photos\Facebook\05_May\30\FB_IMG_1622323782060.jpg
2026-04-24 10:49:29  INFO      core.mover  MOVE  C:\Users\sippa\Desktop\photo_test - test run\FB_IMG_1622325473985.jpg  =>  C:\Users\sippa\Desktop\destination_folder_test\2021\Photos\Facebook\05_May\30\FB_IMG_1622325473985.jpg
2026-04-24 10:49:29  INFO      core.mover  MOVE  C:\Users\sippa\Desktop\photo_test - test run\FB_IMG_1622325644882.jpg  =>  C:\Users\sippa\Desktop\destination_folder_test\2021\Photos\Facebook\05_May\30\FB_IMG_1622325644882.jpg
2026-04-24 10:49:29  INFO      core.mover  MOVE  C:\Users\sippa\Desktop\photo_test - test run\FB_IMG_1622325738403.jpg  =>  C:\Users\sippa\Desktop\destination_folder_test\2021\Photos\Facebook\05_May\30\FB_IMG_1622325738403.jpg
2026-04-24 10:49:29  INFO      core.mover  MOVE  C:\Users\sippa\Desktop\photo_test - test run\FB_IMG_1622325841435.jpg  =>  C:\Users\sippa\Desktop\destination_folder_test\2021\Photos\Facebook\05_May\30\FB_IMG_1622325841435.jpg
2026-04-24 10:49:29  INFO      core.mover  MOVE  C:\Users\sippa\Desktop\photo_test - test run\FB_IMG_1622373136478.jpg  =>  C:\Users\sippa\Desktop\destination_folder_test\2021\Photos\Facebook\05_May\30\FB_IMG_1622373136478.jpg
2026-04-24 10:49:29  INFO      core.mover  MOVE  C:\Users\sippa\Desktop\photo_test - test run\FB_IMG_1622453947143.jpg  =>  C:\Users\sippa\Desktop\destination_folder_test\2021\Photos\Facebook\05_May\31\FB_IMG_1622453947143.jpg
2026-04-24 10:49:29  INFO      core.mover  MOVE  C:\Users\sippa\Desktop\photo_test - test run\FB_IMG_1622467885452.jpg  =>  C:\Users\sippa\Desktop\destination_folder_test\2021\Photos\Facebook\05_May\31\FB_IMG_1622467885452.jpg
2026-04-24 10:49:29  INFO      core.mover  MOVE  C:\Users\sippa\Desktop\photo_test - test run\FB_IMG_1622475212335.jpg  =>  C:\Users\sippa\Desktop\destination_folder_test\2021\Photos\Facebook\05_May\31\FB_IMG_1622475212335.jpg
2026-04-24 10:49:29  INFO      core.mover  MOVE  C:\Users\sippa\Desktop\photo_test - test run\FB_IMG_1622479508198.jpg  =>  C:\Users\sippa\Desktop\destination_folder_test\2021\Photos\Facebook\05_May\31\FB_IMG_1622479508198.jpg
2026-04-24 10:49:29  INFO      core.mover  MOVE  C:\Users\sippa\Desktop\photo_test - test run\FB_IMG_1622700007326.jpg  =>  C:\Users\sippa\Desktop\destination_folder_test\2021\Photos\Facebook\06_June\03\FB_IMG_1622700007326.jpg
2026-04-24 10:49:29  INFO      core.mover  MOVE  C:\Users\sippa\Desktop\photo_test - test run\FB_IMG_1622796590372.jpg  =>  C:\Users\sippa\Desktop\destination_folder_test\2021\Photos\Facebook\06_June\04\FB_IMG_1622796590372.jpg
2026-04-24 10:49:29  INFO      core.mover  MOVE  C:\Users\sippa\Desktop\photo_test - test run\FB_IMG_1622969411071.jpg  =>  C:\Users\sippa\Desktop\destination_folder_test\2021\Photos\Facebook\06_June\06\FB_IMG_1622969411071.jpg
2026-04-24 10:49:29  INFO      core.mover  MOVE  C:\Users\sippa\Desktop\photo_test - test run\FB_IMG_1623162319868.jpg  =>  C:\Users\sippa\Desktop\destination_folder_test\2021\Photos\Facebook\06_June\08\FB_IMG_1623162319868.jpg
2026-04-24 10:49:29  INFO      core.mover  MOVE  C:\Users\sippa\Desktop\photo_test - test run\FB_IMG_1623163565451.jpg  =>  C:\Users\sippa\Desktop\destination_folder_test\2021\Photos\Facebook\06_June\08\FB_IMG_1623163565451.jpg
2026-04-24 10:49:29  INFO      core.mover  MOVE  C:\Users\sippa\Desktop\photo_test - test run\FB_IMG_1623495191744.jpg  =>  C:\Users\sippa\Desktop\destination_folder_test\2021\Photos\Facebook\06_June\12\FB_IMG_1623495191744.jpg
2026-04-24 10:49:29  INFO      core.mover  MOVE  C:\Users\sippa\Desktop\photo_test - test run\FB_IMG_1623559632776.jpg  =>  C:\Users\sippa\Desktop\destination_folder_test\2021\Photos\Facebook\06_June\13\FB_IMG_1623559632776.jpg
2026-04-24 10:49:29  INFO      core.mover  MOVE  C:\Users\sippa\Desktop\photo_test - test run\FB_IMG_1623635637586.jpg  =>  C:\Users\sippa\Desktop\destination_folder_test\2021\Photos\Facebook\06_June\14\FB_IMG_1623635637586.jpg
2026-04-24 10:49:29  INFO      core.mover  MOVE  C:\Users\sippa\Desktop\photo_test - test run\FB_IMG_1623839764971.jpg  =>  C:\Users\sippa\Desktop\destination_folder_test\2021\Photos\Facebook\06_June\16\FB_IMG_1623839764971.jpg
2026-04-24 10:49:29  INFO      core.mover  MOVE  C:\Users\sippa\Desktop\photo_test - test run\FB_IMG_1623839819157.jpg  =>  C:\Users\sippa\Desktop\destination_folder_test\2021\Photos\Facebook\06_June\16\FB_IMG_1623839819157.jpg
2026-04-24 10:49:29  INFO      core.mover  MOVE  C:\Users\sippa\Desktop\photo_test - test run\FB_IMG_1623839838499.jpg  =>  C:\Users\sippa\Desktop\destination_folder_test\2021\Photos\Facebook\06_June\16\FB_IMG_1623839838499.jpg
2026-04-24 10:49:29  INFO      core.mover  MOVE  C:\Users\sippa\Desktop\photo_test - test run\FB_IMG_1623839841647.jpg  =>  C:\Users\sippa\Desktop\destination_folder_test\2021\Photos\Facebook\06_June\16\FB_IMG_1623839841647.jpg
2026-04-24 10:49:29  INFO      core.mover  MOVE  C:\Users\sippa\Desktop\photo_test - test run\FB_IMG_1623839844029.jpg  =>  C:\Users\sippa\Desktop\destination_folder_test\2021\Photos\Facebook\06_June\16\FB_IMG_1623839844029.jpg
2026-04-24 10:49:29  INFO      core.mover  MOVE  C:\Users\sippa\Desktop\photo_test - test run\FB_IMG_1623849478314.jpg  =>  C:\Users\sippa\Desktop\destination_folder_test\2021\Photos\Facebook\06_June\16\FB_IMG_1623849478314.jpg
2026-04-24 10:49:29  INFO      core.mover  MOVE  C:\Users\sippa\Desktop\photo_test - test run\FB_IMG_1624160483647.jpg  =>  C:\Users\sippa\Desktop\destination_folder_test\2021\Photos\Facebook\06_June\20\FB_IMG_1624160483647.jpg
2026-04-24 10:49:29  INFO      core.mover  MOVE  C:\Users\sippa\Desktop\photo_test - test run\FB_IMG_1624160492923.jpg  =>  C:\Users\sippa\Desktop\destination_folder_test\2021\Photos\Facebook\06_June\20\FB_IMG_1624160492923.jpg
2026-04-24 10:49:29  INFO      core.mover  MOVE  C:\Users\sippa\Desktop\photo_test - test run\FB_IMG_1624160527258.jpg  =>  C:\Users\sippa\Desktop\destination_folder_test\2021\Photos\Facebook\06_June\20\FB_IMG_1624160527258.jpg
2026-04-24 10:49:29  INFO      core.mover  MOVE  C:\Users\sippa\Desktop\photo_test - test run\FB_IMG_1624160549465.jpg  =>  C:\Users\sippa\Desktop\destination_folder_test\2021\Photos\Facebook\06_June\20\FB_IMG_1624160549465.jpg
2026-04-24 10:49:29  INFO      core.mover  MOVE  C:\Users\sippa\Desktop\photo_test - test run\FB_IMG_1624160569880.jpg  =>  C:\Users\sippa\Desktop\destination_folder_test\2021\Photos\Facebook\06_June\20\FB_IMG_1624160569880.jpg
2026-04-24 10:49:29  INFO      core.mover  MOVE  C:\Users\sippa\Desktop\photo_test - test run\FB_IMG_1624160602014.jpg  =>  C:\Users\sippa\Desktop\destination_folder_test\2021\Photos\Facebook\06_June\20\FB_IMG_1624160602014.jpg
2026-04-24 10:49:29  INFO      core.mover  MOVE  C:\Users\sippa\Desktop\photo_test - test run\FB_IMG_1624160630260.jpg  =>  C:\Users\sippa\Desktop\destination_folder_test\2021\Photos\Facebook\06_June\20\FB_IMG_1624160630260.jpg
2026-04-24 10:49:29  INFO      core.mover  MOVE  C:\Users\sippa\Desktop\photo_test - test run\FB_IMG_1624535578732.jpg  =>  C:\Users\sippa\Desktop\destination_folder_test\2021\Photos\Facebook\06_June\24\FB_IMG_1624535578732.jpg
2026-04-24 10:49:29  INFO      core.mover  MOVE  C:\Users\sippa\Desktop\photo_test - test run\FB_IMG_1624786704258.jpg  =>  C:\Users\sippa\Desktop\destination_folder_test\2021\Photos\Facebook\06_June\27\FB_IMG_1624786704258.jpg
2026-04-24 10:49:29  INFO      core.mover  MOVE  C:\Users\sippa\Desktop\photo_test - test run\FB_IMG_1624790461520.jpg  =>  C:\Users\sippa\Desktop\destination_folder_test\2021\Photos\Facebook\06_June\27\FB_IMG_1624790461520.jpg
2026-04-24 10:49:29  INFO      core.mover  MOVE  C:\Users\sippa\Desktop\photo_test - test run\FB_IMG_1625033732451.jpg  =>  C:\Users\sippa\Desktop\destination_folder_test\2021\Photos\Facebook\06_June\30\FB_IMG_1625033732451.jpg
2026-04-24 10:49:29  INFO      core.mover  MOVE  C:\Users\sippa\Desktop\photo_test - test run\FB_IMG_1625321076759.jpg  =>  C:\Users\sippa\Desktop\destination_folder_test\2021\Photos\Facebook\07_July\03\FB_IMG_1625321076759.jpg
2026-04-24 10:49:29  INFO      core.mover  MOVE  C:\Users\sippa\Desktop\photo_test - test run\FB_IMG_1625536762607.jpg  =>  C:\Users\sippa\Desktop\destination_folder_test\2021\Photos\Facebook\07_July\06\FB_IMG_1625536762607.jpg
2026-04-24 10:49:29  INFO      core.mover  MOVE  C:\Users\sippa\Desktop\photo_test - test run\FB_IMG_1625544499558.jpg  =>  C:\Users\sippa\Desktop\destination_folder_test\2021\Photos\Facebook\07_July\06\FB_IMG_1625544499558.jpg
2026-04-24 10:49:29  INFO      core.mover  MOVE  C:\Users\sippa\Desktop\photo_test - test run\FB_IMG_1625544562014.jpg  =>  C:\Users\sippa\Desktop\destination_folder_test\2021\Photos\Facebook\07_July\06\FB_IMG_1625544562014.jpg
2026-04-24 10:49:29  INFO      core.mover  MOVE  C:\Users\sippa\Desktop\photo_test - test run\FB_IMG_1625544571220.jpg  =>  C:\Users\sippa\Desktop\destination_folder_test\2021\Photos\Facebook\07_July\06\FB_IMG_1625544571220.jpg
2026-04-24 10:49:29  INFO      core.mover  MOVE  C:\Users\sippa\Desktop\photo_test - test run\FB_IMG_1625935802503.jpg  =>  C:\Users\sippa\Desktop\destination_folder_test\2021\Photos\Facebook\07_July\10\FB_IMG_1625935802503.jpg
2026-04-24 10:49:29  INFO      core.mover  MOVE  C:\Users\sippa\Desktop\photo_test - test run\FB_IMG_1625935933720.jpg  =>  C:\Users\sippa\Desktop\destination_folder_test\2021\Photos\Facebook\07_July\10\FB_IMG_1625935933720.jpg
2026-04-24 10:49:29  INFO      core.mover  MOVE  C:\Users\sippa\Desktop\photo_test - test run\FB_IMG_1626269564118.jpg  =>  C:\Users\sippa\Desktop\destination_folder_test\2021\Photos\Facebook\07_July\14\FB_IMG_1626269564118.jpg
2026-04-24 10:49:29  INFO      core.mover  MOVE  C:\Users\sippa\Desktop\photo_test - test run\FB_IMG_1627001269969.jpg  =>  C:\Users\sippa\Desktop\destination_folder_test\2021\Photos\Facebook\07_July\23\FB_IMG_1627001269969.jpg
2026-04-24 10:49:29  INFO      core.mover  MOVE  C:\Users\sippa\Desktop\photo_test - test run\FB_IMG_1627116435630.jpg  =>  C:\Users\sippa\Desktop\destination_folder_test\2021\Photos\Facebook\07_July\24\FB_IMG_1627116435630.jpg
2026-04-24 10:49:29  INFO      core.mover  MOVE  C:\Users\sippa\Desktop\photo_test - test run\FB_IMG_1627188818970.jpg  =>  C:\Users\sippa\Desktop\destination_folder_test\2021\Photos\Facebook\07_July\25\FB_IMG_1627188818970.jpg
2026-04-24 10:49:29  INFO      core.mover  MOVE  C:\Users\sippa\Desktop\photo_test - test run\FB_IMG_1627268756737.jpg  =>  C:\Users\sippa\Desktop\destination_folder_test\2021\Photos\Facebook\07_July\26\FB_IMG_1627268756737.jpg
2026-04-24 10:49:29  INFO      core.mover  MOVE  C:\Users\sippa\Desktop\photo_test - test run\FB_IMG_1627817381582.jpg  =>  C:\Users\sippa\Desktop\destination_folder_test\2021\Photos\Facebook\08_August\01\FB_IMG_1627817381582.jpg
2026-04-24 10:49:29  INFO      core.mover  MOVE  C:\Users\sippa\Desktop\photo_test - test run\FB_IMG_1628006103025.jpg  =>  C:\Users\sippa\Desktop\destination_folder_test\2021\Photos\Facebook\08_August\03\FB_IMG_1628006103025.jpg
2026-04-24 10:49:29  INFO      core.mover  MOVE  C:\Users\sippa\Desktop\photo_test - test run\FB_IMG_1628006105692.jpg  =>  C:\Users\sippa\Desktop\destination_folder_test\2021\Photos\Facebook\08_August\03\FB_IMG_1628006105692.jpg
2026-04-24 10:49:29  INFO      core.mover  MOVE  C:\Users\sippa\Desktop\photo_test - test run\FB_IMG_1628006108037.jpg  =>  C:\Users\sippa\Desktop\destination_folder_test\2021\Photos\Facebook\08_August\03\FB_IMG_1628006108037.jpg
2026-04-24 10:49:29  INFO      core.mover  MOVE  C:\Users\sippa\Desktop\photo_test - test run\FB_IMG_1628528842615.jpg  =>  C:\Users\sippa\Desktop\destination_folder_test\2021\Photos\Facebook\08_August\10\FB_IMG_1628528842615.jpg
2026-04-24 10:49:29  INFO      core.mover  MOVE  C:\Users\sippa\Desktop\photo_test - test run\FB_IMG_1628737607591.jpg  =>  C:\Users\sippa\Desktop\destination_folder_test\2021\Photos\Facebook\08_August\12\FB_IMG_1628737607591.jpg
2026-04-24 10:49:29  INFO      core.mover  MOVE  C:\Users\sippa\Desktop\photo_test - test run\FB_IMG_1628816749698.jpg  =>  C:\Users\sippa\Desktop\destination_folder_test\2021\Photos\Facebook\08_August\13\FB_IMG_1628816749698.jpg
2026-04-24 10:49:29  INFO      core.mover  MOVE  C:\Users\sippa\Desktop\photo_test - test run\FB_IMG_1628865732905.jpg  =>  C:\Users\sippa\Desktop\destination_folder_test\2021\Photos\Facebook\08_August\13\FB_IMG_1628865732905.jpg
2026-04-24 10:49:29  INFO      core.mover  MOVE  C:\Users\sippa\Desktop\photo_test - test run\FB_IMG_1628868302500.jpg  =>  C:\Users\sippa\Desktop\destination_folder_test\2021\Photos\Facebook\08_August\13\FB_IMG_1628868302500.jpg
2026-04-24 10:49:29  INFO      core.mover  MOVE  C:\Users\sippa\Desktop\photo_test - test run\FB_IMG_1628913750818.jpg  =>  C:\Users\sippa\Desktop\destination_folder_test\2021\Photos\Facebook\08_August\14\FB_IMG_1628913750818.jpg
2026-04-24 10:49:29  INFO      core.mover  MOVE  C:\Users\sippa\Desktop\photo_test - test run\FB_IMG_1628917594131.jpg  =>  C:\Users\sippa\Desktop\destination_folder_test\2021\Photos\Facebook\08_August\14\FB_IMG_1628917594131.jpg
2026-04-24 10:49:29  INFO      core.mover  MOVE  C:\Users\sippa\Desktop\photo_test - test run\FB_IMG_1628917596504.jpg  =>  C:\Users\sippa\Desktop\destination_folder_test\2021\Photos\Facebook\08_August\14\FB_IMG_1628917596504.jpg
2026-04-24 10:49:29  INFO      core.mover  MOVE  C:\Users\sippa\Desktop\photo_test - test run\FB_IMG_1628917598590.jpg  =>  C:\Users\sippa\Desktop\destination_folder_test\2021\Photos\Facebook\08_August\14\FB_IMG_1628917598590.jpg
2026-04-24 10:49:29  INFO      core.mover  MOVE  C:\Users\sippa\Desktop\photo_test - test run\FB_IMG_1628917600969.jpg  =>  C:\Users\sippa\Desktop\destination_folder_test\2021\Photos\Facebook\08_August\14\FB_IMG_1628917600969.jpg
2026-04-24 10:49:29  INFO      core.mover  MOVE  C:\Users\sippa\Desktop\photo_test - test run\FB_IMG_1628917605042.jpg  =>  C:\Users\sippa\Desktop\destination_folder_test\2021\Photos\Facebook\08_August\14\FB_IMG_1628917605042.jpg
2026-04-24 10:49:29  INFO      core.mover  MOVE  C:\Users\sippa\Desktop\photo_test - test run\FB_IMG_1628917607465.jpg  =>  C:\Users\sippa\Desktop\destination_folder_test\2021\Photos\Facebook\08_August\14\FB_IMG_1628917607465.jpg
2026-04-24 10:49:29  INFO      core.mover  MOVE  C:\Users\sippa\Desktop\photo_test - test run\FB_IMG_1628985112639.jpg  =>  C:\Users\sippa\Desktop\destination_folder_test\2021\Photos\Facebook\08_August\15\FB_IMG_1628985112639.jpg
2026-04-24 10:49:29  INFO      core.mover  MOVE  C:\Users\sippa\Desktop\photo_test - test run\FB_IMG_1629611227433.jpg  =>  C:\Users\sippa\Desktop\destination_folder_test\2021\Photos\Facebook\08_August\22\FB_IMG_1629611227433.jpg
2026-04-24 10:49:29  INFO      core.mover  MOVE  C:\Users\sippa\Desktop\photo_test - test run\FB_IMG_1630376017799.jpg  =>  C:\Users\sippa\Desktop\destination_folder_test\2021\Photos\Facebook\08_August\31\FB_IMG_1630376017799.jpg
2026-04-24 10:49:29  INFO      core.mover  MOVE  C:\Users\sippa\Desktop\photo_test - test run\FB_IMG_1630378338646.jpg  =>  C:\Users\sippa\Desktop\destination_folder_test\2021\Photos\Facebook\08_August\31\FB_IMG_1630378338646.jpg
2026-04-24 10:49:29  INFO      core.mover  MOVE  C:\Users\sippa\Desktop\photo_test - test run\FB_IMG_1631425192265.jpg  =>  C:\Users\sippa\Desktop\destination_folder_test\2021\Photos\Facebook\09_September\12\FB_IMG_1631425192265.jpg
2026-04-24 10:49:29  INFO      core.mover  MOVE  C:\Users\sippa\Desktop\photo_test - test run\FB_IMG_1631906302246.jpg  =>  C:\Users\sippa\Desktop\destination_folder_test\2021\Photos\Facebook\09_September\18\FB_IMG_1631906302246.jpg
2026-04-24 10:49:29  INFO      core.mover  MOVE  C:\Users\sippa\Desktop\photo_test - test run\FB_IMG_1632441262440.jpg  =>  C:\Users\sippa\Desktop\destination_folder_test\2021\Photos\Facebook\09_September\24\FB_IMG_1632441262440.jpg
2026-04-24 10:49:29  INFO      core.mover  MOVE  C:\Users\sippa\Desktop\photo_test - test run\FB_IMG_1632754910486.jpg  =>  C:\Users\sippa\Desktop\destination_folder_test\2021\Photos\Facebook\09_September\27\FB_IMG_1632754910486.jpg
2026-04-24 10:49:29  INFO      core.mover  MOVE  C:\Users\sippa\Desktop\photo_test - test run\FB_IMG_1633418644449.jpg  =>  C:\Users\sippa\Desktop\destination_folder_test\2021\Photos\Facebook\10_October\05\FB_IMG_1633418644449.jpg
2026-04-24 10:49:29  INFO      core.mover  MOVE  C:\Users\sippa\Desktop\photo_test - test run\FB_IMG_1634438935238.jpg  =>  C:\Users\sippa\Desktop\destination_folder_test\2021\Photos\Facebook\10_October\17\FB_IMG_1634438935238.jpg
2026-04-24 10:49:29  INFO      core.mover  MOVE  C:\Users\sippa\Desktop\photo_test - test run\FB_IMG_1635790918796.jpg  =>  C:\Users\sippa\Desktop\destination_folder_test\2021\Photos\Facebook\11_November\02\FB_IMG_1635790918796.jpg
2026-04-24 10:49:29  INFO      core.mover  MOVE  C:\Users\sippa\Desktop\photo_test - test run\FB_IMG_1635790994295.jpg  =>  C:\Users\sippa\Desktop\destination_folder_test\2021\Photos\Facebook\11_November\02\FB_IMG_1635790994295.jpg
2026-04-24 10:49:29  INFO      core.mover  MOVE  C:\Users\sippa\Desktop\photo_test - test run\FB_IMG_1636647491309.jpg  =>  C:\Users\sippa\Desktop\destination_folder_test\2021\Photos\Facebook\11_November\11\FB_IMG_1636647491309.jpg
2026-04-24 10:49:29  INFO      core.mover  MOVE  C:\Users\sippa\Desktop\photo_test - test run\FB_IMG_1637159150973.jpg  =>  C:\Users\sippa\Desktop\destination_folder_test\2021\Photos\Facebook\11_November\17\FB_IMG_1637159150973.jpg
2026-04-24 10:49:29  INFO      core.mover  MOVE  C:\Users\sippa\Desktop\photo_test - test run\FB_IMG_1637159435061.jpg  =>  C:\Users\sippa\Desktop\destination_folder_test\2021\Photos\Facebook\11_November\17\FB_IMG_1637159435061.jpg
2026-04-24 10:49:29  INFO      core.mover  MOVE  C:\Users\sippa\Desktop\photo_test - test run\FB_IMG_1637231262467.jpg  =>  C:\Users\sippa\Desktop\destination_folder_test\2021\Photos\Facebook\11_November\18\FB_IMG_1637231262467.jpg
2026-04-24 10:49:29  INFO      core.mover  MOVE  C:\Users\sippa\Desktop\photo_test - test run\FB_IMG_1637504906304.jpg  =>  C:\Users\sippa\Desktop\destination_folder_test\2021\Photos\Facebook\11_November\21\FB_IMG_1637504906304.jpg
2026-04-24 10:49:29  INFO      core.mover  MOVE  C:\Users\sippa\Desktop\photo_test - test run\FB_IMG_1637980180374.jpg  =>  C:\Users\sippa\Desktop\destination_folder_test\2021\Photos\Facebook\11_November\27\FB_IMG_1637980180374.jpg
2026-04-24 10:49:29  INFO      core.mover  MOVE  C:\Users\sippa\Desktop\photo_test - test run\FB_IMG_1638679965982.jpg  =>  C:\Users\sippa\Desktop\destination_folder_test\2021\Photos\Facebook\12_December\05\FB_IMG_1638679965982.jpg
2026-04-24 10:49:29  INFO      core.mover  MOVE  C:\Users\sippa\Desktop\photo_test - test run\FB_IMG_1640288252972.jpg  =>  C:\Users\sippa\Desktop\destination_folder_test\2021\Photos\Facebook\12_December\24\FB_IMG_1640288252972.jpg
2026-04-24 10:49:29  INFO      core.mover  MOVE  C:\Users\sippa\Desktop\photo_test - test run\FB_IMG_1640514991849.jpg  =>  C:\Users\sippa\Desktop\destination_folder_test\2021\Photos\Facebook\12_December\26\FB_IMG_1640514991849.jpg
2026-04-24 10:49:29  INFO      core.mover  MOVE  C:\Users\sippa\Desktop\photo_test - test run\FB_IMG_1640855263846.jpg  =>  C:\Users\sippa\Desktop\destination_folder_test\2021\Photos\Facebook\12_December\30\FB_IMG_1640855263846.jpg
2026-04-24 10:49:29  INFO      core.mover  MOVE  C:\Users\sippa\Desktop\photo_test - test run\FB_IMG_1641445517930.jpg  =>  C:\Users\sippa\Desktop\destination_folder_test\2022\Photos\Facebook\01_January\06\FB_IMG_1641445517930.jpg
2026-04-24 10:49:29  INFO      core.mover  MOVE  C:\Users\sippa\Desktop\photo_test - test run\FB_IMG_1641704151198.jpg  =>  C:\Users\sippa\Desktop\destination_folder_test\2022\Photos\Facebook\01_January\09\FB_IMG_1641704151198.jpg
2026-04-24 10:49:29  INFO      core.mover  MOVE  C:\Users\sippa\Desktop\photo_test - test run\FB_IMG_1642410969667.jpg  =>  C:\Users\sippa\Desktop\destination_folder_test\2022\Photos\Facebook\01_January\17\FB_IMG_1642410969667.jpg
2026-04-24 10:49:29  INFO      core.mover  MOVE  C:\Users\sippa\Desktop\photo_test - test run\FB_IMG_1643434438784.jpg  =>  C:\Users\sippa\Desktop\destination_folder_test\2022\Photos\Facebook\01_January\29\FB_IMG_1643434438784.jpg
2026-04-24 10:49:29  INFO      core.mover  MOVE  C:\Users\sippa\Desktop\photo_test - test run\FB_IMG_1643816542993.jpg  =>  C:\Users\sippa\Desktop\destination_folder_test\2022\Photos\Facebook\02_February\02\FB_IMG_1643816542993.jpg
2026-04-24 10:49:29  INFO      core.mover  MOVE  C:\Users\sippa\Desktop\photo_test - test run\FB_IMG_1644695531344.jpg  =>  C:\Users\sippa\Desktop\destination_folder_test\2022\Photos\Facebook\02_February\13\FB_IMG_1644695531344.jpg
2026-04-24 10:49:29  INFO      core.mover  MOVE  C:\Users\sippa\Desktop\photo_test - test run\FB_IMG_1645109439095.jpg  =>  C:\Users\sippa\Desktop\destination_folder_test\2022\Photos\Facebook\02_February\17\FB_IMG_1645109439095.jpg
2026-04-24 10:49:29  INFO      core.mover  MOVE  C:\Users\sippa\Desktop\photo_test - test run\FB_IMG_1645716310134.jpg  =>  C:\Users\sippa\Desktop\destination_folder_test\2022\Photos\Facebook\02_February\24\FB_IMG_1645716310134.jpg
2026-04-24 10:49:29  INFO      core.mover  MOVE  C:\Users\sippa\Desktop\photo_test - test run\FB_IMG_1647058817455.jpg  =>  C:\Users\sippa\Desktop\destination_folder_test\2022\Photos\Facebook\03_March\12\FB_IMG_1647058817455.jpg
2026-04-24 10:49:29  INFO      core.mover  MOVE  C:\Users\sippa\Desktop\photo_test - test run\FB_IMG_1647085804573.jpg  =>  C:\Users\sippa\Desktop\destination_folder_test\2022\Photos\Facebook\03_March\12\FB_IMG_1647085804573.jpg
2026-04-24 10:49:29  INFO      core.mover  MOVE  C:\Users\sippa\Desktop\photo_test - test run\FB_IMG_1647745933134.jpg  =>  C:\Users\sippa\Desktop\destination_folder_test\2022\Photos\Facebook\03_March\20\FB_IMG_1647745933134.jpg
2026-04-24 10:49:29  INFO      core.mover  MOVE  C:\Users\sippa\Desktop\photo_test - test run\FB_IMG_1648009914551.jpg  =>  C:\Users\sippa\Desktop\destination_folder_test\2022\Photos\Facebook\03_March\23\FB_IMG_1648009914551.jpg
2026-04-24 10:49:29  INFO      core.mover  MOVE  C:\Users\sippa\Desktop\photo_test - test run\FB_IMG_1648009936992.jpg  =>  C:\Users\sippa\Desktop\destination_folder_test\2022\Photos\Facebook\03_March\23\FB_IMG_1648009936992.jpg
2026-04-24 10:49:29  INFO      core.mover  MOVE  C:\Users\sippa\Desktop\photo_test - test run\FB_IMG_1648444275397.jpg  =>  C:\Users\sippa\Desktop\destination_folder_test\2022\Photos\Facebook\03_March\28\FB_IMG_1648444275397.jpg
2026-04-24 10:49:29  INFO      core.mover  MOVE  C:\Users\sippa\Desktop\photo_test - test run\FB_IMG_1648444296132.jpg  =>  C:\Users\sippa\Desktop\destination_folder_test\2022\Photos\Facebook\03_March\28\FB_IMG_1648444296132.jpg
2026-04-24 10:49:29  INFO      core.mover  MOVE  C:\Users\sippa\Desktop\photo_test - test run\FB_IMG_1649934609426.jpg  =>  C:\Users\sippa\Desktop\destination_folder_test\2022\Photos\Facebook\04_April\14\FB_IMG_1649934609426.jpg
2026-04-24 10:49:29  INFO      core.mover  MOVE  C:\Users\sippa\Desktop\photo_test - test run\FB_IMG_1650216661518.jpg  =>  C:\Users\sippa\Desktop\destination_folder_test\2022\Photos\Facebook\04_April\18\FB_IMG_1650216661518.jpg
2026-04-24 10:49:29  INFO      core.mover  MOVE  C:\Users\sippa\Desktop\photo_test - test run\FB_IMG_1650468429353.jpg  =>  C:\Users\sippa\Desktop\destination_folder_test\2022\Photos\Facebook\04_April\20\FB_IMG_1650468429353.jpg
2026-04-24 10:49:29  INFO      core.mover  MOVE  C:\Users\sippa\Desktop\photo_test - test run\how_topsd-oom.jpg  =>  C:\Users\sippa\Desktop\destination_folder_test\2012\Photos\Unknown_Device\10_October\01\how_topsd-oom.jpg
2026-04-24 10:49:29  INFO      core.mover  MOVE  C:\Users\sippa\Desktop\photo_test - test run\Image2017-10-28_12-39-13.png  =>  C:\Users\sippa\Desktop\destination_folder_test\2017\Photos\Unknown_Device\10_October\28\Image2017-10-28_12-39-13.png
2026-04-24 10:49:29  INFO      core.mover  MOVE  C:\Users\sippa\Desktop\photo_test - test run\IMG_3698.JPG  =>  C:\Users\sippa\Desktop\destination_folder_test\2025\Photos\Canon EOS RP\04_April\15\IMG_3698.JPG
2026-04-24 10:49:29  INFO      core.mover  MOVE  C:\Users\sippa\Desktop\photo_test - test run\IMG_3740.JPG  =>  C:\Users\sippa\Desktop\destination_folder_test\2025\Photos\Canon EOS RP\04_April\15\IMG_3740.JPG
2026-04-24 10:49:29  INFO      core.mover  MOVE  C:\Users\sippa\Desktop\photo_test - test run\IMG_3741.JPG  =>  C:\Users\sippa\Desktop\destination_folder_test\2025\Photos\Canon EOS RP\04_April\15\IMG_3741.JPG
2026-04-24 10:49:30  INFO      core.mover  MOVE  C:\Users\sippa\Desktop\photo_test - test run\IMG_3750.JPG  =>  C:\Users\sippa\Desktop\destination_folder_test\2025\Photos\Canon EOS RP\04_April\15\IMG_3750.JPG
2026-04-24 10:49:30  INFO      core.mover  MOVE  C:\Users\sippa\Desktop\photo_test - test run\IMG_3751.JPG  =>  C:\Users\sippa\Desktop\destination_folder_test\2025\Photos\Canon EOS RP\04_April\15\IMG_3751.JPG
2026-04-24 10:49:30  INFO      core.mover  MOVE  C:\Users\sippa\Desktop\photo_test - test run\IMG_3759.JPG  =>  C:\Users\sippa\Desktop\destination_folder_test\2025\Photos\Canon EOS RP\04_April\15\IMG_3759.JPG
2026-04-24 10:49:30  INFO      core.mover  MOVE  C:\Users\sippa\Desktop\photo_test - test run\IMG_3760.JPG  =>  C:\Users\sippa\Desktop\destination_folder_test\2025\Photos\Canon EOS RP\04_April\15\IMG_3760.JPG
2026-04-24 10:49:30  INFO      core.mover  MOVE  C:\Users\sippa\Desktop\photo_test - test run\IMG_3849.JPG  =>  C:\Users\sippa\Desktop\destination_folder_test\2025\Photos\Canon EOS RP\04_April\15\IMG_3849.JPG
2026-04-24 10:49:30  INFO      core.mover  MOVE  C:\Users\sippa\Desktop\photo_test - test run\IMG_6410_0.jpg  =>  C:\Users\sippa\Desktop\destination_folder_test\2026\Photos\Canon EOS RP\02_February\06\IMG_6410_0.jpg
2026-04-24 10:49:30  INFO      core.mover  MOVE  C:\Users\sippa\Desktop\photo_test - test run\IMG_6411_0.jpg  =>  C:\Users\sippa\Desktop\destination_folder_test\2026\Photos\Canon EOS RP\02_February\06\IMG_6411_0.jpg
2026-04-24 10:49:30  INFO      core.mover  MOVE  C:\Users\sippa\Desktop\photo_test - test run\IMG_6412_0.jpg  =>  C:\Users\sippa\Desktop\destination_folder_test\2026\Photos\Canon EOS RP\02_February\06\IMG_6412_0.jpg
2026-04-24 10:49:30  INFO      core.mover  MOVE  C:\Users\sippa\Desktop\photo_test - test run\IMG_6414_0.jpg  =>  C:\Users\sippa\Desktop\destination_folder_test\2026\Photos\Canon EOS RP\02_February\06\IMG_6414_0.jpg
2026-04-24 10:49:30  INFO      core.mover  MOVE  C:\Users\sippa\Desktop\photo_test - test run\IMG_6429_0.jpg  =>  C:\Users\sippa\Desktop\destination_folder_test\2026\Photos\Canon EOS RP\02_February\06\IMG_6429_0.jpg
2026-04-24 10:49:30  INFO      core.mover  MOVE  C:\Users\sippa\Desktop\photo_test - test run\IMG_9472.JPG  =>  C:\Users\sippa\Desktop\destination_folder_test\2015\Photos\Apple iPad mini 1G\09_September\25\IMG_9472.JPG
2026-04-24 10:49:30  INFO      core.mover  MOVE  C:\Users\sippa\Desktop\photo_test - test run\IMG_9478.JPG  =>  C:\Users\sippa\Desktop\destination_folder_test\2015\Photos\Apple iPad mini 1G\09_September\26\IMG_9478.JPG
2026-04-24 10:49:30  INFO      core.mover  MOVE  C:\Users\sippa\Desktop\photo_test - test run\Jumping_Race_2017-07-28T123453+0000_E485DC.jpg  =>  C:\Users\sippa\Desktop\destination_folder_test\2017\Photos\Parrot Jumping Race\07_July\28\Jumping_Race_2017-07-28T123453+0000_E485DC.jpg
2026-04-24 10:49:30  INFO      core.mover  MOVE  C:\Users\sippa\Desktop\photo_test - test run\Jumping_Race_2017-07-28T123548+0000_DD4B51.jpg  =>  C:\Users\sippa\Desktop\destination_folder_test\2017\Photos\Parrot Jumping Race\07_July\28\Jumping_Race_2017-07-28T123548+0000_DD4B51.jpg
2026-04-24 10:49:30  INFO      core.mover  MOVE  C:\Users\sippa\Desktop\photo_test - test run\Jumping_Race_2017-07-28T123621+0000_C2F6AB.jpg  =>  C:\Users\sippa\Desktop\destination_folder_test\2017\Photos\Parrot Jumping Race\07_July\28\Jumping_Race_2017-07-28T123621+0000_C2F6AB.jpg
2026-04-24 10:49:30  INFO      core.mover  MOVE  C:\Users\sippa\Desktop\photo_test - test run\Jumping_Race_2017-08-20T155617+0000_69B95B.jpg  =>  C:\Users\sippa\Desktop\destination_folder_test\2017\Photos\Parrot Jumping Race\08_August\20\Jumping_Race_2017-08-20T155617+0000_69B95B.jpg
2026-04-24 10:49:30  INFO      core.mover  MOVE  C:\Users\sippa\Desktop\photo_test - test run\mom_gen.jpg  =>  C:\Users\sippa\Desktop\destination_folder_test\2012\Photos\Unknown_Device\01_January\19\mom_gen.jpg
2026-04-24 10:49:30  INFO      core.mover  MOVE  C:\Users\sippa\Desktop\photo_test - test run\oom profile pic.jpg  =>  C:\Users\sippa\Desktop\destination_folder_test\2012\Photos\SONY DSLR-A200\01_January\17\oom profile pic.jpg
2026-04-24 10:49:30  INFO      core.mover  MOVE  C:\Users\sippa\Desktop\photo_test - test run\oom racing profile.jpg  =>  C:\Users\sippa\Desktop\destination_folder_test\2012\Photos\Sony NEX-5N\12_December\06\oom racing profile.jpg
2026-04-24 10:49:30  INFO      core.mover  MOVE  C:\Users\sippa\Desktop\photo_test - test run\oom1.jpg  =>  C:\Users\sippa\Desktop\destination_folder_test\2007\Photos\Unknown_Device\11_November\16\oom1.jpg
2026-04-24 10:49:30  INFO      core.mover  MOVE  C:\Users\sippa\Desktop\photo_test - test run\oom2.jpg  =>  C:\Users\sippa\Desktop\destination_folder_test\2007\Photos\Unknown_Device\11_November\16\oom2.jpg
2026-04-24 10:49:30  INFO      core.mover  MOVE  C:\Users\sippa\Desktop\photo_test - test run\P2400145.JPG  =>  C:\Users\sippa\Desktop\destination_folder_test\2021\Photos\Panasonic GX85\03_March\19\P2400145.JPG
2026-04-24 10:49:30  INFO      core.mover  MOVE  C:\Users\sippa\Desktop\photo_test - test run\P2440732.JPG  =>  C:\Users\sippa\Desktop\destination_folder_test\2021\Photos\Panasonic GX85\06_June\15\P2440732.JPG
2026-04-24 10:49:30  INFO      core.mover  MOVE  C:\Users\sippa\Desktop\photo_test - test run\P2440733.JPG  =>  C:\Users\sippa\Desktop\destination_folder_test\2021\Photos\Panasonic GX85\06_June\15\P2440733.JPG
2026-04-24 10:49:30  INFO      core.mover  MOVE  C:\Users\sippa\Desktop\photo_test - test run\P2480116.JPG  =>  C:\Users\sippa\Desktop\destination_folder_test\2021\Photos\Panasonic GX85\07_July\24\P2480116.JPG
2026-04-24 10:49:30  INFO      core.mover  MOVE  C:\Users\sippa\Desktop\photo_test - test run\P2890961.JPG  =>  C:\Users\sippa\Desktop\destination_folder_test\2022\Photos\Panasonic GX85\09_September\30\P2890961.JPG
2026-04-24 10:49:30  INFO      core.mover  MOVE  C:\Users\sippa\Desktop\photo_test - test run\P2890962.JPG  =>  C:\Users\sippa\Desktop\destination_folder_test\2022\Photos\Panasonic GX85\09_September\30\P2890962.JPG
2026-04-24 10:49:30  INFO      core.mover  MOVE  C:\Users\sippa\Desktop\photo_test - test run\P2890963.JPG  =>  C:\Users\sippa\Desktop\destination_folder_test\2022\Photos\Panasonic GX85\09_September\30\P2890963.JPG
2026-04-24 10:49:30  INFO      core.mover  MOVE  C:\Users\sippa\Desktop\photo_test - test run\P4120847.JPG  =>  C:\Users\sippa\Desktop\destination_folder_test\2026\Photos\Panasonic GX85\02_February\04\P4120847.JPG
2026-04-24 10:49:30  INFO      core.mover  MOVE  C:\Users\sippa\Desktop\photo_test - test run\P4120848.JPG  =>  C:\Users\sippa\Desktop\destination_folder_test\2026\Photos\Panasonic GX85\02_February\04\P4120848.JPG
2026-04-24 10:49:30  INFO      core.mover  MOVE  C:\Users\sippa\Desktop\photo_test - test run\P4120858.JPG  =>  C:\Users\sippa\Desktop\destination_folder_test\2026\Photos\Panasonic GX85\02_February\04\P4120858.JPG
2026-04-24 10:49:30  INFO      core.mover  MOVE  C:\Users\sippa\Desktop\photo_test - test run\poster_all.jpg  =>  C:\Users\sippa\Desktop\destination_folder_test\2012\Photos\Unknown_Device\09_September\01\poster_all.jpg
2026-04-24 10:49:30  INFO      core.mover  MOVE  C:\Users\sippa\Desktop\photo_test - test run\poster_japan_new1.jpg  =>  C:\Users\sippa\Desktop\destination_folder_test\2012\Photos\Unknown_Device\08_August\15\poster_japan_new1.jpg
2026-04-24 10:49:30  INFO      core.mover  MOVE  C:\Users\sippa\Desktop\photo_test - test run\poster_send gift.jpg  =>  C:\Users\sippa\Desktop\destination_folder_test\2012\Photos\Unknown_Device\10_October\26\poster_send gift.jpg
2026-04-24 10:49:30  INFO      core.mover  MOVE  C:\Users\sippa\Desktop\photo_test - test run\Q11_55.jpg  =>  C:\Users\sippa\Desktop\destination_folder_test\2017\Photos\Unknown_Device\12_December\18\Q11_55.jpg
2026-04-24 10:49:30  INFO      core.mover  MOVE  C:\Users\sippa\Desktop\photo_test - test run\QR-oom ziggaza.png  =>  C:\Users\sippa\Desktop\destination_folder_test\2012\Photos\Unknown_Device\10_October\01\QR-oom ziggaza.png
2026-04-24 10:49:30  INFO      core.mover  MOVE  C:\Users\sippa\Desktop\photo_test - test run\Q_06_6.JPG  =>  C:\Users\sippa\Desktop\destination_folder_test\2017\Photos\Panasonic GX85\06_June\26\Q_06_6.JPG
2026-04-24 10:49:30  INFO      core.mover  MOVE  C:\Users\sippa\Desktop\photo_test - test run\Q_06_8.JPG  =>  C:\Users\sippa\Desktop\destination_folder_test\2017\Photos\Panasonic GX85\06_June\30\Q_06_8.JPG
2026-04-24 10:49:30  INFO      core.mover  MOVE  C:\Users\sippa\Desktop\photo_test - test run\Q_09_03.JPG  =>  C:\Users\sippa\Desktop\destination_folder_test\2017\Photos\Panasonic GX85\09_September\03\Q_09_03.JPG
2026-04-24 10:49:30  INFO      core.mover  MOVE  C:\Users\sippa\Desktop\photo_test - test run\Q_12_07.JPG  =>  C:\Users\sippa\Desktop\destination_folder_test\2017\Photos\Panasonic GX85\12_December\02\Q_12_07.JPG
2026-04-24 10:49:30  INFO      core.mover  MOVE  C:\Users\sippa\Desktop\photo_test - test run\Q_12_08.JPG  =>  C:\Users\sippa\Desktop\destination_folder_test\2017\Photos\Panasonic GX85\12_December\02\Q_12_08.JPG
2026-04-24 10:49:30  INFO      core.mover  MOVE  C:\Users\sippa\Desktop\photo_test - test run\test_drum_nano.mp4  =>  C:\Users\sippa\Desktop\destination_folder_test\2021\Videos\Unknown_Device\07_July\08\test_drum_nano.mp4
2026-04-24 10:49:30  INFO      core.mover  MOVE  C:\Users\sippa\Desktop\photo_test - test run\test_drum_nano_2.mp4  =>  C:\Users\sippa\Desktop\destination_folder_test\2021\Videos\Unknown_Device\07_July\08\test_drum_nano_2.mp4
2026-04-24 10:49:30  INFO      core.mover  MOVE  C:\Users\sippa\Desktop\photo_test - test run\ticker.jpg  =>  C:\Users\sippa\Desktop\destination_folder_test\2013\Photos\Sony NEX-5N\04_April\07\ticker.jpg
2026-04-24 10:49:30  INFO      core.mover  MOVE  C:\Users\sippa\Desktop\photo_test - test run\VID_165730512_193223_687.mp4  =>  C:\Users\sippa\Desktop\destination_folder_test\2019\Videos\Unknown_Device\11_November\13\VID_165730512_193223_687.mp4
2026-04-24 10:49:30  INFO      core.mover  MOVE  C:\Users\sippa\Desktop\photo_test - test run\VID_92500220_085013_366.mp4  =>  C:\Users\sippa\Desktop\destination_folder_test\2019\Videos\Unknown_Device\08_August\26\VID_92500220_085013_366.mp4
2026-04-24 10:49:30  INFO      core.mover  MOVE  C:\Users\sippa\Desktop\photo_test - test run\XPLB0292.JPG  =>  C:\Users\sippa\Desktop\destination_folder_test\2015\Photos\Apple iPad mini 1G\11_November\09\XPLB0292.JPG
2026-04-24 10:49:30  INFO      core.mover  MOVE  C:\Users\sippa\Desktop\photo_test - test run\ziggaza_cover4-stamp.jpg  =>  C:\Users\sippa\Desktop\destination_folder_test\2014\Photos\Unknown_Device\02_February\09\ziggaza_cover4-stamp.jpg
2026-04-24 10:49:30  INFO      core.mover  MOVE  C:\Users\sippa\Desktop\photo_test - test run\20221018 fence post\11218294-8ef0-481a-ae00-3fcc7e44b8c9.mp4  =>  C:\Users\sippa\Desktop\destination_folder_test\2022\Videos\Unknown_Device\10_October\17\11218294-8ef0-481a-ae00-3fcc7e44b8c9.mp4
2026-04-24 10:49:30  INFO      core.mover  MOVE  C:\Users\sippa\Desktop\photo_test - test run\20221018 fence post\1220777.jpg  =>  C:\Users\sippa\Desktop\destination_folder_test\2022\Photos\Unknown_Device\10_October\18\1220777.jpg
2026-04-24 10:49:30  INFO      core.mover  MOVE  C:\Users\sippa\Desktop\photo_test - test run\20221018 fence post\1222446.jpg  =>  C:\Users\sippa\Desktop\destination_folder_test\2022\Photos\Unknown_Device\10_October\18\1222446.jpg
2026-04-24 10:49:30  INFO      core.mover  MOVE  C:\Users\sippa\Desktop\photo_test - test run\20221018 fence post\1_10.30.53.avi  =>  C:\Users\sippa\Desktop\destination_folder_test\2022\Videos\Unknown_Device\10_October\18\1_10.30.53.avi
2026-04-24 10:49:30  INFO      core.mover  MOVE  C:\Users\sippa\Desktop\photo_test - test run\20221018 fence post\P2850539.JPG  =>  C:\Users\sippa\Desktop\destination_folder_test\2022\Photos\Panasonic GX85\09_September\03\P2850539.JPG
2026-04-24 10:49:30  INFO      core.mover  MOVE  C:\Users\sippa\Desktop\photo_test - test run\20221018 fence post\P2910198.JPG  =>  C:\Users\sippa\Desktop\destination_folder_test\2022\Photos\Panasonic GX85\10_October\02\P2910198.JPG
2026-04-24 10:49:30  INFO      core.mover  MOVE  C:\Users\sippa\Desktop\photo_test - test run\20221018 fence post\P2910199.JPG  =>  C:\Users\sippa\Desktop\destination_folder_test\2022\Photos\Panasonic GX85\10_October\02\P2910199.JPG
2026-04-24 10:49:30  INFO      core.mover  MOVE  C:\Users\sippa\Desktop\photo_test - test run\20221018 fence post\P2940040.JPG  =>  C:\Users\sippa\Desktop\destination_folder_test\2022\Photos\Panasonic GX85\10_October\15\P2940040.JPG
2026-04-24 10:49:30  INFO      core.mover  MOVE  C:\Users\sippa\Desktop\photo_test - test run\20221018 fence post\P2940069.JPG  =>  C:\Users\sippa\Desktop\destination_folder_test\2022\Photos\Panasonic GX85\10_October\15\P2940069.JPG
2026-04-24 10:49:30  INFO      core.mover  MOVE  C:\Users\sippa\Desktop\photo_test - test run\20221018 fence post\P2940074.JPG  =>  C:\Users\sippa\Desktop\destination_folder_test\2022\Photos\Panasonic GX85\10_October\15\P2940074.JPG
2026-04-24 10:49:30  INFO      core.mover  MOVE  C:\Users\sippa\Desktop\photo_test - test run\20221018 fence post\P2940113.JPG  =>  C:\Users\sippa\Desktop\destination_folder_test\2022\Photos\Panasonic GX85\10_October\15\P2940113.JPG
2026-04-24 10:49:30  INFO      core.mover  MOVE  C:\Users\sippa\Desktop\photo_test - test run\20221018 fence post\P2940130.JPG  =>  C:\Users\sippa\Desktop\destination_folder_test\2022\Photos\Panasonic GX85\10_October\15\P2940130.JPG
2026-04-24 10:49:30  INFO      core.mover  MOVE  C:\Users\sippa\Desktop\photo_test - test run\20221018 fence post\P2940404.JPG  =>  C:\Users\sippa\Desktop\destination_folder_test\2022\Photos\Panasonic GX85\10_October\18\P2940404.JPG
2026-04-24 10:49:30  INFO      core.mover  MOVE  C:\Users\sippa\Desktop\photo_test - test run\20221018 fence post\P2940409.JPG  =>  C:\Users\sippa\Desktop\destination_folder_test\2022\Photos\Panasonic GX85\10_October\18\P2940409.JPG
2026-04-24 10:49:30  INFO      core.mover  MOVE  C:\Users\sippa\Desktop\photo_test - test run\20221018 fence post\Untitled.mp4  =>  C:\Users\sippa\Desktop\destination_folder_test\2022\Videos\Unknown_Device\10_October\18\Untitled.mp4
2026-04-24 10:49:30  INFO      core.mover  MOVE  C:\Users\sippa\Desktop\photo_test - test run\261_PANA\P2610449.MP4  =>  C:\Users\sippa\Desktop\destination_folder_test\2022\Videos\Panasonic Lumix\05_May\16\P2610449.MP4
2026-04-24 10:49:30  INFO      core.mover  MOVE  C:\Users\sippa\Desktop\photo_test - test run\261_PANA\P2610457.JPG  =>  C:\Users\sippa\Desktop\destination_folder_test\2022\Photos\Panasonic GX85\05_May\16\P2610457.JPG
2026-04-24 10:49:30  INFO      core.mover  MOVE  C:\Users\sippa\Desktop\photo_test - test run\261_PANA\P2610467.JPG  =>  C:\Users\sippa\Desktop\destination_folder_test\2022\Photos\Panasonic GX85\05_May\16\P2610467.JPG
2026-04-24 10:49:30  INFO      core.mover  MOVE  C:\Users\sippa\Desktop\photo_test - test run\261_PANA\P2610477.JPG  =>  C:\Users\sippa\Desktop\destination_folder_test\2022\Photos\Panasonic GX85\05_May\16\P2610477.JPG
2026-04-24 10:49:30  INFO      core.mover  MOVE  C:\Users\sippa\Desktop\photo_test - test run\261_PANA\P2610757.JPG  =>  C:\Users\sippa\Desktop\destination_folder_test\2022\Photos\Panasonic GX85\05_May\17\P2610757.JPG
2026-04-24 10:49:30  INFO      core.mover  MOVE  C:\Users\sippa\Desktop\photo_test - test run\261_PANA\P2610763.JPG  =>  C:\Users\sippa\Desktop\destination_folder_test\2022\Photos\Panasonic GX85\05_May\17\P2610763.JPG
2026-04-24 10:49:31  INFO      core.mover  MOVE  C:\Users\sippa\Desktop\photo_test - test run\261_PANA\P2610764.JPG  =>  C:\Users\sippa\Desktop\destination_folder_test\2022\Photos\Panasonic GX85\05_May\17\P2610764.JPG
2026-04-24 10:49:31  INFO      core.mover  MOVE  C:\Users\sippa\Desktop\photo_test - test run\261_PANA\P2610781.JPG  =>  C:\Users\sippa\Desktop\destination_folder_test\2022\Photos\Panasonic GX85\05_May\17\P2610781.JPG
2026-04-24 10:49:31  INFO      core.mover  MOVE  C:\Users\sippa\Desktop\photo_test - test run\324_PANA\P3240001.MP4  =>  C:\Users\sippa\Desktop\destination_folder_test\2023\Videos\Panasonic Lumix\04_April\15\P3240001.MP4
2026-04-24 10:49:31  INFO      core.mover  MOVE  C:\Users\sippa\Desktop\photo_test - test run\324_PANA\P3240015.JPG  =>  C:\Users\sippa\Desktop\destination_folder_test\2023\Photos\Panasonic GX85\04_April\15\P3240015.JPG
2026-04-24 10:49:31  INFO      core.mover  MOVE  C:\Users\sippa\Desktop\photo_test - test run\324_PANA\P3240020.JPG  =>  C:\Users\sippa\Desktop\destination_folder_test\2023\Photos\Panasonic GX85\04_April\15\P3240020.JPG
2026-04-24 10:49:31  INFO      core.mover  MOVE  C:\Users\sippa\Desktop\photo_test - test run\324_PANA\P3240025.JPG  =>  C:\Users\sippa\Desktop\destination_folder_test\2023\Photos\Panasonic GX85\04_April\15\P3240025.JPG
2026-04-24 10:49:31  INFO      core.mover  MOVE  C:\Users\sippa\Desktop\photo_test - test run\324_PANA\P3240026.JPG  =>  C:\Users\sippa\Desktop\destination_folder_test\2023\Photos\Panasonic GX85\04_April\15\P3240026.JPG
2026-04-24 10:49:31  INFO      core.mover  MOVE  C:\Users\sippa\Desktop\photo_test - test run\324_PANA\P3240357.JPG  =>  C:\Users\sippa\Desktop\destination_folder_test\2023\Photos\Panasonic GX85\04_April\17\P3240357.JPG
2026-04-24 10:49:31  INFO      core.mover  MOVE  C:\Users\sippa\Desktop\photo_test - test run\324_PANA\P3240366.JPG  =>  C:\Users\sippa\Desktop\destination_folder_test\2023\Photos\Panasonic GX85\04_April\17\P3240366.JPG
2026-04-24 10:49:31  INFO      core.mover  MOVE  C:\Users\sippa\Desktop\photo_test - test run\324_PANA\P3240715.JPG  =>  C:\Users\sippa\Desktop\destination_folder_test\2023\Photos\Panasonic GX85\04_April\23\P3240715.JPG
2026-04-24 10:49:31  INFO      core.mover  MOVE  C:\Users\sippa\Desktop\photo_test - test run\324_PANA\P3240716.JPG  =>  C:\Users\sippa\Desktop\destination_folder_test\2023\Photos\Panasonic GX85\04_April\23\P3240716.JPG
2026-04-24 10:49:31  INFO      core.mover  MOVE  C:\Users\sippa\Desktop\photo_test - test run\324_PANA\P3240854.JPG  =>  C:\Users\sippa\Desktop\destination_folder_test\2023\Photos\Panasonic GX85\04_April\29\P3240854.JPG
2026-04-24 10:49:31  INFO      core.mover  MOVE  C:\Users\sippa\Desktop\photo_test - test run\324_PANA\P3240856.JPG  =>  C:\Users\sippa\Desktop\destination_folder_test\2023\Photos\Panasonic GX85\04_April\29\P3240856.JPG
2026-04-24 10:49:31  INFO      core.mover  MOVE  C:\Users\sippa\Desktop\photo_test - test run\407_PANA\P4070462.MP4  =>  C:\Users\sippa\Desktop\destination_folder_test\2025\Videos\Panasonic Lumix\11_November\01\P4070462.MP4
2026-04-24 10:49:31  INFO      core.mover  MOVE  C:\Users\sippa\Desktop\photo_test - test run\407_PANA\P4070475.JPG  =>  C:\Users\sippa\Desktop\destination_folder_test\2025\Photos\Panasonic GX85\11_November\01\P4070475.JPG
2026-04-24 10:49:31  INFO      core.mover  MOVE  C:\Users\sippa\Desktop\photo_test - test run\407_PANA\P4070485.JPG  =>  C:\Users\sippa\Desktop\destination_folder_test\2025\Photos\Panasonic GX85\11_November\01\P4070485.JPG
2026-04-24 10:49:31  INFO      core.mover  MOVE  C:\Users\sippa\Desktop\photo_test - test run\407_PANA\P4070494.JPG  =>  C:\Users\sippa\Desktop\destination_folder_test\2025\Photos\Panasonic GX85\11_November\01\P4070494.JPG
2026-04-24 10:49:31  INFO      core.mover  MOVE  C:\Users\sippa\Desktop\photo_test - test run\407_PANA\P4070495.JPG  =>  C:\Users\sippa\Desktop\destination_folder_test\2025\Photos\Panasonic GX85\11_November\01\P4070495.JPG
2026-04-24 10:49:31  INFO      core.mover  MOVE  C:\Users\sippa\Desktop\photo_test - test run\407_PANA\P4070505.JPG  =>  C:\Users\sippa\Desktop\destination_folder_test\2025\Photos\Panasonic GX85\11_November\04\P4070505.JPG
2026-04-24 10:49:31  INFO      core.mover  MOVE  C:\Users\sippa\Desktop\photo_test - test run\407_PANA\P4070506.JPG  =>  C:\Users\sippa\Desktop\destination_folder_test\2025\Photos\Panasonic GX85\11_November\04\P4070506.JPG
2026-04-24 10:49:31  INFO      core.mover  MOVE  C:\Users\sippa\Desktop\photo_test - test run\407_PANA\P4070625.JPG  =>  C:\Users\sippa\Desktop\destination_folder_test\2025\Photos\Panasonic GX85\11_November\09\P4070625.JPG
2026-04-24 10:49:31  INFO      core.mover  MOVE  C:\Users\sippa\Desktop\photo_test - test run\407_PANA\P4070627.JPG  =>  C:\Users\sippa\Desktop\destination_folder_test\2025\Photos\Panasonic GX85\11_November\09\P4070627.JPG
2026-04-24 10:49:31  INFO      core.mover  MOVE  C:\Users\sippa\Desktop\photo_test - test run\407_PANA\P4070766.JPG  =>  C:\Users\sippa\Desktop\destination_folder_test\2025\Photos\Panasonic GX85\11_November\15\P4070766.JPG
2026-04-24 10:49:31  INFO      core.mover  MOVE  C:\Users\sippa\Desktop\photo_test - test run\407_PANA\P4070768.JPG  =>  C:\Users\sippa\Desktop\destination_folder_test\2025\Photos\Panasonic GX85\11_November\15\P4070768.JPG
2026-04-24 10:49:31  INFO      core.mover  MOVE  C:\Users\sippa\Desktop\photo_test - test run\Pyjamas\P2560373.JPG  =>  C:\Users\sippa\Desktop\destination_folder_test\2022\Photos\Panasonic GX85\02_February\23\P2560373.JPG
2026-04-24 10:49:31  INFO      core.mover  MOVE  C:\Users\sippa\Desktop\photo_test - test run\Pyjamas\P2560374.JPG  =>  C:\Users\sippa\Desktop\destination_folder_test\2022\Photos\Panasonic GX85\02_February\23\P2560374.JPG
2026-04-24 10:49:31  INFO      core.mover  MOVE  C:\Users\sippa\Desktop\photo_test - test run\Pyjamas\P2560375.JPG  =>  C:\Users\sippa\Desktop\destination_folder_test\2022\Photos\Panasonic GX85\02_February\23\P2560375.JPG
2026-04-24 10:49:31  INFO      core.mover  MOVE  C:\Users\sippa\Desktop\photo_test - test run\Pyjamas\P2560380.JPG  =>  C:\Users\sippa\Desktop\destination_folder_test\2022\Photos\Panasonic GX85\02_February\23\P2560380.JPG
2026-04-24 10:49:31  INFO      core.mover  MOVE  C:\Users\sippa\Desktop\photo_test - test run\Pyjamas\P2560382.JPG  =>  C:\Users\sippa\Desktop\destination_folder_test\2022\Photos\Panasonic GX85\02_February\23\P2560382.JPG
2026-04-24 10:49:31  INFO      core.mover  MOVE  C:\Users\sippa\Desktop\photo_test - test run\Pyjamas\P2560383.JPG  =>  C:\Users\sippa\Desktop\destination_folder_test\2022\Photos\Panasonic GX85\02_February\23\P2560383.JPG
2026-04-24 10:49:31  INFO      core.mover  MOVE  C:\Users\sippa\Desktop\photo_test - test run\Pyjamas\P2560393.JPG  =>  C:\Users\sippa\Desktop\destination_folder_test\2022\Photos\Panasonic GX85\02_February\23\P2560393.JPG
2026-04-24 10:49:31  INFO      core.mover  Done. moved=370 dupes=0 resumed=0 errors=0 elapsed=6.0s @ 62.0 files/s
2026-04-24 12:33:12  WARNING   exifread  PNG file does not have exif data.
2026-04-24 12:33:12  WARNING   exifread  PNG file does not have exif data.
2026-04-24 12:33:12  WARNING   exifread  PNG file does not have exif data.
2026-04-24 12:33:13  INFO      core.mover  DRY   C:\Users\sippa\Desktop\photo_test - test run\00003.MTS  =>  C:\Users\sippa\Desktop\destination_folder_test\2019\Videos\Sony AVCHD\08_August\08\00003.MTS
2026-04-24 12:33:13  INFO      core.mover  DRY   C:\Users\sippa\Desktop\photo_test - test run\00013.MTS  =>  C:\Users\sippa\Desktop\destination_folder_test\2014\Videos\Sony AVCHD\06_June\06\00013.MTS
2026-04-24 12:33:13  INFO      core.mover  DRY   C:\Users\sippa\Desktop\photo_test - test run\00073.MTS  =>  C:\Users\sippa\Desktop\destination_folder_test\2018\Videos\Sony AVCHD\09_September\20\00073.MTS
2026-04-24 12:33:13  INFO      core.mover  DRY   C:\Users\sippa\Desktop\photo_test - test run\00074.MTS  =>  C:\Users\sippa\Desktop\destination_folder_test\2018\Videos\Sony AVCHD\09_September\20\00074.MTS
2026-04-24 12:33:13  INFO      core.mover  DRY   C:\Users\sippa\Desktop\photo_test - test run\00081.MTS  =>  C:\Users\sippa\Desktop\destination_folder_test\2018\Videos\Sony AVCHD\09_September\22\00081.MTS
2026-04-24 12:33:13  INFO      core.mover  DRY   C:\Users\sippa\Desktop\photo_test - test run\1505891619099.jpg  =>  C:\Users\sippa\Desktop\destination_folder_test\2017\Photos\Unknown_Device\12_December\17\1505891619099.jpg
2026-04-24 12:33:13  INFO      core.mover  DRY   C:\Users\sippa\Desktop\photo_test - test run\1507032871478.jpg  =>  C:\Users\sippa\Desktop\destination_folder_test\2017\Photos\Unknown_Device\12_December\17\1507032871478.jpg
2026-04-24 12:33:13  INFO      core.mover  DRY   C:\Users\sippa\Desktop\photo_test - test run\1509169149018_fact_1.jpg  =>  C:\Users\sippa\Desktop\destination_folder_test\2017\Photos\Unknown_Device\10_October\28\1509169149018_fact_1.jpg
2026-04-24 12:33:13  INFO      core.mover  DRY   C:\Users\sippa\Desktop\photo_test - test run\1548945374710_fact_1.jpg  =>  C:\Users\sippa\Desktop\destination_folder_test\2019\Photos\Unknown_Device\01_January\31\1548945374710_fact_1.jpg
2026-04-24 12:33:13  INFO      core.mover  DRY   C:\Users\sippa\Desktop\photo_test - test run\20151219_155545.jpg  =>  C:\Users\sippa\Desktop\destination_folder_test\2015\Photos\Samsung Galaxy Note 4\12_December\19\20151219_155545.jpg
2026-04-24 12:33:13  INFO      core.mover  DRY   C:\Users\sippa\Desktop\photo_test - test run\20160530_195932.jpg  =>  C:\Users\sippa\Desktop\destination_folder_test\2016\Photos\Samsung Galaxy Note 4\05_May\30\20160530_195932.jpg
2026-04-24 12:33:13  INFO      core.mover  DRY   C:\Users\sippa\Desktop\photo_test - test run\20170828_192518.jpg  =>  C:\Users\sippa\Desktop\destination_folder_test\2017\Photos\Samsung Galaxy Note 4\08_August\28\20170828_192518.jpg
2026-04-24 12:33:13  INFO      core.mover  DRY   C:\Users\sippa\Desktop\photo_test - test run\20170828_222242.jpg  =>  C:\Users\sippa\Desktop\destination_folder_test\2017\Photos\Samsung Galaxy Note 4\08_August\28\20170828_222242.jpg
2026-04-24 12:33:13  INFO      core.mover  DRY   C:\Users\sippa\Desktop\photo_test - test run\20170903_163928.jpg  =>  C:\Users\sippa\Desktop\destination_folder_test\2017\Photos\Samsung Galaxy Note 4\09_September\03\20170903_163928.jpg
2026-04-24 12:33:13  INFO      core.mover  DRY   C:\Users\sippa\Desktop\photo_test - test run\20170903_194250.jpg  =>  C:\Users\sippa\Desktop\destination_folder_test\2017\Photos\Samsung Galaxy Note 4\09_September\03\20170903_194250.jpg
2026-04-24 12:33:13  INFO      core.mover  DRY   C:\Users\sippa\Desktop\photo_test - test run\20170903_194254.jpg  =>  C:\Users\sippa\Desktop\destination_folder_test\2017\Photos\Samsung Galaxy Note 4\09_September\03\20170903_194254.jpg
2026-04-24 12:33:13  INFO      core.mover  DRY   C:\Users\sippa\Desktop\photo_test - test run\20170909_182011.jpg  =>  C:\Users\sippa\Desktop\destination_folder_test\2017\Photos\Samsung Galaxy Note 4\09_September\09\20170909_182011.jpg
2026-04-24 12:33:13  INFO      core.mover  DRY   C:\Users\sippa\Desktop\photo_test - test run\20170909_182016.jpg  =>  C:\Users\sippa\Desktop\destination_folder_test\2017\Photos\Samsung Galaxy Note 4\09_September\09\20170909_182016.jpg
2026-04-24 12:33:13  INFO      core.mover  DRY   C:\Users\sippa\Desktop\photo_test - test run\20170910_134231.jpg  =>  C:\Users\sippa\Desktop\destination_folder_test\2017\Photos\Samsung Galaxy Note 4\09_September\10\20170910_134231.jpg
2026-04-24 12:33:13  INFO      core.mover  DRY   C:\Users\sippa\Desktop\photo_test - test run\20170913_193231.jpg  =>  C:\Users\sippa\Desktop\destination_folder_test\2017\Photos\Samsung Galaxy Note 4\09_September\13\20170913_193231.jpg
2026-04-24 12:33:13  INFO      core.mover  DRY   C:\Users\sippa\Desktop\photo_test - test run\20170913_193722.jpg  =>  C:\Users\sippa\Desktop\destination_folder_test\2017\Photos\Samsung Galaxy Note 4\09_September\13\20170913_193722.jpg
2026-04-24 12:33:13  INFO      core.mover  DRY   C:\Users\sippa\Desktop\photo_test - test run\20170914_082221.jpg  =>  C:\Users\sippa\Desktop\destination_folder_test\2017\Photos\Samsung Galaxy Note 4\09_September\14\20170914_082221.jpg
2026-04-24 12:33:13  INFO      core.mover  DRY   C:\Users\sippa\Desktop\photo_test - test run\20170918_210731.jpg  =>  C:\Users\sippa\Desktop\destination_folder_test\2017\Photos\Samsung Galaxy Note 4\09_September\18\20170918_210731.jpg
2026-04-24 12:33:13  INFO      core.mover  DRY   C:\Users\sippa\Desktop\photo_test - test run\20170920_091921.jpg  =>  C:\Users\sippa\Desktop\destination_folder_test\2017\Photos\Samsung Galaxy Note 4\09_September\20\20170920_091921.jpg
2026-04-24 12:33:13  INFO      core.mover  DRY   C:\Users\sippa\Desktop\photo_test - test run\20170920_183506.jpg  =>  C:\Users\sippa\Desktop\destination_folder_test\2017\Photos\Samsung Galaxy Note 4\09_September\20\20170920_183506.jpg
2026-04-24 12:33:13  INFO      core.mover  DRY   C:\Users\sippa\Desktop\photo_test - test run\20170922_070834.jpg  =>  C:\Users\sippa\Desktop\destination_folder_test\2017\Photos\Samsung Galaxy Note 4\09_September\22\20170922_070834.jpg
2026-04-24 12:33:13  INFO      core.mover  DRY   C:\Users\sippa\Desktop\photo_test - test run\20171214_232725.jpg  =>  C:\Users\sippa\Desktop\destination_folder_test\2017\Photos\Samsung Galaxy Note 8\12_December\14\20171214_232725.jpg
2026-04-24 12:33:13  INFO      core.mover  DRY   C:\Users\sippa\Desktop\photo_test - test run\20171215_084609.jpg  =>  C:\Users\sippa\Desktop\destination_folder_test\2017\Photos\Samsung Galaxy Note 8\12_December\15\20171215_084609.jpg
2026-04-24 12:33:13  INFO      core.mover  DRY   C:\Users\sippa\Desktop\photo_test - test run\20171215_131459.jpg  =>  C:\Users\sippa\Desktop\destination_folder_test\2017\Photos\Samsung Galaxy Note 8\12_December\15\20171215_131459.jpg
2026-04-24 12:33:13  INFO      core.mover  DRY   C:\Users\sippa\Desktop\photo_test - test run\20171216_075334.jpg  =>  C:\Users\sippa\Desktop\destination_folder_test\2017\Photos\Samsung Galaxy Note 8\12_December\16\20171216_075334.jpg
2026-04-24 12:33:13  INFO      core.mover  DRY   C:\Users\sippa\Desktop\photo_test - test run\20180106_131509.jpg  =>  C:\Users\sippa\Desktop\destination_folder_test\2018\Photos\Samsung Galaxy Note 8\01_January\06\20180106_131509.jpg
2026-04-24 12:33:13  INFO      core.mover  DRY   C:\Users\sippa\Desktop\photo_test - test run\20180107_163817.jpg  =>  C:\Users\sippa\Desktop\destination_folder_test\2018\Photos\Samsung Galaxy Note 8\01_January\07\20180107_163817.jpg
2026-04-24 12:33:13  INFO      core.mover  DRY   C:\Users\sippa\Desktop\photo_test - test run\20180108_094914.jpg  =>  C:\Users\sippa\Desktop\destination_folder_test\2018\Photos\Samsung Galaxy Note 8\01_January\08\20180108_094914.jpg
2026-04-24 12:33:13  INFO      core.mover  DRY   C:\Users\sippa\Desktop\photo_test - test run\20180108_094916.jpg  =>  C:\Users\sippa\Desktop\destination_folder_test\2018\Photos\Samsung Galaxy Note 8\01_January\08\20180108_094916.jpg
2026-04-24 12:33:13  INFO      core.mover  DRY   C:\Users\sippa\Desktop\photo_test - test run\20180112_185251.jpg  =>  C:\Users\sippa\Desktop\destination_folder_test\2018\Photos\Samsung Galaxy Note 8\01_January\12\20180112_185251.jpg
2026-04-24 12:33:13  INFO      core.mover  DRY   C:\Users\sippa\Desktop\photo_test - test run\20180120_125333.jpg  =>  C:\Users\sippa\Desktop\destination_folder_test\2018\Photos\Samsung Galaxy Note 8\01_January\20\20180120_125333.jpg
2026-04-24 12:33:13  INFO      core.mover  DRY   C:\Users\sippa\Desktop\photo_test - test run\20180120_125336.jpg  =>  C:\Users\sippa\Desktop\destination_folder_test\2018\Photos\Samsung Galaxy Note 8\01_January\20\20180120_125336.jpg
2026-04-24 12:33:13  INFO      core.mover  DRY   C:\Users\sippa\Desktop\photo_test - test run\20180304_182410.mp4  =>  C:\Users\sippa\Desktop\destination_folder_test\2018\Videos\Android Camera\03_March\04\20180304_182410.mp4
2026-04-24 12:33:13  INFO      core.mover  DRY   C:\Users\sippa\Desktop\photo_test - test run\20180310_175705.mp4  =>  C:\Users\sippa\Desktop\destination_folder_test\2018\Videos\Android Camera\03_March\10\20180310_175705.mp4
2026-04-24 12:33:13  INFO      core.mover  DRY   C:\Users\sippa\Desktop\photo_test - test run\20190131_075907.jpg  =>  C:\Users\sippa\Desktop\destination_folder_test\2019\Photos\samsung SM-G950F\01_January\31\20190131_075907.jpg
2026-04-24 12:33:13  INFO      core.mover  DRY   C:\Users\sippa\Desktop\photo_test - test run\20190201_135857.jpg  =>  C:\Users\sippa\Desktop\destination_folder_test\2019\Photos\samsung SM-G950F\02_February\01\20190201_135857.jpg
2026-04-24 12:33:13  INFO      core.mover  DRY   C:\Users\sippa\Desktop\photo_test - test run\20190206_172621.jpg  =>  C:\Users\sippa\Desktop\destination_folder_test\2019\Photos\samsung SM-G950F\02_February\06\20190206_172621.jpg
2026-04-24 12:33:13  INFO      core.mover  DRY   C:\Users\sippa\Desktop\photo_test - test run\20190208_172441.jpg  =>  C:\Users\sippa\Desktop\destination_folder_test\2019\Photos\samsung SM-G950F\02_February\08\20190208_172441.jpg
2026-04-24 12:33:13  INFO      core.mover  DRY   C:\Users\sippa\Desktop\photo_test - test run\20190214_161930.jpg  =>  C:\Users\sippa\Desktop\destination_folder_test\2019\Photos\samsung SM-G950F\02_February\14\20190214_161930.jpg
2026-04-24 12:33:13  INFO      core.mover  DRY   C:\Users\sippa\Desktop\photo_test - test run\20190228_131541.mp4  =>  C:\Users\sippa\Desktop\destination_folder_test\2019\Videos\Android Camera\02_February\28\20190228_131541.mp4
2026-04-24 12:33:13  INFO      core.mover  DRY   C:\Users\sippa\Desktop\photo_test - test run\20190420_153005.jpg  =>  C:\Users\sippa\Desktop\destination_folder_test\2019\Photos\samsung SM-G950F\04_April\20\20190420_153005.jpg
2026-04-24 12:33:13  INFO      core.mover  DRY   C:\Users\sippa\Desktop\photo_test - test run\20190420_153007.jpg  =>  C:\Users\sippa\Desktop\destination_folder_test\2019\Photos\samsung SM-G950F\04_April\20\20190420_153007.jpg
2026-04-24 12:33:14  INFO      core.mover  DRY   C:\Users\sippa\Desktop\photo_test - test run\20190420_181427.mp4  =>  C:\Users\sippa\Desktop\destination_folder_test\2019\Videos\Android Camera\04_April\20\20190420_181427.mp4
2026-04-24 12:33:14  INFO      core.mover  DRY   C:\Users\sippa\Desktop\photo_test - test run\20190422_105910.jpg  =>  C:\Users\sippa\Desktop\destination_folder_test\2019\Photos\samsung SM-G950F\04_April\22\20190422_105910.jpg
2026-04-24 12:33:14  INFO      core.mover  DRY   C:\Users\sippa\Desktop\photo_test - test run\20190422_105913.jpg  =>  C:\Users\sippa\Desktop\destination_folder_test\2019\Photos\samsung SM-G950F\04_April\22\20190422_105913.jpg
2026-04-24 12:33:14  INFO      core.mover  DRY   C:\Users\sippa\Desktop\photo_test - test run\20190424_134215.jpg  =>  C:\Users\sippa\Desktop\destination_folder_test\2019\Photos\samsung SM-G950F\04_April\24\20190424_134215.jpg
2026-04-24 12:33:14  INFO      core.mover  DRY   C:\Users\sippa\Desktop\photo_test - test run\20190425_154405.jpg  =>  C:\Users\sippa\Desktop\destination_folder_test\2019\Photos\samsung SM-G950F\04_April\25\20190425_154405.jpg
2026-04-24 12:33:14  INFO      core.mover  DRY   C:\Users\sippa\Desktop\photo_test - test run\20190625_170010.jpg  =>  C:\Users\sippa\Desktop\destination_folder_test\2019\Photos\samsung SM-G950F\06_June\25\20190625_170010.jpg
2026-04-24 12:33:14  INFO      core.mover  DRY   C:\Users\sippa\Desktop\photo_test - test run\20190708_080120.jpg  =>  C:\Users\sippa\Desktop\destination_folder_test\2019\Photos\samsung SM-G950F\07_July\08\20190708_080120.jpg
2026-04-24 12:33:14  INFO      core.mover  DRY   C:\Users\sippa\Desktop\photo_test - test run\20190712_071652.jpg  =>  C:\Users\sippa\Desktop\destination_folder_test\2019\Photos\samsung SM-G950F\07_July\12\20190712_071652.jpg
2026-04-24 12:33:14  INFO      core.mover  DRY   C:\Users\sippa\Desktop\photo_test - test run\20190718_081459.mp4  =>  C:\Users\sippa\Desktop\destination_folder_test\2019\Videos\Android Camera\07_July\18\20190718_081459.mp4
2026-04-24 12:33:14  INFO      core.mover  DRY   C:\Users\sippa\Desktop\photo_test - test run\20190722_122434.jpg  =>  C:\Users\sippa\Desktop\destination_folder_test\2019\Photos\samsung SM-G950F\07_July\22\20190722_122434.jpg
2026-04-24 12:33:14  INFO      core.mover  DRY   C:\Users\sippa\Desktop\photo_test - test run\20190723_075510.jpg  =>  C:\Users\sippa\Desktop\destination_folder_test\2019\Photos\samsung SM-G950F\07_July\23\20190723_075510.jpg
2026-04-24 12:33:14  INFO      core.mover  DRY   C:\Users\sippa\Desktop\photo_test - test run\20190723_221645.mp4  =>  C:\Users\sippa\Desktop\destination_folder_test\2019\Videos\Android Camera\07_July\23\20190723_221645.mp4
2026-04-24 12:33:14  INFO      core.mover  DRY   C:\Users\sippa\Desktop\photo_test - test run\20190728_075803.mp4  =>  C:\Users\sippa\Desktop\destination_folder_test\2019\Videos\Android Camera\07_July\28\20190728_075803.mp4
2026-04-24 12:33:14  INFO      core.mover  DRY   C:\Users\sippa\Desktop\photo_test - test run\20200213_094515.mp4  =>  C:\Users\sippa\Desktop\destination_folder_test\2020\Videos\Android Camera\02_February\13\20200213_094515.mp4
2026-04-24 12:33:14  INFO      core.mover  DRY   C:\Users\sippa\Desktop\photo_test - test run\20200227_081540.mp4  =>  C:\Users\sippa\Desktop\destination_folder_test\2020\Videos\Android Camera\02_February\27\20200227_081540.mp4
2026-04-24 12:33:14  INFO      core.mover  DRY   C:\Users\sippa\Desktop\photo_test - test run\20200624_193426.mp4  =>  C:\Users\sippa\Desktop\destination_folder_test\2020\Videos\Android Camera\06_June\24\20200624_193426.mp4
2026-04-24 12:33:14  INFO      core.mover  DRY   C:\Users\sippa\Desktop\photo_test - test run\20230730_170149.jpg  =>  C:\Users\sippa\Desktop\destination_folder_test\2023\Photos\Samsung Galaxy Note 8\07_July\30\20230730_170149.jpg
2026-04-24 12:33:14  INFO      core.mover  DRY   C:\Users\sippa\Desktop\photo_test - test run\20230730_174024.jpg  =>  C:\Users\sippa\Desktop\destination_folder_test\2023\Photos\Samsung Galaxy Note 8\07_July\30\20230730_174024.jpg
2026-04-24 12:33:14  INFO      core.mover  DRY   C:\Users\sippa\Desktop\photo_test - test run\20230730_174030.jpg  =>  C:\Users\sippa\Desktop\destination_folder_test\2023\Photos\Samsung Galaxy Note 8\07_July\30\20230730_174030.jpg
2026-04-24 12:33:14  INFO      core.mover  DRY   C:\Users\sippa\Desktop\photo_test - test run\20230731_172322.mp4  =>  C:\Users\sippa\Desktop\destination_folder_test\2023\Videos\Android Camera\07_July\31\20230731_172322.mp4
2026-04-24 12:33:14  INFO      core.mover  DRY   C:\Users\sippa\Desktop\photo_test - test run\20260306_070840.jpg  =>  C:\Users\sippa\Desktop\destination_folder_test\2026\Photos\Samsung Galaxy S25 Ultra\03_March\06\20260306_070840.jpg
2026-04-24 12:33:14  INFO      core.mover  DRY   C:\Users\sippa\Desktop\photo_test - test run\20260306_070844.jpg  =>  C:\Users\sippa\Desktop\destination_folder_test\2026\Photos\Samsung Galaxy S25 Ultra\03_March\06\20260306_070844.jpg
2026-04-24 12:33:14  INFO      core.mover  DRY   C:\Users\sippa\Desktop\photo_test - test run\20260306_082037.jpg  =>  C:\Users\sippa\Desktop\destination_folder_test\2026\Photos\Samsung Galaxy S25 Ultra\03_March\06\20260306_082037.jpg
2026-04-24 12:33:14  INFO      core.mover  DRY   C:\Users\sippa\Desktop\photo_test - test run\20260306_082039.jpg  =>  C:\Users\sippa\Desktop\destination_folder_test\2026\Photos\Samsung Galaxy S25 Ultra\03_March\06\20260306_082039.jpg
2026-04-24 12:33:14  INFO      core.mover  DRY   C:\Users\sippa\Desktop\photo_test - test run\20260306_132126.jpg  =>  C:\Users\sippa\Desktop\destination_folder_test\2026\Photos\Samsung Galaxy S25 Ultra\03_March\06\20260306_132126.jpg
2026-04-24 12:33:14  INFO      core.mover  DRY   C:\Users\sippa\Desktop\photo_test - test run\20260306_132128.jpg  =>  C:\Users\sippa\Desktop\destination_folder_test\2026\Photos\Samsung Galaxy S25 Ultra\03_March\06\20260306_132128.jpg
2026-04-24 12:33:14  INFO      core.mover  DRY   C:\Users\sippa\Desktop\photo_test - test run\A7I07804.JPG  =>  C:\Users\sippa\Desktop\destination_folder_test\2022\Photos\Sony A7 II\12_December\09\A7I07804.JPG
2026-04-24 12:33:14  INFO      core.mover  DRY   C:\Users\sippa\Desktop\photo_test - test run\A7I07823.JPG  =>  C:\Users\sippa\Desktop\destination_folder_test\2022\Photos\Sony A7 II\12_December\09\A7I07823.JPG
2026-04-24 12:33:14  INFO      core.mover  DRY   C:\Users\sippa\Desktop\photo_test - test run\A7I07826.JPG  =>  C:\Users\sippa\Desktop\destination_folder_test\2022\Photos\Sony A7 II\12_December\09\A7I07826.JPG
2026-04-24 12:33:14  INFO      core.mover  DRY   C:\Users\sippa\Desktop\photo_test - test run\A7I07833.JPG  =>  C:\Users\sippa\Desktop\destination_folder_test\2022\Photos\Sony A7 II\12_December\09\A7I07833.JPG
2026-04-24 12:33:14  INFO      core.mover  DRY   C:\Users\sippa\Desktop\photo_test - test run\A7I07835.JPG  =>  C:\Users\sippa\Desktop\destination_folder_test\2022\Photos\Sony A7 II\12_December\09\A7I07835.JPG
2026-04-24 12:33:14  INFO      core.mover  DRY   C:\Users\sippa\Desktop\photo_test - test run\A7I07989.JPG  =>  C:\Users\sippa\Desktop\destination_folder_test\2022\Photos\Sony A7 II\12_December\09\A7I07989.JPG
2026-04-24 12:33:15  INFO      core.mover  DRY   C:\Users\sippa\Desktop\photo_test - test run\C0322.MP4  =>  C:\Users\sippa\Desktop\destination_folder_test\2020\Videos\Panasonic Lumix\09_September\06\C0322.MP4
2026-04-24 12:33:15  INFO      core.mover  DRY   C:\Users\sippa\Desktop\photo_test - test run\C0526.MP4  =>  C:\Users\sippa\Desktop\destination_folder_test\2020\Videos\Panasonic Lumix\12_December\04\C0526.MP4
2026-04-24 12:33:15  INFO      core.mover  DRY   C:\Users\sippa\Desktop\photo_test - test run\C1640.MP4  =>  C:\Users\sippa\Desktop\destination_folder_test\2022\Videos\Panasonic Lumix\10_October\08\C1640.MP4
2026-04-24 12:33:15  INFO      core.mover  DRY   C:\Users\sippa\Desktop\photo_test - test run\capture_29.png  =>  C:\Users\sippa\Desktop\destination_folder_test\2012\Photos\Unknown_Device\03_March\17\capture_29.png
2026-04-24 12:33:15  INFO      core.mover  DRY   C:\Users\sippa\Desktop\photo_test - test run\complete_ver2_youtube.avi  =>  C:\Users\sippa\Desktop\destination_folder_test\2016\Videos\Unknown_Device\03_March\17\complete_ver2_youtube.avi
2026-04-24 12:33:15  INFO      core.mover  DRY   C:\Users\sippa\Desktop\photo_test - test run\DJI_0890.JPG  =>  C:\Users\sippa\Desktop\destination_folder_test\2020\Photos\DJI Spark\12_December\31\DJI_0890.JPG
2026-04-24 12:33:15  INFO      core.mover  DRY   C:\Users\sippa\Desktop\photo_test - test run\DJI_0891.JPG  =>  C:\Users\sippa\Desktop\destination_folder_test\2020\Photos\DJI Spark\12_December\31\DJI_0891.JPG
2026-04-24 12:33:15  INFO      core.mover  DRY   C:\Users\sippa\Desktop\photo_test - test run\DJI_0892.JPG  =>  C:\Users\sippa\Desktop\destination_folder_test\2020\Photos\DJI Spark\12_December\31\DJI_0892.JPG
2026-04-24 12:33:15  INFO      core.mover  DRY   C:\Users\sippa\Desktop\photo_test - test run\DJI_0914.MP4  =>  C:\Users\sippa\Desktop\destination_folder_test\2021\Videos\DJI Drone\01_January\10\DJI_0914.MP4
2026-04-24 12:33:15  INFO      core.mover  DRY   C:\Users\sippa\Desktop\photo_test - test run\DJI_0959.JPG  =>  C:\Users\sippa\Desktop\destination_folder_test\2023\Photos\DJI Spark\01_January\21\DJI_0959.JPG
2026-04-24 12:33:15  INFO      core.mover  DRY   C:\Users\sippa\Desktop\photo_test - test run\DJI_1292.MP4  =>  C:\Users\sippa\Desktop\destination_folder_test\2026\Videos\DJI Drone\04_April\13\DJI_1292.MP4
2026-04-24 12:33:15  INFO      core.mover  DRY   C:\Users\sippa\Desktop\photo_test - test run\DJI_1295.JPG  =>  C:\Users\sippa\Desktop\destination_folder_test\2026\Photos\DJI Spark\04_April\13\DJI_1295.JPG
2026-04-24 12:33:15  INFO      core.mover  DRY   C:\Users\sippa\Desktop\photo_test - test run\DJI_1296.JPG  =>  C:\Users\sippa\Desktop\destination_folder_test\2026\Photos\DJI Spark\04_April\13\DJI_1296.JPG
2026-04-24 12:33:15  INFO      core.mover  DRY   C:\Users\sippa\Desktop\photo_test - test run\DSC00526.JPG  =>  C:\Users\sippa\Desktop\destination_folder_test\2015\Photos\SONY ILCE-5000\01_January\31\DSC00526.JPG
2026-04-24 12:33:15  INFO      core.mover  DRY   C:\Users\sippa\Desktop\photo_test - test run\DSC00560.JPG  =>  C:\Users\sippa\Desktop\destination_folder_test\2015\Photos\SONY ILCE-5000\01_January\31\DSC00560.JPG
2026-04-24 12:33:15  INFO      core.mover  DRY   C:\Users\sippa\Desktop\photo_test - test run\DSC00570.JPG  =>  C:\Users\sippa\Desktop\destination_folder_test\2015\Photos\SONY ILCE-5000\01_January\31\DSC00570.JPG
2026-04-24 12:33:15  INFO      core.mover  DRY   C:\Users\sippa\Desktop\photo_test - test run\DSC00619.JPG  =>  C:\Users\sippa\Desktop\destination_folder_test\2015\Photos\SONY ILCE-5000\01_January\31\DSC00619.JPG
2026-04-24 12:33:15  INFO      core.mover  DRY   C:\Users\sippa\Desktop\photo_test - test run\DSC00670.JPG  =>  C:\Users\sippa\Desktop\destination_folder_test\2015\Photos\SONY ILCE-5000\01_January\31\DSC00670.JPG
2026-04-24 12:33:15  INFO      core.mover  DRY   C:\Users\sippa\Desktop\photo_test - test run\DSC02383.JPG  =>  C:\Users\sippa\Desktop\destination_folder_test\2023\Photos\Sony FDR-AX33\04_April\10\DSC02383.JPG
2026-04-24 12:33:15  INFO      core.mover  DRY   C:\Users\sippa\Desktop\photo_test - test run\DSC02403.JPG  =>  C:\Users\sippa\Desktop\destination_folder_test\2023\Photos\Sony FDR-AX33\04_April\11\DSC02403.JPG
2026-04-24 12:33:15  INFO      core.mover  DRY   C:\Users\sippa\Desktop\photo_test - test run\DSC02427.JPG  =>  C:\Users\sippa\Desktop\destination_folder_test\2023\Photos\Sony FDR-AX33\04_April\12\DSC02427.JPG
2026-04-24 12:33:15  INFO      core.mover  DRY   C:\Users\sippa\Desktop\photo_test - test run\DSC02447.JPG  =>  C:\Users\sippa\Desktop\destination_folder_test\2023\Photos\Sony FDR-AX33\04_April\12\DSC02447.JPG
2026-04-24 12:33:15  INFO      core.mover  DRY   C:\Users\sippa\Desktop\photo_test - test run\DSC02460.JPG  =>  C:\Users\sippa\Desktop\destination_folder_test\2023\Photos\Sony FDR-AX33\04_April\12\DSC02460.JPG
2026-04-24 12:33:15  INFO      core.mover  DRY   C:\Users\sippa\Desktop\photo_test - test run\DSC02462.JPG  =>  C:\Users\sippa\Desktop\destination_folder_test\2023\Photos\Sony FDR-AX33\04_April\12\DSC02462.JPG
2026-04-24 12:33:15  INFO      core.mover  DRY   C:\Users\sippa\Desktop\photo_test - test run\DSC07301.JPG  =>  C:\Users\sippa\Desktop\destination_folder_test\2014\Photos\SONY ILCE-5000\12_December\27\DSC07301.JPG
2026-04-24 12:33:15  INFO      core.mover  DRY   C:\Users\sippa\Desktop\photo_test - test run\DSC07435.JPG  =>  C:\Users\sippa\Desktop\destination_folder_test\2014\Photos\SONY ILCE-5000\12_December\28\DSC07435.JPG
2026-04-24 12:33:15  INFO      core.mover  DRY   C:\Users\sippa\Desktop\photo_test - test run\DSC07544.JPG  =>  C:\Users\sippa\Desktop\destination_folder_test\2014\Photos\SONY ILCE-5000\12_December\29\DSC07544.JPG
2026-04-24 12:33:15  INFO      core.mover  DRY   C:\Users\sippa\Desktop\photo_test - test run\DSC07571.JPG  =>  C:\Users\sippa\Desktop\destination_folder_test\2014\Photos\SONY ILCE-5000\12_December\29\DSC07571.JPG
2026-04-24 12:33:15  INFO      core.mover  DRY   C:\Users\sippa\Desktop\photo_test - test run\FB_IMG_1610886602794.jpg  =>  C:\Users\sippa\Desktop\destination_folder_test\2021\Photos\Facebook\01_January\17\FB_IMG_1610886602794.jpg
2026-04-24 12:33:15  INFO      core.mover  DRY   C:\Users\sippa\Desktop\photo_test - test run\FB_IMG_1610978846038.jpg  =>  C:\Users\sippa\Desktop\destination_folder_test\2021\Photos\Facebook\01_January\18\FB_IMG_1610978846038.jpg
2026-04-24 12:33:15  INFO      core.mover  DRY   C:\Users\sippa\Desktop\photo_test - test run\FB_IMG_1611486097513.jpg  =>  C:\Users\sippa\Desktop\destination_folder_test\2021\Photos\Facebook\01_January\24\FB_IMG_1611486097513.jpg
2026-04-24 12:33:15  INFO      core.mover  DRY   C:\Users\sippa\Desktop\photo_test - test run\FB_IMG_1611898136859.jpg  =>  C:\Users\sippa\Desktop\destination_folder_test\2021\Photos\Facebook\01_January\29\FB_IMG_1611898136859.jpg
2026-04-24 12:33:15  INFO      core.mover  DRY   C:\Users\sippa\Desktop\photo_test - test run\FB_IMG_1612071086257.jpg  =>  C:\Users\sippa\Desktop\destination_folder_test\2021\Photos\Facebook\01_January\31\FB_IMG_1612071086257.jpg
2026-04-24 12:33:15  INFO      core.mover  DRY   C:\Users\sippa\Desktop\photo_test - test run\FB_IMG_1613374817091.jpg  =>  C:\Users\sippa\Desktop\destination_folder_test\2021\Photos\Facebook\02_February\15\FB_IMG_1613374817091.jpg
2026-04-24 12:33:15  INFO      core.mover  DRY   C:\Users\sippa\Desktop\photo_test - test run\FB_IMG_1613999273542.jpg  =>  C:\Users\sippa\Desktop\destination_folder_test\2021\Photos\Facebook\02_February\22\FB_IMG_1613999273542.jpg
2026-04-24 12:33:15  INFO      core.mover  DRY   C:\Users\sippa\Desktop\photo_test - test run\FB_IMG_1614128489222.jpg  =>  C:\Users\sippa\Desktop\destination_folder_test\2021\Photos\Facebook\02_February\24\FB_IMG_1614128489222.jpg
2026-04-24 12:33:15  INFO      core.mover  DRY   C:\Users\sippa\Desktop\photo_test - test run\FB_IMG_1614495158485.jpg  =>  C:\Users\sippa\Desktop\destination_folder_test\2021\Photos\Facebook\02_February\28\FB_IMG_1614495158485.jpg
2026-04-24 12:33:15  INFO      core.mover  DRY   C:\Users\sippa\Desktop\photo_test - test run\FB_IMG_1614771485590.jpg  =>  C:\Users\sippa\Desktop\destination_folder_test\2021\Photos\Facebook\03_March\03\FB_IMG_1614771485590.jpg
2026-04-24 12:33:15  INFO      core.mover  DRY   C:\Users\sippa\Desktop\photo_test - test run\FB_IMG_1614776237701.jpg  =>  C:\Users\sippa\Desktop\destination_folder_test\2021\Photos\Facebook\03_March\03\FB_IMG_1614776237701.jpg
2026-04-24 12:33:15  INFO      core.mover  DRY   C:\Users\sippa\Desktop\photo_test - test run\FB_IMG_1614865539175.jpg  =>  C:\Users\sippa\Desktop\destination_folder_test\2021\Photos\Facebook\03_March\04\FB_IMG_1614865539175.jpg
2026-04-24 12:33:15  INFO      core.mover  DRY   C:\Users\sippa\Desktop\photo_test - test run\FB_IMG_1614915905520.jpg  =>  C:\Users\sippa\Desktop\destination_folder_test\2021\Photos\Facebook\03_March\05\FB_IMG_1614915905520.jpg
2026-04-24 12:33:15  INFO      core.mover  DRY   C:\Users\sippa\Desktop\photo_test - test run\FB_IMG_1615025595566.jpg  =>  C:\Users\sippa\Desktop\destination_folder_test\2021\Photos\Facebook\03_March\06\FB_IMG_1615025595566.jpg
2026-04-24 12:33:15  INFO      core.mover  DRY   C:\Users\sippa\Desktop\photo_test - test run\FB_IMG_1615514453996.jpg  =>  C:\Users\sippa\Desktop\destination_folder_test\2021\Photos\Facebook\03_March\12\FB_IMG_1615514453996.jpg
2026-04-24 12:33:15  INFO      core.mover  DRY   C:\Users\sippa\Desktop\photo_test - test run\FB_IMG_1615530520541.jpg  =>  C:\Users\sippa\Desktop\destination_folder_test\2021\Photos\Facebook\03_March\12\FB_IMG_1615530520541.jpg
2026-04-24 12:33:15  INFO      core.mover  DRY   C:\Users\sippa\Desktop\photo_test - test run\FB_IMG_1615530528077.jpg  =>  C:\Users\sippa\Desktop\destination_folder_test\2021\Photos\Facebook\03_March\12\FB_IMG_1615530528077.jpg
2026-04-24 12:33:15  INFO      core.mover  DRY   C:\Users\sippa\Desktop\photo_test - test run\FB_IMG_1615768292470.jpg  =>  C:\Users\sippa\Desktop\destination_folder_test\2021\Photos\Facebook\03_March\15\FB_IMG_1615768292470.jpg
2026-04-24 12:33:15  INFO      core.mover  DRY   C:\Users\sippa\Desktop\photo_test - test run\FB_IMG_1615768294845.jpg  =>  C:\Users\sippa\Desktop\destination_folder_test\2021\Photos\Facebook\03_March\15\FB_IMG_1615768294845.jpg
2026-04-24 12:33:15  INFO      core.mover  DRY   C:\Users\sippa\Desktop\photo_test - test run\FB_IMG_1615768296975.jpg  =>  C:\Users\sippa\Desktop\destination_folder_test\2021\Photos\Facebook\03_March\15\FB_IMG_1615768296975.jpg
2026-04-24 12:33:15  INFO      core.mover  DRY   C:\Users\sippa\Desktop\photo_test - test run\FB_IMG_1615768299212.jpg  =>  C:\Users\sippa\Desktop\destination_folder_test\2021\Photos\Facebook\03_March\15\FB_IMG_1615768299212.jpg
2026-04-24 12:33:15  INFO      core.mover  DRY   C:\Users\sippa\Desktop\photo_test - test run\FB_IMG_1615768301847.jpg  =>  C:\Users\sippa\Desktop\destination_folder_test\2021\Photos\Facebook\03_March\15\FB_IMG_1615768301847.jpg
2026-04-24 12:33:15  INFO      core.mover  DRY   C:\Users\sippa\Desktop\photo_test - test run\FB_IMG_1615768305498.jpg  =>  C:\Users\sippa\Desktop\destination_folder_test\2021\Photos\Facebook\03_March\15\FB_IMG_1615768305498.jpg
2026-04-24 12:33:15  INFO      core.mover  DRY   C:\Users\sippa\Desktop\photo_test - test run\FB_IMG_1616400261556.jpg  =>  C:\Users\sippa\Desktop\destination_folder_test\2021\Photos\Facebook\03_March\22\FB_IMG_1616400261556.jpg
2026-04-24 12:33:15  INFO      core.mover  DRY   C:\Users\sippa\Desktop\photo_test - test run\FB_IMG_1616588202981.jpg  =>  C:\Users\sippa\Desktop\destination_folder_test\2021\Photos\Facebook\03_March\24\FB_IMG_1616588202981.jpg
2026-04-24 12:33:15  INFO      core.mover  DRY   C:\Users\sippa\Desktop\photo_test - test run\FB_IMG_1616918172165.jpg  =>  C:\Users\sippa\Desktop\destination_folder_test\2021\Photos\Facebook\03_March\28\FB_IMG_1616918172165.jpg
2026-04-24 12:33:15  INFO      core.mover  DRY   C:\Users\sippa\Desktop\photo_test - test run\FB_IMG_1616918175756.jpg  =>  C:\Users\sippa\Desktop\destination_folder_test\2021\Photos\Facebook\03_March\28\FB_IMG_1616918175756.jpg
2026-04-24 12:33:15  INFO      core.mover  DRY   C:\Users\sippa\Desktop\photo_test - test run\FB_IMG_1618041578519.jpg  =>  C:\Users\sippa\Desktop\destination_folder_test\2021\Photos\Facebook\04_April\10\FB_IMG_1618041578519.jpg
2026-04-24 12:33:15  INFO      core.mover  DRY   C:\Users\sippa\Desktop\photo_test - test run\FB_IMG_1618456115721.jpg  =>  C:\Users\sippa\Desktop\destination_folder_test\2021\Photos\Facebook\04_April\15\FB_IMG_1618456115721.jpg
2026-04-24 12:33:15  INFO      core.mover  DRY   C:\Users\sippa\Desktop\photo_test - test run\FB_IMG_1618625350020.jpg  =>  C:\Users\sippa\Desktop\destination_folder_test\2021\Photos\Facebook\04_April\17\FB_IMG_1618625350020.jpg
2026-04-24 12:33:15  INFO      core.mover  DRY   C:\Users\sippa\Desktop\photo_test - test run\FB_IMG_1618625355355.jpg  =>  C:\Users\sippa\Desktop\destination_folder_test\2021\Photos\Facebook\04_April\17\FB_IMG_1618625355355.jpg
2026-04-24 12:33:15  INFO      core.mover  DRY   C:\Users\sippa\Desktop\photo_test - test run\FB_IMG_1618842604396.jpg  =>  C:\Users\sippa\Desktop\destination_folder_test\2021\Photos\Facebook\04_April\19\FB_IMG_1618842604396.jpg
2026-04-24 12:33:15  INFO      core.mover  DRY   C:\Users\sippa\Desktop\photo_test - test run\FB_IMG_1618899721741.jpg  =>  C:\Users\sippa\Desktop\destination_folder_test\2021\Photos\Facebook\04_April\20\FB_IMG_1618899721741.jpg
2026-04-24 12:33:15  INFO      core.mover  DRY   C:\Users\sippa\Desktop\photo_test - test run\FB_IMG_1619160306874.jpg  =>  C:\Users\sippa\Desktop\destination_folder_test\2021\Photos\Facebook\04_April\23\FB_IMG_1619160306874.jpg
2026-04-24 12:33:15  INFO      core.mover  DRY   C:\Users\sippa\Desktop\photo_test - test run\FB_IMG_1619160312469.jpg  =>  C:\Users\sippa\Desktop\destination_folder_test\2021\Photos\Facebook\04_April\23\FB_IMG_1619160312469.jpg
2026-04-24 12:33:15  INFO      core.mover  DRY   C:\Users\sippa\Desktop\photo_test - test run\FB_IMG_1619244251396.jpg  =>  C:\Users\sippa\Desktop\destination_folder_test\2021\Photos\Facebook\04_April\24\FB_IMG_1619244251396.jpg
2026-04-24 12:33:15  INFO      core.mover  DRY   C:\Users\sippa\Desktop\photo_test - test run\FB_IMG_1619361153010.jpg  =>  C:\Users\sippa\Desktop\destination_folder_test\2021\Photos\Facebook\04_April\25\FB_IMG_1619361153010.jpg
2026-04-24 12:33:15  INFO      core.mover  DRY   C:\Users\sippa\Desktop\photo_test - test run\FB_IMG_1619776600282.jpg  =>  C:\Users\sippa\Desktop\destination_folder_test\2021\Photos\Facebook\04_April\30\FB_IMG_1619776600282.jpg
2026-04-24 12:33:16  INFO      core.mover  DRY   C:\Users\sippa\Desktop\photo_test - test run\FB_IMG_1619930641041.jpg  =>  C:\Users\sippa\Desktop\destination_folder_test\2021\Photos\Facebook\05_May\02\FB_IMG_1619930641041.jpg
2026-04-24 12:33:16  INFO      core.mover  DRY   C:\Users\sippa\Desktop\photo_test - test run\FB_IMG_1619930660810.jpg  =>  C:\Users\sippa\Desktop\destination_folder_test\2021\Photos\Facebook\05_May\02\FB_IMG_1619930660810.jpg
2026-04-24 12:33:16  INFO      core.mover  DRY   C:\Users\sippa\Desktop\photo_test - test run\FB_IMG_1619930685988.jpg  =>  C:\Users\sippa\Desktop\destination_folder_test\2021\Photos\Facebook\05_May\02\FB_IMG_1619930685988.jpg
2026-04-24 12:33:16  INFO      core.mover  DRY   C:\Users\sippa\Desktop\photo_test - test run\FB_IMG_1619970194614.jpg  =>  C:\Users\sippa\Desktop\destination_folder_test\2021\Photos\Facebook\05_May\02\FB_IMG_1619970194614.jpg
2026-04-24 12:33:16  INFO      core.mover  DRY   C:\Users\sippa\Desktop\photo_test - test run\FB_IMG_1620050153735.jpg  =>  C:\Users\sippa\Desktop\destination_folder_test\2021\Photos\Facebook\05_May\03\FB_IMG_1620050153735.jpg
2026-04-24 12:33:16  INFO      core.mover  DRY   C:\Users\sippa\Desktop\photo_test - test run\FB_IMG_1620274269356.jpg  =>  C:\Users\sippa\Desktop\destination_folder_test\2021\Photos\Facebook\05_May\06\FB_IMG_1620274269356.jpg
2026-04-24 12:33:16  INFO      core.mover  DRY   C:\Users\sippa\Desktop\photo_test - test run\FB_IMG_1620282147781.jpg  =>  C:\Users\sippa\Desktop\destination_folder_test\2021\Photos\Facebook\05_May\06\FB_IMG_1620282147781.jpg
2026-04-24 12:33:16  INFO      core.mover  DRY   C:\Users\sippa\Desktop\photo_test - test run\FB_IMG_1620715456938.jpg  =>  C:\Users\sippa\Desktop\destination_folder_test\2021\Photos\Facebook\05_May\11\FB_IMG_1620715456938.jpg
2026-04-24 12:33:16  INFO      core.mover  DRY   C:\Users\sippa\Desktop\photo_test - test run\FB_IMG_1620787788997.jpg  =>  C:\Users\sippa\Desktop\destination_folder_test\2021\Photos\Facebook\05_May\12\FB_IMG_1620787788997.jpg
2026-04-24 12:33:16  INFO      core.mover  DRY   C:\Users\sippa\Desktop\photo_test - test run\FB_IMG_1620787803147.jpg  =>  C:\Users\sippa\Desktop\destination_folder_test\2021\Photos\Facebook\05_May\12\FB_IMG_1620787803147.jpg
2026-04-24 12:33:16  INFO      core.mover  DRY   C:\Users\sippa\Desktop\photo_test - test run\FB_IMG_1621136854904.jpg  =>  C:\Users\sippa\Desktop\destination_folder_test\2021\Photos\Facebook\05_May\16\FB_IMG_1621136854904.jpg
2026-04-24 12:33:16  INFO      core.mover  DRY   C:\Users\sippa\Desktop\photo_test - test run\FB_IMG_1621372923787.jpg  =>  C:\Users\sippa\Desktop\destination_folder_test\2021\Photos\Facebook\05_May\19\FB_IMG_1621372923787.jpg
2026-04-24 12:33:16  INFO      core.mover  DRY   C:\Users\sippa\Desktop\photo_test - test run\FB_IMG_1621561840556.jpg  =>  C:\Users\sippa\Desktop\destination_folder_test\2021\Photos\Facebook\05_May\21\FB_IMG_1621561840556.jpg
2026-04-24 12:33:16  INFO      core.mover  DRY   C:\Users\sippa\Desktop\photo_test - test run\FB_IMG_1621572203015.jpg  =>  C:\Users\sippa\Desktop\destination_folder_test\2021\Photos\Facebook\05_May\21\FB_IMG_1621572203015.jpg
2026-04-24 12:33:16  INFO      core.mover  DRY   C:\Users\sippa\Desktop\photo_test - test run\FB_IMG_1621655594649.jpg  =>  C:\Users\sippa\Desktop\destination_folder_test\2021\Photos\Facebook\05_May\22\FB_IMG_1621655594649.jpg
2026-04-24 12:33:16  INFO      core.mover  DRY   C:\Users\sippa\Desktop\photo_test - test run\FB_IMG_1621831348180.jpg  =>  C:\Users\sippa\Desktop\destination_folder_test\2021\Photos\Facebook\05_May\24\FB_IMG_1621831348180.jpg
2026-04-24 12:33:16  INFO      core.mover  DRY   C:\Users\sippa\Desktop\photo_test - test run\FB_IMG_1621848499759.jpg  =>  C:\Users\sippa\Desktop\destination_folder_test\2021\Photos\Facebook\05_May\24\FB_IMG_1621848499759.jpg
2026-04-24 12:33:16  INFO      core.mover  DRY   C:\Users\sippa\Desktop\photo_test - test run\FB_IMG_1622323782060.jpg  =>  C:\Users\sippa\Desktop\destination_folder_test\2021\Photos\Facebook\05_May\30\FB_IMG_1622323782060.jpg
2026-04-24 12:33:16  INFO      core.mover  DRY   C:\Users\sippa\Desktop\photo_test - test run\FB_IMG_1622325473985.jpg  =>  C:\Users\sippa\Desktop\destination_folder_test\2021\Photos\Facebook\05_May\30\FB_IMG_1622325473985.jpg
2026-04-24 12:33:16  INFO      core.mover  DRY   C:\Users\sippa\Desktop\photo_test - test run\FB_IMG_1622325644882.jpg  =>  C:\Users\sippa\Desktop\destination_folder_test\2021\Photos\Facebook\05_May\30\FB_IMG_1622325644882.jpg
2026-04-24 12:33:16  INFO      core.mover  DRY   C:\Users\sippa\Desktop\photo_test - test run\FB_IMG_1622325738403.jpg  =>  C:\Users\sippa\Desktop\destination_folder_test\2021\Photos\Facebook\05_May\30\FB_IMG_1622325738403.jpg
2026-04-24 12:33:16  INFO      core.mover  DRY   C:\Users\sippa\Desktop\photo_test - test run\FB_IMG_1622325841435.jpg  =>  C:\Users\sippa\Desktop\destination_folder_test\2021\Photos\Facebook\05_May\30\FB_IMG_1622325841435.jpg
2026-04-24 12:33:16  INFO      core.mover  DRY   C:\Users\sippa\Desktop\photo_test - test run\FB_IMG_1622373136478.jpg  =>  C:\Users\sippa\Desktop\destination_folder_test\2021\Photos\Facebook\05_May\30\FB_IMG_1622373136478.jpg
2026-04-24 12:33:16  INFO      core.mover  DRY   C:\Users\sippa\Desktop\photo_test - test run\FB_IMG_1622453947143.jpg  =>  C:\Users\sippa\Desktop\destination_folder_test\2021\Photos\Facebook\05_May\31\FB_IMG_1622453947143.jpg
2026-04-24 12:33:16  INFO      core.mover  DRY   C:\Users\sippa\Desktop\photo_test - test run\FB_IMG_1622467885452.jpg  =>  C:\Users\sippa\Desktop\destination_folder_test\2021\Photos\Facebook\05_May\31\FB_IMG_1622467885452.jpg
2026-04-24 12:33:16  INFO      core.mover  DRY   C:\Users\sippa\Desktop\photo_test - test run\FB_IMG_1622475212335.jpg  =>  C:\Users\sippa\Desktop\destination_folder_test\2021\Photos\Facebook\05_May\31\FB_IMG_1622475212335.jpg
2026-04-24 12:33:16  INFO      core.mover  DRY   C:\Users\sippa\Desktop\photo_test - test run\FB_IMG_1622479508198.jpg  =>  C:\Users\sippa\Desktop\destination_folder_test\2021\Photos\Facebook\05_May\31\FB_IMG_1622479508198.jpg
2026-04-24 12:33:16  INFO      core.mover  DRY   C:\Users\sippa\Desktop\photo_test - test run\FB_IMG_1622700007326.jpg  =>  C:\Users\sippa\Desktop\destination_folder_test\2021\Photos\Facebook\06_June\03\FB_IMG_1622700007326.jpg
2026-04-24 12:33:16  INFO      core.mover  DRY   C:\Users\sippa\Desktop\photo_test - test run\FB_IMG_1622796590372.jpg  =>  C:\Users\sippa\Desktop\destination_folder_test\2021\Photos\Facebook\06_June\04\FB_IMG_1622796590372.jpg
2026-04-24 12:33:16  INFO      core.mover  DRY   C:\Users\sippa\Desktop\photo_test - test run\FB_IMG_1622969411071.jpg  =>  C:\Users\sippa\Desktop\destination_folder_test\2021\Photos\Facebook\06_June\06\FB_IMG_1622969411071.jpg
2026-04-24 12:33:16  INFO      core.mover  DRY   C:\Users\sippa\Desktop\photo_test - test run\FB_IMG_1623162319868.jpg  =>  C:\Users\sippa\Desktop\destination_folder_test\2021\Photos\Facebook\06_June\08\FB_IMG_1623162319868.jpg
2026-04-24 12:33:16  INFO      core.mover  DRY   C:\Users\sippa\Desktop\photo_test - test run\FB_IMG_1623163565451.jpg  =>  C:\Users\sippa\Desktop\destination_folder_test\2021\Photos\Facebook\06_June\08\FB_IMG_1623163565451.jpg
2026-04-24 12:33:16  INFO      core.mover  DRY   C:\Users\sippa\Desktop\photo_test - test run\FB_IMG_1623495191744.jpg  =>  C:\Users\sippa\Desktop\destination_folder_test\2021\Photos\Facebook\06_June\12\FB_IMG_1623495191744.jpg
2026-04-24 12:33:16  INFO      core.mover  DRY   C:\Users\sippa\Desktop\photo_test - test run\FB_IMG_1623559632776.jpg  =>  C:\Users\sippa\Desktop\destination_folder_test\2021\Photos\Facebook\06_June\13\FB_IMG_1623559632776.jpg
2026-04-24 12:33:16  INFO      core.mover  DRY   C:\Users\sippa\Desktop\photo_test - test run\FB_IMG_1623635637586.jpg  =>  C:\Users\sippa\Desktop\destination_folder_test\2021\Photos\Facebook\06_June\14\FB_IMG_1623635637586.jpg
2026-04-24 12:33:16  INFO      core.mover  DRY   C:\Users\sippa\Desktop\photo_test - test run\FB_IMG_1623839764971.jpg  =>  C:\Users\sippa\Desktop\destination_folder_test\2021\Photos\Facebook\06_June\16\FB_IMG_1623839764971.jpg
2026-04-24 12:33:16  INFO      core.mover  DRY   C:\Users\sippa\Desktop\photo_test - test run\FB_IMG_1623839819157.jpg  =>  C:\Users\sippa\Desktop\destination_folder_test\2021\Photos\Facebook\06_June\16\FB_IMG_1623839819157.jpg
2026-04-24 12:33:16  INFO      core.mover  DRY   C:\Users\sippa\Desktop\photo_test - test run\FB_IMG_1623839838499.jpg  =>  C:\Users\sippa\Desktop\destination_folder_test\2021\Photos\Facebook\06_June\16\FB_IMG_1623839838499.jpg
2026-04-24 12:33:16  INFO      core.mover  DRY   C:\Users\sippa\Desktop\photo_test - test run\FB_IMG_1623839841647.jpg  =>  C:\Users\sippa\Desktop\destination_folder_test\2021\Photos\Facebook\06_June\16\FB_IMG_1623839841647.jpg
2026-04-24 12:33:16  INFO      core.mover  DRY   C:\Users\sippa\Desktop\photo_test - test run\FB_IMG_1623839844029.jpg  =>  C:\Users\sippa\Desktop\destination_folder_test\2021\Photos\Facebook\06_June\16\FB_IMG_1623839844029.jpg
2026-04-24 12:33:16  INFO      core.mover  DRY   C:\Users\sippa\Desktop\photo_test - test run\FB_IMG_1623849478314.jpg  =>  C:\Users\sippa\Desktop\destination_folder_test\2021\Photos\Facebook\06_June\16\FB_IMG_1623849478314.jpg
2026-04-24 12:33:16  INFO      core.mover  DRY   C:\Users\sippa\Desktop\photo_test - test run\FB_IMG_1624160483647.jpg  =>  C:\Users\sippa\Desktop\destination_folder_test\2021\Photos\Facebook\06_June\20\FB_IMG_1624160483647.jpg
2026-04-24 12:33:16  INFO      core.mover  DRY   C:\Users\sippa\Desktop\photo_test - test run\FB_IMG_1624160492923.jpg  =>  C:\Users\sippa\Desktop\destination_folder_test\2021\Photos\Facebook\06_June\20\FB_IMG_1624160492923.jpg
2026-04-24 12:33:16  INFO      core.mover  DRY   C:\Users\sippa\Desktop\photo_test - test run\FB_IMG_1624160527258.jpg  =>  C:\Users\sippa\Desktop\destination_folder_test\2021\Photos\Facebook\06_June\20\FB_IMG_1624160527258.jpg
2026-04-24 12:33:16  INFO      core.mover  DRY   C:\Users\sippa\Desktop\photo_test - test run\FB_IMG_1624160549465.jpg  =>  C:\Users\sippa\Desktop\destination_folder_test\2021\Photos\Facebook\06_June\20\FB_IMG_1624160549465.jpg
2026-04-24 12:33:16  INFO      core.mover  DRY   C:\Users\sippa\Desktop\photo_test - test run\FB_IMG_1624160569880.jpg  =>  C:\Users\sippa\Desktop\destination_folder_test\2021\Photos\Facebook\06_June\20\FB_IMG_1624160569880.jpg
2026-04-24 12:33:16  INFO      core.mover  DRY   C:\Users\sippa\Desktop\photo_test - test run\FB_IMG_1624160602014.jpg  =>  C:\Users\sippa\Desktop\destination_folder_test\2021\Photos\Facebook\06_June\20\FB_IMG_1624160602014.jpg
2026-04-24 12:33:16  INFO      core.mover  DRY   C:\Users\sippa\Desktop\photo_test - test run\FB_IMG_1624160630260.jpg  =>  C:\Users\sippa\Desktop\destination_folder_test\2021\Photos\Facebook\06_June\20\FB_IMG_1624160630260.jpg
2026-04-24 12:33:16  INFO      core.mover  DRY   C:\Users\sippa\Desktop\photo_test - test run\FB_IMG_1624535578732.jpg  =>  C:\Users\sippa\Desktop\destination_folder_test\2021\Photos\Facebook\06_June\24\FB_IMG_1624535578732.jpg
2026-04-24 12:33:16  INFO      core.mover  DRY   C:\Users\sippa\Desktop\photo_test - test run\FB_IMG_1624786704258.jpg  =>  C:\Users\sippa\Desktop\destination_folder_test\2021\Photos\Facebook\06_June\27\FB_IMG_1624786704258.jpg
2026-04-24 12:33:16  INFO      core.mover  DRY   C:\Users\sippa\Desktop\photo_test - test run\FB_IMG_1624790461520.jpg  =>  C:\Users\sippa\Desktop\destination_folder_test\2021\Photos\Facebook\06_June\27\FB_IMG_1624790461520.jpg
2026-04-24 12:33:16  INFO      core.mover  DRY   C:\Users\sippa\Desktop\photo_test - test run\FB_IMG_1625033732451.jpg  =>  C:\Users\sippa\Desktop\destination_folder_test\2021\Photos\Facebook\06_June\30\FB_IMG_1625033732451.jpg
2026-04-24 12:33:16  INFO      core.mover  DRY   C:\Users\sippa\Desktop\photo_test - test run\FB_IMG_1625321076759.jpg  =>  C:\Users\sippa\Desktop\destination_folder_test\2021\Photos\Facebook\07_July\03\FB_IMG_1625321076759.jpg
2026-04-24 12:33:16  INFO      core.mover  DRY   C:\Users\sippa\Desktop\photo_test - test run\FB_IMG_1625536762607.jpg  =>  C:\Users\sippa\Desktop\destination_folder_test\2021\Photos\Facebook\07_July\06\FB_IMG_1625536762607.jpg
2026-04-24 12:33:16  INFO      core.mover  DRY   C:\Users\sippa\Desktop\photo_test - test run\FB_IMG_1625544499558.jpg  =>  C:\Users\sippa\Desktop\destination_folder_test\2021\Photos\Facebook\07_July\06\FB_IMG_1625544499558.jpg
2026-04-24 12:33:16  INFO      core.mover  DRY   C:\Users\sippa\Desktop\photo_test - test run\FB_IMG_1625544562014.jpg  =>  C:\Users\sippa\Desktop\destination_folder_test\2021\Photos\Facebook\07_July\06\FB_IMG_1625544562014.jpg
2026-04-24 12:33:16  INFO      core.mover  DRY   C:\Users\sippa\Desktop\photo_test - test run\FB_IMG_1625544571220.jpg  =>  C:\Users\sippa\Desktop\destination_folder_test\2021\Photos\Facebook\07_July\06\FB_IMG_1625544571220.jpg
2026-04-24 12:33:16  INFO      core.mover  DRY   C:\Users\sippa\Desktop\photo_test - test run\FB_IMG_1625935802503.jpg  =>  C:\Users\sippa\Desktop\destination_folder_test\2021\Photos\Facebook\07_July\10\FB_IMG_1625935802503.jpg
2026-04-24 12:33:16  INFO      core.mover  DRY   C:\Users\sippa\Desktop\photo_test - test run\FB_IMG_1625935933720.jpg  =>  C:\Users\sippa\Desktop\destination_folder_test\2021\Photos\Facebook\07_July\10\FB_IMG_1625935933720.jpg
2026-04-24 12:33:16  INFO      core.mover  DRY   C:\Users\sippa\Desktop\photo_test - test run\FB_IMG_1626269564118.jpg  =>  C:\Users\sippa\Desktop\destination_folder_test\2021\Photos\Facebook\07_July\14\FB_IMG_1626269564118.jpg
2026-04-24 12:33:16  INFO      core.mover  DRY   C:\Users\sippa\Desktop\photo_test - test run\FB_IMG_1627001269969.jpg  =>  C:\Users\sippa\Desktop\destination_folder_test\2021\Photos\Facebook\07_July\23\FB_IMG_1627001269969.jpg
2026-04-24 12:33:16  INFO      core.mover  DRY   C:\Users\sippa\Desktop\photo_test - test run\FB_IMG_1627116435630.jpg  =>  C:\Users\sippa\Desktop\destination_folder_test\2021\Photos\Facebook\07_July\24\FB_IMG_1627116435630.jpg
2026-04-24 12:33:16  INFO      core.mover  DRY   C:\Users\sippa\Desktop\photo_test - test run\FB_IMG_1627188818970.jpg  =>  C:\Users\sippa\Desktop\destination_folder_test\2021\Photos\Facebook\07_July\25\FB_IMG_1627188818970.jpg
2026-04-24 12:33:16  INFO      core.mover  DRY   C:\Users\sippa\Desktop\photo_test - test run\FB_IMG_1627268756737.jpg  =>  C:\Users\sippa\Desktop\destination_folder_test\2021\Photos\Facebook\07_July\26\FB_IMG_1627268756737.jpg
2026-04-24 12:33:16  INFO      core.mover  DRY   C:\Users\sippa\Desktop\photo_test - test run\FB_IMG_1627817381582.jpg  =>  C:\Users\sippa\Desktop\destination_folder_test\2021\Photos\Facebook\08_August\01\FB_IMG_1627817381582.jpg
2026-04-24 12:33:16  INFO      core.mover  DRY   C:\Users\sippa\Desktop\photo_test - test run\FB_IMG_1628006103025.jpg  =>  C:\Users\sippa\Desktop\destination_folder_test\2021\Photos\Facebook\08_August\03\FB_IMG_1628006103025.jpg
2026-04-24 12:33:16  INFO      core.mover  DRY   C:\Users\sippa\Desktop\photo_test - test run\FB_IMG_1628006105692.jpg  =>  C:\Users\sippa\Desktop\destination_folder_test\2021\Photos\Facebook\08_August\03\FB_IMG_1628006105692.jpg
2026-04-24 12:33:16  INFO      core.mover  DRY   C:\Users\sippa\Desktop\photo_test - test run\FB_IMG_1628006108037.jpg  =>  C:\Users\sippa\Desktop\destination_folder_test\2021\Photos\Facebook\08_August\03\FB_IMG_1628006108037.jpg
2026-04-24 12:33:16  INFO      core.mover  DRY   C:\Users\sippa\Desktop\photo_test - test run\FB_IMG_1628528842615.jpg  =>  C:\Users\sippa\Desktop\destination_folder_test\2021\Photos\Facebook\08_August\10\FB_IMG_1628528842615.jpg
2026-04-24 12:33:16  INFO      core.mover  DRY   C:\Users\sippa\Desktop\photo_test - test run\FB_IMG_1628737607591.jpg  =>  C:\Users\sippa\Desktop\destination_folder_test\2021\Photos\Facebook\08_August\12\FB_IMG_1628737607591.jpg
2026-04-24 12:33:16  INFO      core.mover  DRY   C:\Users\sippa\Desktop\photo_test - test run\FB_IMG_1628816749698.jpg  =>  C:\Users\sippa\Desktop\destination_folder_test\2021\Photos\Facebook\08_August\13\FB_IMG_1628816749698.jpg
2026-04-24 12:33:16  INFO      core.mover  DRY   C:\Users\sippa\Desktop\photo_test - test run\FB_IMG_1628865732905.jpg  =>  C:\Users\sippa\Desktop\destination_folder_test\2021\Photos\Facebook\08_August\13\FB_IMG_1628865732905.jpg
2026-04-24 12:33:16  INFO      core.mover  DRY   C:\Users\sippa\Desktop\photo_test - test run\FB_IMG_1628868302500.jpg  =>  C:\Users\sippa\Desktop\destination_folder_test\2021\Photos\Facebook\08_August\13\FB_IMG_1628868302500.jpg
2026-04-24 12:33:16  INFO      core.mover  DRY   C:\Users\sippa\Desktop\photo_test - test run\FB_IMG_1628913750818.jpg  =>  C:\Users\sippa\Desktop\destination_folder_test\2021\Photos\Facebook\08_August\14\FB_IMG_1628913750818.jpg
2026-04-24 12:33:16  INFO      core.mover  DRY   C:\Users\sippa\Desktop\photo_test - test run\FB_IMG_1628917594131.jpg  =>  C:\Users\sippa\Desktop\destination_folder_test\2021\Photos\Facebook\08_August\14\FB_IMG_1628917594131.jpg
2026-04-24 12:33:16  INFO      core.mover  DRY   C:\Users\sippa\Desktop\photo_test - test run\FB_IMG_1628917596504.jpg  =>  C:\Users\sippa\Desktop\destination_folder_test\2021\Photos\Facebook\08_August\14\FB_IMG_1628917596504.jpg
2026-04-24 12:33:16  INFO      core.mover  DRY   C:\Users\sippa\Desktop\photo_test - test run\FB_IMG_1628917598590.jpg  =>  C:\Users\sippa\Desktop\destination_folder_test\2021\Photos\Facebook\08_August\14\FB_IMG_1628917598590.jpg
2026-04-24 12:33:16  INFO      core.mover  DRY   C:\Users\sippa\Desktop\photo_test - test run\FB_IMG_1628917600969.jpg  =>  C:\Users\sippa\Desktop\destination_folder_test\2021\Photos\Facebook\08_August\14\FB_IMG_1628917600969.jpg
2026-04-24 12:33:16  INFO      core.mover  DRY   C:\Users\sippa\Desktop\photo_test - test run\FB_IMG_1628917605042.jpg  =>  C:\Users\sippa\Desktop\destination_folder_test\2021\Photos\Facebook\08_August\14\FB_IMG_1628917605042.jpg
2026-04-24 12:33:16  INFO      core.mover  DRY   C:\Users\sippa\Desktop\photo_test - test run\FB_IMG_1628917607465.jpg  =>  C:\Users\sippa\Desktop\destination_folder_test\2021\Photos\Facebook\08_August\14\FB_IMG_1628917607465.jpg
2026-04-24 12:33:16  INFO      core.mover  DRY   C:\Users\sippa\Desktop\photo_test - test run\FB_IMG_1628985112639.jpg  =>  C:\Users\sippa\Desktop\destination_folder_test\2021\Photos\Facebook\08_August\15\FB_IMG_1628985112639.jpg
2026-04-24 12:33:16  INFO      core.mover  DRY   C:\Users\sippa\Desktop\photo_test - test run\FB_IMG_1629611227433.jpg  =>  C:\Users\sippa\Desktop\destination_folder_test\2021\Photos\Facebook\08_August\22\FB_IMG_1629611227433.jpg
2026-04-24 12:33:16  INFO      core.mover  DRY   C:\Users\sippa\Desktop\photo_test - test run\FB_IMG_1630376017799.jpg  =>  C:\Users\sippa\Desktop\destination_folder_test\2021\Photos\Facebook\08_August\31\FB_IMG_1630376017799.jpg
2026-04-24 12:33:16  INFO      core.mover  DRY   C:\Users\sippa\Desktop\photo_test - test run\FB_IMG_1630378338646.jpg  =>  C:\Users\sippa\Desktop\destination_folder_test\2021\Photos\Facebook\08_August\31\FB_IMG_1630378338646.jpg
2026-04-24 12:33:16  INFO      core.mover  DRY   C:\Users\sippa\Desktop\photo_test - test run\FB_IMG_1631425192265.jpg  =>  C:\Users\sippa\Desktop\destination_folder_test\2021\Photos\Facebook\09_September\12\FB_IMG_1631425192265.jpg
2026-04-24 12:33:16  INFO      core.mover  DRY   C:\Users\sippa\Desktop\photo_test - test run\FB_IMG_1631906302246.jpg  =>  C:\Users\sippa\Desktop\destination_folder_test\2021\Photos\Facebook\09_September\18\FB_IMG_1631906302246.jpg
2026-04-24 12:33:16  INFO      core.mover  DRY   C:\Users\sippa\Desktop\photo_test - test run\FB_IMG_1632441262440.jpg  =>  C:\Users\sippa\Desktop\destination_folder_test\2021\Photos\Facebook\09_September\24\FB_IMG_1632441262440.jpg
2026-04-24 12:33:16  INFO      core.mover  DRY   C:\Users\sippa\Desktop\photo_test - test run\FB_IMG_1632754910486.jpg  =>  C:\Users\sippa\Desktop\destination_folder_test\2021\Photos\Facebook\09_September\27\FB_IMG_1632754910486.jpg
2026-04-24 12:33:16  INFO      core.mover  DRY   C:\Users\sippa\Desktop\photo_test - test run\FB_IMG_1633418644449.jpg  =>  C:\Users\sippa\Desktop\destination_folder_test\2021\Photos\Facebook\10_October\05\FB_IMG_1633418644449.jpg
2026-04-24 12:33:16  INFO      core.mover  DRY   C:\Users\sippa\Desktop\photo_test - test run\FB_IMG_1634438935238.jpg  =>  C:\Users\sippa\Desktop\destination_folder_test\2021\Photos\Facebook\10_October\17\FB_IMG_1634438935238.jpg
2026-04-24 12:33:16  INFO      core.mover  DRY   C:\Users\sippa\Desktop\photo_test - test run\FB_IMG_1635790918796.jpg  =>  C:\Users\sippa\Desktop\destination_folder_test\2021\Photos\Facebook\11_November\02\FB_IMG_1635790918796.jpg
2026-04-24 12:33:16  INFO      core.mover  DRY   C:\Users\sippa\Desktop\photo_test - test run\FB_IMG_1635790994295.jpg  =>  C:\Users\sippa\Desktop\destination_folder_test\2021\Photos\Facebook\11_November\02\FB_IMG_1635790994295.jpg
2026-04-24 12:33:16  INFO      core.mover  DRY   C:\Users\sippa\Desktop\photo_test - test run\FB_IMG_1636647491309.jpg  =>  C:\Users\sippa\Desktop\destination_folder_test\2021\Photos\Facebook\11_November\11\FB_IMG_1636647491309.jpg
2026-04-24 12:33:16  INFO      core.mover  DRY   C:\Users\sippa\Desktop\photo_test - test run\FB_IMG_1637159150973.jpg  =>  C:\Users\sippa\Desktop\destination_folder_test\2021\Photos\Facebook\11_November\17\FB_IMG_1637159150973.jpg
2026-04-24 12:33:16  INFO      core.mover  DRY   C:\Users\sippa\Desktop\photo_test - test run\FB_IMG_1637159435061.jpg  =>  C:\Users\sippa\Desktop\destination_folder_test\2021\Photos\Facebook\11_November\17\FB_IMG_1637159435061.jpg
2026-04-24 12:33:16  INFO      core.mover  DRY   C:\Users\sippa\Desktop\photo_test - test run\FB_IMG_1637231262467.jpg  =>  C:\Users\sippa\Desktop\destination_folder_test\2021\Photos\Facebook\11_November\18\FB_IMG_1637231262467.jpg
2026-04-24 12:33:16  INFO      core.mover  DRY   C:\Users\sippa\Desktop\photo_test - test run\FB_IMG_1637504906304.jpg  =>  C:\Users\sippa\Desktop\destination_folder_test\2021\Photos\Facebook\11_November\21\FB_IMG_1637504906304.jpg
2026-04-24 12:33:16  INFO      core.mover  DRY   C:\Users\sippa\Desktop\photo_test - test run\FB_IMG_1637980180374.jpg  =>  C:\Users\sippa\Desktop\destination_folder_test\2021\Photos\Facebook\11_November\27\FB_IMG_1637980180374.jpg
2026-04-24 12:33:16  INFO      core.mover  DRY   C:\Users\sippa\Desktop\photo_test - test run\FB_IMG_1638679965982.jpg  =>  C:\Users\sippa\Desktop\destination_folder_test\2021\Photos\Facebook\12_December\05\FB_IMG_1638679965982.jpg
2026-04-24 12:33:16  INFO      core.mover  DRY   C:\Users\sippa\Desktop\photo_test - test run\FB_IMG_1640288252972.jpg  =>  C:\Users\sippa\Desktop\destination_folder_test\2021\Photos\Facebook\12_December\24\FB_IMG_1640288252972.jpg
2026-04-24 12:33:16  INFO      core.mover  DRY   C:\Users\sippa\Desktop\photo_test - test run\FB_IMG_1640514991849.jpg  =>  C:\Users\sippa\Desktop\destination_folder_test\2021\Photos\Facebook\12_December\26\FB_IMG_1640514991849.jpg
2026-04-24 12:33:16  INFO      core.mover  DRY   C:\Users\sippa\Desktop\photo_test - test run\FB_IMG_1640855263846.jpg  =>  C:\Users\sippa\Desktop\destination_folder_test\2021\Photos\Facebook\12_December\30\FB_IMG_1640855263846.jpg
2026-04-24 12:33:16  INFO      core.mover  DRY   C:\Users\sippa\Desktop\photo_test - test run\FB_IMG_1641445517930.jpg  =>  C:\Users\sippa\Desktop\destination_folder_test\2022\Photos\Facebook\01_January\06\FB_IMG_1641445517930.jpg
2026-04-24 12:33:16  INFO      core.mover  DRY   C:\Users\sippa\Desktop\photo_test - test run\FB_IMG_1641704151198.jpg  =>  C:\Users\sippa\Desktop\destination_folder_test\2022\Photos\Facebook\01_January\09\FB_IMG_1641704151198.jpg
2026-04-24 12:33:16  INFO      core.mover  DRY   C:\Users\sippa\Desktop\photo_test - test run\FB_IMG_1642410969667.jpg  =>  C:\Users\sippa\Desktop\destination_folder_test\2022\Photos\Facebook\01_January\17\FB_IMG_1642410969667.jpg
2026-04-24 12:33:16  INFO      core.mover  DRY   C:\Users\sippa\Desktop\photo_test - test run\FB_IMG_1643434438784.jpg  =>  C:\Users\sippa\Desktop\destination_folder_test\2022\Photos\Facebook\01_January\29\FB_IMG_1643434438784.jpg
2026-04-24 12:33:16  INFO      core.mover  DRY   C:\Users\sippa\Desktop\photo_test - test run\FB_IMG_1643816542993.jpg  =>  C:\Users\sippa\Desktop\destination_folder_test\2022\Photos\Facebook\02_February\02\FB_IMG_1643816542993.jpg
2026-04-24 12:33:16  INFO      core.mover  DRY   C:\Users\sippa\Desktop\photo_test - test run\FB_IMG_1644695531344.jpg  =>  C:\Users\sippa\Desktop\destination_folder_test\2022\Photos\Facebook\02_February\13\FB_IMG_1644695531344.jpg
2026-04-24 12:33:16  INFO      core.mover  DRY   C:\Users\sippa\Desktop\photo_test - test run\FB_IMG_1645109439095.jpg  =>  C:\Users\sippa\Desktop\destination_folder_test\2022\Photos\Facebook\02_February\17\FB_IMG_1645109439095.jpg
2026-04-24 12:33:16  INFO      core.mover  DRY   C:\Users\sippa\Desktop\photo_test - test run\FB_IMG_1645716310134.jpg  =>  C:\Users\sippa\Desktop\destination_folder_test\2022\Photos\Facebook\02_February\24\FB_IMG_1645716310134.jpg
2026-04-24 12:33:16  INFO      core.mover  DRY   C:\Users\sippa\Desktop\photo_test - test run\FB_IMG_1647058817455.jpg  =>  C:\Users\sippa\Desktop\destination_folder_test\2022\Photos\Facebook\03_March\12\FB_IMG_1647058817455.jpg
2026-04-24 12:33:16  INFO      core.mover  DRY   C:\Users\sippa\Desktop\photo_test - test run\FB_IMG_1647085804573.jpg  =>  C:\Users\sippa\Desktop\destination_folder_test\2022\Photos\Facebook\03_March\12\FB_IMG_1647085804573.jpg
2026-04-24 12:33:16  INFO      core.mover  DRY   C:\Users\sippa\Desktop\photo_test - test run\FB_IMG_1647745933134.jpg  =>  C:\Users\sippa\Desktop\destination_folder_test\2022\Photos\Facebook\03_March\20\FB_IMG_1647745933134.jpg
2026-04-24 12:33:16  INFO      core.mover  DRY   C:\Users\sippa\Desktop\photo_test - test run\FB_IMG_1648009914551.jpg  =>  C:\Users\sippa\Desktop\destination_folder_test\2022\Photos\Facebook\03_March\23\FB_IMG_1648009914551.jpg
2026-04-24 12:33:16  INFO      core.mover  DRY   C:\Users\sippa\Desktop\photo_test - test run\FB_IMG_1648009936992.jpg  =>  C:\Users\sippa\Desktop\destination_folder_test\2022\Photos\Facebook\03_March\23\FB_IMG_1648009936992.jpg
2026-04-24 12:33:16  INFO      core.mover  DRY   C:\Users\sippa\Desktop\photo_test - test run\FB_IMG_1648444275397.jpg  =>  C:\Users\sippa\Desktop\destination_folder_test\2022\Photos\Facebook\03_March\28\FB_IMG_1648444275397.jpg
2026-04-24 12:33:16  INFO      core.mover  DRY   C:\Users\sippa\Desktop\photo_test - test run\FB_IMG_1648444296132.jpg  =>  C:\Users\sippa\Desktop\destination_folder_test\2022\Photos\Facebook\03_March\28\FB_IMG_1648444296132.jpg
2026-04-24 12:33:16  INFO      core.mover  DRY   C:\Users\sippa\Desktop\photo_test - test run\FB_IMG_1649934609426.jpg  =>  C:\Users\sippa\Desktop\destination_folder_test\2022\Photos\Facebook\04_April\14\FB_IMG_1649934609426.jpg
2026-04-24 12:33:16  INFO      core.mover  DRY   C:\Users\sippa\Desktop\photo_test - test run\FB_IMG_1650216661518.jpg  =>  C:\Users\sippa\Desktop\destination_folder_test\2022\Photos\Facebook\04_April\18\FB_IMG_1650216661518.jpg
2026-04-24 12:33:16  INFO      core.mover  DRY   C:\Users\sippa\Desktop\photo_test - test run\FB_IMG_1650468429353.jpg  =>  C:\Users\sippa\Desktop\destination_folder_test\2022\Photos\Facebook\04_April\20\FB_IMG_1650468429353.jpg
2026-04-24 12:33:16  INFO      core.mover  DRY   C:\Users\sippa\Desktop\photo_test - test run\how_topsd-oom.jpg  =>  C:\Users\sippa\Desktop\destination_folder_test\2012\Photos\Unknown_Device\10_October\01\how_topsd-oom.jpg
2026-04-24 12:33:16  INFO      core.mover  DRY   C:\Users\sippa\Desktop\photo_test - test run\Image2017-10-28_12-39-13.png  =>  C:\Users\sippa\Desktop\destination_folder_test\2017\Photos\Unknown_Device\10_October\28\Image2017-10-28_12-39-13.png
2026-04-24 12:33:16  INFO      core.mover  DRY   C:\Users\sippa\Desktop\photo_test - test run\IMG_3698.JPG  =>  C:\Users\sippa\Desktop\destination_folder_test\2025\Photos\Canon EOS RP\04_April\15\IMG_3698.JPG
2026-04-24 12:33:16  INFO      core.mover  DRY   C:\Users\sippa\Desktop\photo_test - test run\IMG_3740.JPG  =>  C:\Users\sippa\Desktop\destination_folder_test\2025\Photos\Canon EOS RP\04_April\15\IMG_3740.JPG
2026-04-24 12:33:16  INFO      core.mover  DRY   C:\Users\sippa\Desktop\photo_test - test run\IMG_3741.JPG  =>  C:\Users\sippa\Desktop\destination_folder_test\2025\Photos\Canon EOS RP\04_April\15\IMG_3741.JPG
2026-04-24 12:33:16  INFO      core.mover  DRY   C:\Users\sippa\Desktop\photo_test - test run\IMG_3750.JPG  =>  C:\Users\sippa\Desktop\destination_folder_test\2025\Photos\Canon EOS RP\04_April\15\IMG_3750.JPG
2026-04-24 12:33:16  INFO      core.mover  DRY   C:\Users\sippa\Desktop\photo_test - test run\IMG_3751.JPG  =>  C:\Users\sippa\Desktop\destination_folder_test\2025\Photos\Canon EOS RP\04_April\15\IMG_3751.JPG
2026-04-24 12:33:16  INFO      core.mover  DRY   C:\Users\sippa\Desktop\photo_test - test run\IMG_3759.JPG  =>  C:\Users\sippa\Desktop\destination_folder_test\2025\Photos\Canon EOS RP\04_April\15\IMG_3759.JPG
2026-04-24 12:33:16  INFO      core.mover  DRY   C:\Users\sippa\Desktop\photo_test - test run\IMG_3760.JPG  =>  C:\Users\sippa\Desktop\destination_folder_test\2025\Photos\Canon EOS RP\04_April\15\IMG_3760.JPG
2026-04-24 12:33:16  INFO      core.mover  DRY   C:\Users\sippa\Desktop\photo_test - test run\IMG_3849.JPG  =>  C:\Users\sippa\Desktop\destination_folder_test\2025\Photos\Canon EOS RP\04_April\15\IMG_3849.JPG
2026-04-24 12:33:16  INFO      core.mover  DRY   C:\Users\sippa\Desktop\photo_test - test run\IMG_6410_0.jpg  =>  C:\Users\sippa\Desktop\destination_folder_test\2026\Photos\Canon EOS RP\02_February\06\IMG_6410_0.jpg
2026-04-24 12:33:16  INFO      core.mover  DRY   C:\Users\sippa\Desktop\photo_test - test run\IMG_6411_0.jpg  =>  C:\Users\sippa\Desktop\destination_folder_test\2026\Photos\Canon EOS RP\02_February\06\IMG_6411_0.jpg
2026-04-24 12:33:16  INFO      core.mover  DRY   C:\Users\sippa\Desktop\photo_test - test run\IMG_6412_0.jpg  =>  C:\Users\sippa\Desktop\destination_folder_test\2026\Photos\Canon EOS RP\02_February\06\IMG_6412_0.jpg
2026-04-24 12:33:16  INFO      core.mover  DRY   C:\Users\sippa\Desktop\photo_test - test run\IMG_6414_0.jpg  =>  C:\Users\sippa\Desktop\destination_folder_test\2026\Photos\Canon EOS RP\02_February\06\IMG_6414_0.jpg
2026-04-24 12:33:16  INFO      core.mover  DRY   C:\Users\sippa\Desktop\photo_test - test run\IMG_6429_0.jpg  =>  C:\Users\sippa\Desktop\destination_folder_test\2026\Photos\Canon EOS RP\02_February\06\IMG_6429_0.jpg
2026-04-24 12:33:16  INFO      core.mover  DRY   C:\Users\sippa\Desktop\photo_test - test run\IMG_9472.JPG  =>  C:\Users\sippa\Desktop\destination_folder_test\2015\Photos\Apple iPad mini 1G\09_September\25\IMG_9472.JPG
2026-04-24 12:33:17  INFO      core.mover  DRY   C:\Users\sippa\Desktop\photo_test - test run\IMG_9478.JPG  =>  C:\Users\sippa\Desktop\destination_folder_test\2015\Photos\Apple iPad mini 1G\09_September\26\IMG_9478.JPG
2026-04-24 12:33:17  INFO      core.mover  DRY   C:\Users\sippa\Desktop\photo_test - test run\Jumping_Race_2017-07-28T123453+0000_E485DC.jpg  =>  C:\Users\sippa\Desktop\destination_folder_test\2017\Photos\Parrot Jumping Race\07_July\28\Jumping_Race_2017-07-28T123453+0000_E485DC.jpg
2026-04-24 12:33:17  INFO      core.mover  DRY   C:\Users\sippa\Desktop\photo_test - test run\Jumping_Race_2017-07-28T123548+0000_DD4B51.jpg  =>  C:\Users\sippa\Desktop\destination_folder_test\2017\Photos\Parrot Jumping Race\07_July\28\Jumping_Race_2017-07-28T123548+0000_DD4B51.jpg
2026-04-24 12:33:17  INFO      core.mover  DRY   C:\Users\sippa\Desktop\photo_test - test run\Jumping_Race_2017-07-28T123621+0000_C2F6AB.jpg  =>  C:\Users\sippa\Desktop\destination_folder_test\2017\Photos\Parrot Jumping Race\07_July\28\Jumping_Race_2017-07-28T123621+0000_C2F6AB.jpg
2026-04-24 12:33:17  INFO      core.mover  DRY   C:\Users\sippa\Desktop\photo_test - test run\Jumping_Race_2017-08-20T155617+0000_69B95B.jpg  =>  C:\Users\sippa\Desktop\destination_folder_test\2017\Photos\Parrot Jumping Race\08_August\20\Jumping_Race_2017-08-20T155617+0000_69B95B.jpg
2026-04-24 12:33:17  INFO      core.mover  DRY   C:\Users\sippa\Desktop\photo_test - test run\mom_gen.jpg  =>  C:\Users\sippa\Desktop\destination_folder_test\2012\Photos\Unknown_Device\01_January\19\mom_gen.jpg
2026-04-24 12:33:17  INFO      core.mover  DRY   C:\Users\sippa\Desktop\photo_test - test run\oom profile pic.jpg  =>  C:\Users\sippa\Desktop\destination_folder_test\2012\Photos\SONY DSLR-A200\01_January\17\oom profile pic.jpg
2026-04-24 12:33:17  INFO      core.mover  DRY   C:\Users\sippa\Desktop\photo_test - test run\oom racing profile.jpg  =>  C:\Users\sippa\Desktop\destination_folder_test\2012\Photos\Sony NEX-5N\12_December\06\oom racing profile.jpg
2026-04-24 12:33:17  INFO      core.mover  DRY   C:\Users\sippa\Desktop\photo_test - test run\oom1.jpg  =>  C:\Users\sippa\Desktop\destination_folder_test\2007\Photos\Unknown_Device\11_November\16\oom1.jpg
2026-04-24 12:33:17  INFO      core.mover  DRY   C:\Users\sippa\Desktop\photo_test - test run\oom2.jpg  =>  C:\Users\sippa\Desktop\destination_folder_test\2007\Photos\Unknown_Device\11_November\16\oom2.jpg
2026-04-24 12:33:17  INFO      core.mover  DRY   C:\Users\sippa\Desktop\photo_test - test run\P2400145.JPG  =>  C:\Users\sippa\Desktop\destination_folder_test\2021\Photos\Panasonic GX85\03_March\19\P2400145.JPG
2026-04-24 12:33:17  INFO      core.mover  DRY   C:\Users\sippa\Desktop\photo_test - test run\P2440732.JPG  =>  C:\Users\sippa\Desktop\destination_folder_test\2021\Photos\Panasonic GX85\06_June\15\P2440732.JPG
2026-04-24 12:33:17  INFO      core.mover  DRY   C:\Users\sippa\Desktop\photo_test - test run\P2440733.JPG  =>  C:\Users\sippa\Desktop\destination_folder_test\2021\Photos\Panasonic GX85\06_June\15\P2440733.JPG
2026-04-24 12:33:17  INFO      core.mover  DRY   C:\Users\sippa\Desktop\photo_test - test run\P2480116.JPG  =>  C:\Users\sippa\Desktop\destination_folder_test\2021\Photos\Panasonic GX85\07_July\24\P2480116.JPG
2026-04-24 12:33:17  INFO      core.mover  DRY   C:\Users\sippa\Desktop\photo_test - test run\P2890961.JPG  =>  C:\Users\sippa\Desktop\destination_folder_test\2022\Photos\Panasonic GX85\09_September\30\P2890961.JPG
2026-04-24 12:33:17  INFO      core.mover  DRY   C:\Users\sippa\Desktop\photo_test - test run\P2890962.JPG  =>  C:\Users\sippa\Desktop\destination_folder_test\2022\Photos\Panasonic GX85\09_September\30\P2890962.JPG
2026-04-24 12:33:17  INFO      core.mover  DRY   C:\Users\sippa\Desktop\photo_test - test run\P2890963.JPG  =>  C:\Users\sippa\Desktop\destination_folder_test\2022\Photos\Panasonic GX85\09_September\30\P2890963.JPG
2026-04-24 12:33:17  INFO      core.mover  DRY   C:\Users\sippa\Desktop\photo_test - test run\P4120847.JPG  =>  C:\Users\sippa\Desktop\destination_folder_test\2026\Photos\Panasonic GX85\02_February\04\P4120847.JPG
2026-04-24 12:33:17  INFO      core.mover  DRY   C:\Users\sippa\Desktop\photo_test - test run\P4120848.JPG  =>  C:\Users\sippa\Desktop\destination_folder_test\2026\Photos\Panasonic GX85\02_February\04\P4120848.JPG
2026-04-24 12:33:17  INFO      core.mover  DRY   C:\Users\sippa\Desktop\photo_test - test run\P4120858.JPG  =>  C:\Users\sippa\Desktop\destination_folder_test\2026\Photos\Panasonic GX85\02_February\04\P4120858.JPG
2026-04-24 12:33:17  INFO      core.mover  DRY   C:\Users\sippa\Desktop\photo_test - test run\poster_all.jpg  =>  C:\Users\sippa\Desktop\destination_folder_test\2012\Photos\Unknown_Device\09_September\01\poster_all.jpg
2026-04-24 12:33:17  INFO      core.mover  DRY   C:\Users\sippa\Desktop\photo_test - test run\poster_japan_new1.jpg  =>  C:\Users\sippa\Desktop\destination_folder_test\2012\Photos\Unknown_Device\08_August\15\poster_japan_new1.jpg
2026-04-24 12:33:17  INFO      core.mover  DRY   C:\Users\sippa\Desktop\photo_test - test run\poster_send gift.jpg  =>  C:\Users\sippa\Desktop\destination_folder_test\2012\Photos\Unknown_Device\10_October\26\poster_send gift.jpg
2026-04-24 12:33:17  INFO      core.mover  DRY   C:\Users\sippa\Desktop\photo_test - test run\Q11_55.jpg  =>  C:\Users\sippa\Desktop\destination_folder_test\2017\Photos\Unknown_Device\12_December\18\Q11_55.jpg
2026-04-24 12:33:17  INFO      core.mover  DRY   C:\Users\sippa\Desktop\photo_test - test run\QR-oom ziggaza.png  =>  C:\Users\sippa\Desktop\destination_folder_test\2012\Photos\Unknown_Device\10_October\01\QR-oom ziggaza.png
2026-04-24 12:33:17  INFO      core.mover  DRY   C:\Users\sippa\Desktop\photo_test - test run\Q_06_6.JPG  =>  C:\Users\sippa\Desktop\destination_folder_test\2017\Photos\Panasonic GX85\06_June\26\Q_06_6.JPG
2026-04-24 12:33:17  INFO      core.mover  DRY   C:\Users\sippa\Desktop\photo_test - test run\Q_06_8.JPG  =>  C:\Users\sippa\Desktop\destination_folder_test\2017\Photos\Panasonic GX85\06_June\30\Q_06_8.JPG
2026-04-24 12:33:17  INFO      core.mover  DRY   C:\Users\sippa\Desktop\photo_test - test run\Q_09_03.JPG  =>  C:\Users\sippa\Desktop\destination_folder_test\2017\Photos\Panasonic GX85\09_September\03\Q_09_03.JPG
2026-04-24 12:33:17  INFO      core.mover  DRY   C:\Users\sippa\Desktop\photo_test - test run\Q_12_07.JPG  =>  C:\Users\sippa\Desktop\destination_folder_test\2017\Photos\Panasonic GX85\12_December\02\Q_12_07.JPG
2026-04-24 12:33:17  INFO      core.mover  DRY   C:\Users\sippa\Desktop\photo_test - test run\Q_12_08.JPG  =>  C:\Users\sippa\Desktop\destination_folder_test\2017\Photos\Panasonic GX85\12_December\02\Q_12_08.JPG
2026-04-24 12:33:17  INFO      core.mover  DRY   C:\Users\sippa\Desktop\photo_test - test run\test_drum_nano.mp4  =>  C:\Users\sippa\Desktop\destination_folder_test\2021\Videos\Unknown_Device\07_July\08\test_drum_nano.mp4
2026-04-24 12:33:17  INFO      core.mover  DRY   C:\Users\sippa\Desktop\photo_test - test run\test_drum_nano_2.mp4  =>  C:\Users\sippa\Desktop\destination_folder_test\2021\Videos\Unknown_Device\07_July\08\test_drum_nano_2.mp4
2026-04-24 12:33:17  INFO      core.mover  DRY   C:\Users\sippa\Desktop\photo_test - test run\ticker.jpg  =>  C:\Users\sippa\Desktop\destination_folder_test\2013\Photos\Sony NEX-5N\04_April\07\ticker.jpg
2026-04-24 12:33:17  INFO      core.mover  DRY   C:\Users\sippa\Desktop\photo_test - test run\VID_165730512_193223_687.mp4  =>  C:\Users\sippa\Desktop\destination_folder_test\2019\Videos\Unknown_Device\11_November\13\VID_165730512_193223_687.mp4
2026-04-24 12:33:17  INFO      core.mover  DRY   C:\Users\sippa\Desktop\photo_test - test run\VID_92500220_085013_366.mp4  =>  C:\Users\sippa\Desktop\destination_folder_test\2019\Videos\Unknown_Device\08_August\26\VID_92500220_085013_366.mp4
2026-04-24 12:33:17  INFO      core.mover  DRY   C:\Users\sippa\Desktop\photo_test - test run\XPLB0292.JPG  =>  C:\Users\sippa\Desktop\destination_folder_test\2015\Photos\Apple iPad mini 1G\11_November\09\XPLB0292.JPG
2026-04-24 12:33:17  INFO      core.mover  DRY   C:\Users\sippa\Desktop\photo_test - test run\ziggaza_cover4-stamp.jpg  =>  C:\Users\sippa\Desktop\destination_folder_test\2014\Photos\Unknown_Device\02_February\09\ziggaza_cover4-stamp.jpg
2026-04-24 12:33:17  INFO      core.mover  DRY   C:\Users\sippa\Desktop\photo_test - test run\20221018 fence post\11218294-8ef0-481a-ae00-3fcc7e44b8c9.mp4  =>  C:\Users\sippa\Desktop\destination_folder_test\2022\Videos\Unknown_Device\10_October\17\11218294-8ef0-481a-ae00-3fcc7e44b8c9.mp4
2026-04-24 12:33:17  INFO      core.mover  DRY   C:\Users\sippa\Desktop\photo_test - test run\20221018 fence post\1220777.jpg  =>  C:\Users\sippa\Desktop\destination_folder_test\2022\Photos\Unknown_Device\10_October\18\1220777.jpg
2026-04-24 12:33:17  INFO      core.mover  DRY   C:\Users\sippa\Desktop\photo_test - test run\20221018 fence post\1222446.jpg  =>  C:\Users\sippa\Desktop\destination_folder_test\2022\Photos\Unknown_Device\10_October\18\1222446.jpg
2026-04-24 12:33:17  INFO      core.mover  DRY   C:\Users\sippa\Desktop\photo_test - test run\20221018 fence post\1_10.30.53.avi  =>  C:\Users\sippa\Desktop\destination_folder_test\2022\Videos\Unknown_Device\10_October\18\1_10.30.53.avi
2026-04-24 12:33:17  INFO      core.mover  DRY   C:\Users\sippa\Desktop\photo_test - test run\20221018 fence post\P2850539.JPG  =>  C:\Users\sippa\Desktop\destination_folder_test\2022\Photos\Panasonic GX85\09_September\03\P2850539.JPG
2026-04-24 12:33:17  INFO      core.mover  DRY   C:\Users\sippa\Desktop\photo_test - test run\20221018 fence post\P2910198.JPG  =>  C:\Users\sippa\Desktop\destination_folder_test\2022\Photos\Panasonic GX85\10_October\02\P2910198.JPG
2026-04-24 12:33:17  INFO      core.mover  DRY   C:\Users\sippa\Desktop\photo_test - test run\20221018 fence post\P2910199.JPG  =>  C:\Users\sippa\Desktop\destination_folder_test\2022\Photos\Panasonic GX85\10_October\02\P2910199.JPG
2026-04-24 12:33:17  INFO      core.mover  DRY   C:\Users\sippa\Desktop\photo_test - test run\20221018 fence post\P2940040.JPG  =>  C:\Users\sippa\Desktop\destination_folder_test\2022\Photos\Panasonic GX85\10_October\15\P2940040.JPG
2026-04-24 12:33:17  INFO      core.mover  DRY   C:\Users\sippa\Desktop\photo_test - test run\20221018 fence post\P2940069.JPG  =>  C:\Users\sippa\Desktop\destination_folder_test\2022\Photos\Panasonic GX85\10_October\15\P2940069.JPG
2026-04-24 12:33:17  INFO      core.mover  DRY   C:\Users\sippa\Desktop\photo_test - test run\20221018 fence post\P2940074.JPG  =>  C:\Users\sippa\Desktop\destination_folder_test\2022\Photos\Panasonic GX85\10_October\15\P2940074.JPG
2026-04-24 12:33:17  INFO      core.mover  DRY   C:\Users\sippa\Desktop\photo_test - test run\20221018 fence post\P2940113.JPG  =>  C:\Users\sippa\Desktop\destination_folder_test\2022\Photos\Panasonic GX85\10_October\15\P2940113.JPG
2026-04-24 12:33:17  INFO      core.mover  DRY   C:\Users\sippa\Desktop\photo_test - test run\20221018 fence post\P2940130.JPG  =>  C:\Users\sippa\Desktop\destination_folder_test\2022\Photos\Panasonic GX85\10_October\15\P2940130.JPG
2026-04-24 12:33:17  INFO      core.mover  DRY   C:\Users\sippa\Desktop\photo_test - test run\20221018 fence post\P2940404.JPG  =>  C:\Users\sippa\Desktop\destination_folder_test\2022\Photos\Panasonic GX85\10_October\18\P2940404.JPG
2026-04-24 12:33:17  INFO      core.mover  DRY   C:\Users\sippa\Desktop\photo_test - test run\20221018 fence post\P2940409.JPG  =>  C:\Users\sippa\Desktop\destination_folder_test\2022\Photos\Panasonic GX85\10_October\18\P2940409.JPG
2026-04-24 12:33:17  INFO      core.mover  DRY   C:\Users\sippa\Desktop\photo_test - test run\20221018 fence post\Untitled.mp4  =>  C:\Users\sippa\Desktop\destination_folder_test\2022\Videos\Unknown_Device\10_October\18\Untitled.mp4
2026-04-24 12:33:17  INFO      core.mover  DRY   C:\Users\sippa\Desktop\photo_test - test run\261_PANA\P2610449.MP4  =>  C:\Users\sippa\Desktop\destination_folder_test\2022\Videos\Panasonic Lumix\05_May\16\P2610449.MP4
2026-04-24 12:33:17  INFO      core.mover  DRY   C:\Users\sippa\Desktop\photo_test - test run\261_PANA\P2610457.JPG  =>  C:\Users\sippa\Desktop\destination_folder_test\2022\Photos\Panasonic GX85\05_May\16\P2610457.JPG
2026-04-24 12:33:17  INFO      core.mover  DRY   C:\Users\sippa\Desktop\photo_test - test run\261_PANA\P2610467.JPG  =>  C:\Users\sippa\Desktop\destination_folder_test\2022\Photos\Panasonic GX85\05_May\16\P2610467.JPG
2026-04-24 12:33:17  INFO      core.mover  DRY   C:\Users\sippa\Desktop\photo_test - test run\261_PANA\P2610477.JPG  =>  C:\Users\sippa\Desktop\destination_folder_test\2022\Photos\Panasonic GX85\05_May\16\P2610477.JPG
2026-04-24 12:33:17  INFO      core.mover  DRY   C:\Users\sippa\Desktop\photo_test - test run\261_PANA\P2610757.JPG  =>  C:\Users\sippa\Desktop\destination_folder_test\2022\Photos\Panasonic GX85\05_May\17\P2610757.JPG
2026-04-24 12:33:17  INFO      core.mover  DRY   C:\Users\sippa\Desktop\photo_test - test run\261_PANA\P2610763.JPG  =>  C:\Users\sippa\Desktop\destination_folder_test\2022\Photos\Panasonic GX85\05_May\17\P2610763.JPG
2026-04-24 12:33:17  INFO      core.mover  DRY   C:\Users\sippa\Desktop\photo_test - test run\261_PANA\P2610764.JPG  =>  C:\Users\sippa\Desktop\destination_folder_test\2022\Photos\Panasonic GX85\05_May\17\P2610764.JPG
2026-04-24 12:33:17  INFO      core.mover  DRY   C:\Users\sippa\Desktop\photo_test - test run\261_PANA\P2610781.JPG  =>  C:\Users\sippa\Desktop\destination_folder_test\2022\Photos\Panasonic GX85\05_May\17\P2610781.JPG
2026-04-24 12:33:18  INFO      core.mover  DRY   C:\Users\sippa\Desktop\photo_test - test run\324_PANA\P3240001.MP4  =>  C:\Users\sippa\Desktop\destination_folder_test\2023\Videos\Panasonic Lumix\04_April\15\P3240001.MP4
2026-04-24 12:33:18  INFO      core.mover  DRY   C:\Users\sippa\Desktop\photo_test - test run\324_PANA\P3240015.JPG  =>  C:\Users\sippa\Desktop\destination_folder_test\2023\Photos\Panasonic GX85\04_April\15\P3240015.JPG
2026-04-24 12:33:18  INFO      core.mover  DRY   C:\Users\sippa\Desktop\photo_test - test run\324_PANA\P3240020.JPG  =>  C:\Users\sippa\Desktop\destination_folder_test\2023\Photos\Panasonic GX85\04_April\15\P3240020.JPG
2026-04-24 12:33:18  INFO      core.mover  DRY   C:\Users\sippa\Desktop\photo_test - test run\324_PANA\P3240025.JPG  =>  C:\Users\sippa\Desktop\destination_folder_test\2023\Photos\Panasonic GX85\04_April\15\P3240025.JPG
2026-04-24 12:33:18  INFO      core.mover  DRY   C:\Users\sippa\Desktop\photo_test - test run\324_PANA\P3240026.JPG  =>  C:\Users\sippa\Desktop\destination_folder_test\2023\Photos\Panasonic GX85\04_April\15\P3240026.JPG
2026-04-24 12:33:18  INFO      core.mover  DRY   C:\Users\sippa\Desktop\photo_test - test run\324_PANA\P3240357.JPG  =>  C:\Users\sippa\Desktop\destination_folder_test\2023\Photos\Panasonic GX85\04_April\17\P3240357.JPG
2026-04-24 12:33:18  INFO      core.mover  DRY   C:\Users\sippa\Desktop\photo_test - test run\324_PANA\P3240366.JPG  =>  C:\Users\sippa\Desktop\destination_folder_test\2023\Photos\Panasonic GX85\04_April\17\P3240366.JPG
2026-04-24 12:33:18  INFO      core.mover  DRY   C:\Users\sippa\Desktop\photo_test - test run\324_PANA\P3240715.JPG  =>  C:\Users\sippa\Desktop\destination_folder_test\2023\Photos\Panasonic GX85\04_April\23\P3240715.JPG
2026-04-24 12:33:18  INFO      core.mover  DRY   C:\Users\sippa\Desktop\photo_test - test run\324_PANA\P3240716.JPG  =>  C:\Users\sippa\Desktop\destination_folder_test\2023\Photos\Panasonic GX85\04_April\23\P3240716.JPG
2026-04-24 12:33:18  INFO      core.mover  DRY   C:\Users\sippa\Desktop\photo_test - test run\324_PANA\P3240854.JPG  =>  C:\Users\sippa\Desktop\destination_folder_test\2023\Photos\Panasonic GX85\04_April\29\P3240854.JPG
2026-04-24 12:33:18  INFO      core.mover  DRY   C:\Users\sippa\Desktop\photo_test - test run\324_PANA\P3240856.JPG  =>  C:\Users\sippa\Desktop\destination_folder_test\2023\Photos\Panasonic GX85\04_April\29\P3240856.JPG
2026-04-24 12:33:18  INFO      core.mover  DRY   C:\Users\sippa\Desktop\photo_test - test run\407_PANA\P4070462.MP4  =>  C:\Users\sippa\Desktop\destination_folder_test\2025\Videos\Panasonic Lumix\11_November\01\P4070462.MP4
2026-04-24 12:33:18  INFO      core.mover  DRY   C:\Users\sippa\Desktop\photo_test - test run\407_PANA\P4070475.JPG  =>  C:\Users\sippa\Desktop\destination_folder_test\2025\Photos\Panasonic GX85\11_November\01\P4070475.JPG
2026-04-24 12:33:18  INFO      core.mover  DRY   C:\Users\sippa\Desktop\photo_test - test run\407_PANA\P4070485.JPG  =>  C:\Users\sippa\Desktop\destination_folder_test\2025\Photos\Panasonic GX85\11_November\01\P4070485.JPG
2026-04-24 12:33:18  INFO      core.mover  DRY   C:\Users\sippa\Desktop\photo_test - test run\407_PANA\P4070494.JPG  =>  C:\Users\sippa\Desktop\destination_folder_test\2025\Photos\Panasonic GX85\11_November\01\P4070494.JPG
2026-04-24 12:33:18  INFO      core.mover  DRY   C:\Users\sippa\Desktop\photo_test - test run\407_PANA\P4070495.JPG  =>  C:\Users\sippa\Desktop\destination_folder_test\2025\Photos\Panasonic GX85\11_November\01\P4070495.JPG
2026-04-24 12:33:18  INFO      core.mover  DRY   C:\Users\sippa\Desktop\photo_test - test run\407_PANA\P4070505.JPG  =>  C:\Users\sippa\Desktop\destination_folder_test\2025\Photos\Panasonic GX85\11_November\04\P4070505.JPG
2026-04-24 12:33:18  INFO      core.mover  DRY   C:\Users\sippa\Desktop\photo_test - test run\407_PANA\P4070506.JPG  =>  C:\Users\sippa\Desktop\destination_folder_test\2025\Photos\Panasonic GX85\11_November\04\P4070506.JPG
2026-04-24 12:33:18  INFO      core.mover  DRY   C:\Users\sippa\Desktop\photo_test - test run\407_PANA\P4070625.JPG  =>  C:\Users\sippa\Desktop\destination_folder_test\2025\Photos\Panasonic GX85\11_November\09\P4070625.JPG
2026-04-24 12:33:18  INFO      core.mover  DRY   C:\Users\sippa\Desktop\photo_test - test run\407_PANA\P4070627.JPG  =>  C:\Users\sippa\Desktop\destination_folder_test\2025\Photos\Panasonic GX85\11_November\09\P4070627.JPG
2026-04-24 12:33:18  INFO      core.mover  DRY   C:\Users\sippa\Desktop\photo_test - test run\407_PANA\P4070766.JPG  =>  C:\Users\sippa\Desktop\destination_folder_test\2025\Photos\Panasonic GX85\11_November\15\P4070766.JPG
2026-04-24 12:33:18  INFO      core.mover  DRY   C:\Users\sippa\Desktop\photo_test - test run\407_PANA\P4070768.JPG  =>  C:\Users\sippa\Desktop\destination_folder_test\2025\Photos\Panasonic GX85\11_November\15\P4070768.JPG
2026-04-24 12:33:18  INFO      core.mover  DRY   C:\Users\sippa\Desktop\photo_test - test run\Pyjamas\P2560373.JPG  =>  C:\Users\sippa\Desktop\destination_folder_test\2022\Photos\Panasonic GX85\02_February\23\P2560373.JPG
2026-04-24 12:33:18  INFO      core.mover  DRY   C:\Users\sippa\Desktop\photo_test - test run\Pyjamas\P2560374.JPG  =>  C:\Users\sippa\Desktop\destination_folder_test\2022\Photos\Panasonic GX85\02_February\23\P2560374.JPG
2026-04-24 12:33:18  INFO      core.mover  DRY   C:\Users\sippa\Desktop\photo_test - test run\Pyjamas\P2560375.JPG  =>  C:\Users\sippa\Desktop\destination_folder_test\2022\Photos\Panasonic GX85\02_February\23\P2560375.JPG
2026-04-24 12:33:18  INFO      core.mover  DRY   C:\Users\sippa\Desktop\photo_test - test run\Pyjamas\P2560380.JPG  =>  C:\Users\sippa\Desktop\destination_folder_test\2022\Photos\Panasonic GX85\02_February\23\P2560380.JPG
2026-04-24 12:33:18  INFO      core.mover  DRY   C:\Users\sippa\Desktop\photo_test - test run\Pyjamas\P2560382.JPG  =>  C:\Users\sippa\Desktop\destination_folder_test\2022\Photos\Panasonic GX85\02_February\23\P2560382.JPG
2026-04-24 12:33:18  INFO      core.mover  DRY   C:\Users\sippa\Desktop\photo_test - test run\Pyjamas\P2560383.JPG  =>  C:\Users\sippa\Desktop\destination_folder_test\2022\Photos\Panasonic GX85\02_February\23\P2560383.JPG
2026-04-24 12:33:18  INFO      core.mover  DRY   C:\Users\sippa\Desktop\photo_test - test run\Pyjamas\P2560393.JPG  =>  C:\Users\sippa\Desktop\destination_folder_test\2022\Photos\Panasonic GX85\02_February\23\P2560393.JPG
2026-04-24 12:33:18  INFO      core.mover  Done. moved=370 dupes=0 resumed=0 errors=0 elapsed=6.9s @ 53.9 files/s
